2025-10-19 12:09:28,213 [Worker-1: Loading available Gradle versions] INFO  o.e.b.c.i.u.g.PublishedGradleVersions - Gradle version information cache is up-to-date. Trying to read.
2025-10-19 12:41:34,209 [Worker-11: Import Getting Started Content] INFO  o.e.m.c.i.l.LifecycleMappingFactory - Using org.eclipse.m2e.jdt.JarLifecycleMapping lifecycle mapping for MavenProject: com.example:Product_Api:0.0.1-SNAPSHOT @ E:\Full-stack\E_commerce\Product_Api\pom.xml.
2025-10-19 12:41:35,162 [Worker-11: Import Getting Started Content] INFO  o.e.m.j.i.AbstractJavaProjectConfigurator - Adding source folder /Product_Api/src/main/java
2025-10-19 12:41:35,163 [Worker-11: Import Getting Started Content] INFO  o.e.m.j.i.AbstractJavaProjectConfigurator - Adding resource folder /Product_Api/src/main/resources
2025-10-19 12:41:35,167 [Worker-11: Import Getting Started Content] INFO  o.e.m.j.i.AbstractJavaProjectConfigurator - Adding resource folder /Product_Api/src/main/resources
2025-10-19 12:41:35,170 [Worker-11: Import Getting Started Content] INFO  o.e.m.j.i.AbstractJavaProjectConfigurator - Adding source folder /Product_Api/src/test/java
2025-10-19 12:41:35,171 [Worker-11: Import Getting Started Content] INFO  o.e.m.j.i.AbstractJavaProjectConfigurator - Adding resource folder /Product_Api/src/test/resources
2025-10-19 12:41:35,662 [Worker-11: Import Getting Started Content] INFO  o.e.m.c.i.p.ProjectConfigurationManager - Imported and configured 1 project(s) in 3 sec
2025-10-19 12:41:35,664 [Worker-11: Import Getting Started Content] INFO  o.e.m.c.i.p.ProjectConfigurationManager - Update started
2025-10-19 12:41:36,067 [Worker-11: Import Getting Started Content] INFO  o.e.m.c.i.l.LifecycleMappingFactory - Using org.eclipse.m2e.jdt.JarLifecycleMapping lifecycle mapping for MavenProject: com.example:Product_Api:0.0.1-SNAPSHOT @ E:\Full-stack\E_commerce\Product_Api\pom.xml.
2025-10-19 12:41:36,742 [Worker-11: Import Getting Started Content] INFO  o.e.m.j.i.AbstractJavaProjectConfigurator - Adding source folder /Product_Api/src/main/java
2025-10-19 12:41:36,743 [Worker-11: Import Getting Started Content] INFO  o.e.m.j.i.AbstractJavaProjectConfigurator - Adding resource folder /Product_Api/src/main/resources
2025-10-19 12:41:36,743 [Worker-11: Import Getting Started Content] INFO  o.e.m.j.i.AbstractJavaProjectConfigurator - Adding resource folder /Product_Api/src/main/resources
2025-10-19 12:41:36,744 [Worker-11: Import Getting Started Content] INFO  o.e.m.j.i.AbstractJavaProjectConfigurator - Adding source folder /Product_Api/src/test/java
2025-10-19 12:41:36,744 [Worker-11: Import Getting Started Content] INFO  o.e.m.j.i.AbstractJavaProjectConfigurator - Adding resource folder /Product_Api/src/test/resources
2025-10-19 12:41:37,389 [Worker-11: Import Getting Started Content] INFO  o.e.m.c.i.p.ProjectConfigurationManager - Update completed for 1 poms: local refresh takes 0.00 sec, refresh facades takes 1.00 sec, update config takes 0.00 sec 
2025-10-19 12:41:38,786 [Worker-10: Building] INFO  o.a.m.s.f.DefaultMavenResourcesFiltering - Copying 1 resource from src\main\resources to target\classes
2025-10-19 12:41:38,804 [Worker-10: Building] INFO  o.a.m.s.f.DefaultMavenResourcesFiltering - Copying 0 resource from src\main\resources to target\classes
2025-10-19 12:41:38,811 [Worker-10: Building] INFO  o.a.m.s.f.DefaultMavenResourcesFiltering - skip non existing resourceDirectory E:\Full-stack\E_commerce\Product_Api\src\test\resources
2025-10-19 12:42:14,678 [Worker-11: Building] INFO  o.a.m.s.f.DefaultMavenResourcesFiltering - Copying 1 resource from src\main\resources to target\classes
2025-10-19 12:42:14,685 [Worker-11: Building] INFO  o.a.m.s.f.DefaultMavenResourcesFiltering - Copying 0 resource from src\main\resources to target\classes
2025-10-19 12:42:14,689 [Worker-11: Building] INFO  o.a.m.s.f.DefaultMavenResourcesFiltering - skip non existing resourceDirectory E:\Full-stack\E_commerce\Product_Api\src\test\resources
2025-10-19 12:43:02,435 [Worker-17: Building] INFO  o.a.m.s.f.DefaultMavenResourcesFiltering - Copying 1 resource from src\main\resources to target\classes
2025-10-19 12:43:02,443 [Worker-17: Building] INFO  o.a.m.s.f.DefaultMavenResourcesFiltering - Copying 0 resource from src\main\resources to target\classes
2025-10-19 12:43:02,447 [Worker-17: Building] INFO  o.a.m.s.f.DefaultMavenResourcesFiltering - skip non existing resourceDirectory E:\Full-stack\E_commerce\Product_Api\src\test\resources
2025-10-19 12:43:29,905 [Worker-11: Building] INFO  o.a.m.s.f.DefaultMavenResourcesFiltering - Copying 1 resource from src\main\resources to target\classes
2025-10-19 12:43:29,909 [Worker-11: Building] INFO  o.a.m.s.f.DefaultMavenResourcesFiltering - Copying 0 resource from src\main\resources to target\classes
2025-10-19 12:43:29,912 [Worker-11: Building] INFO  o.a.m.s.f.DefaultMavenResourcesFiltering - skip non existing resourceDirectory E:\Full-stack\E_commerce\Product_Api\src\test\resources
2025-10-19 13:08:47,765 [Worker-24: Building] INFO  o.a.m.s.f.DefaultMavenResourcesFiltering - Copying 1 resource from src\main\resources to target\classes
2025-10-19 13:08:47,770 [Worker-24: Building] INFO  o.a.m.s.f.DefaultMavenResourcesFiltering - Copying 0 resource from src\main\resources to target\classes
2025-10-19 13:08:47,773 [Worker-24: Building] INFO  o.a.m.s.f.DefaultMavenResourcesFiltering - skip non existing resourceDirectory E:\Full-stack\E_commerce\Product_Api\src\test\resources
2025-10-19 13:20:23,721 [Worker-18: Building] INFO  o.a.m.s.f.DefaultMavenResourcesFiltering - Copying 1 resource from src\main\resources to target\classes
2025-10-19 13:20:23,728 [Worker-18: Building] INFO  o.a.m.s.f.DefaultMavenResourcesFiltering - Copying 0 resource from src\main\resources to target\classes
2025-10-19 13:20:23,733 [Worker-18: Building] INFO  o.a.m.s.f.DefaultMavenResourcesFiltering - skip non existing resourceDirectory E:\Full-stack\E_commerce\Product_Api\src\test\resources
2025-10-19 14:11:39,387 [Worker-30: Building] INFO  o.a.m.s.f.DefaultMavenResourcesFiltering - Copying 1 resource from src\main\resources to target\classes
2025-10-19 14:11:39,392 [Worker-30: Building] INFO  o.a.m.s.f.DefaultMavenResourcesFiltering - Copying 0 resource from src\main\resources to target\classes
2025-10-19 14:11:39,395 [Worker-30: Building] INFO  o.a.m.s.f.DefaultMavenResourcesFiltering - skip non existing resourceDirectory E:\Full-stack\E_commerce\Product_Api\src\test\resources
2025-10-19 14:11:44,451 [Worker-30: Building] INFO  o.a.m.s.f.DefaultMavenResourcesFiltering - Copying 1 resource from src\main\resources to target\classes
2025-10-19 14:11:44,458 [Worker-30: Building] INFO  o.a.m.s.f.DefaultMavenResourcesFiltering - Copying 0 resource from src\main\resources to target\classes
2025-10-19 14:11:44,461 [Worker-30: Building] INFO  o.a.m.s.f.DefaultMavenResourcesFiltering - skip non existing resourceDirectory E:\Full-stack\E_commerce\Product_Api\src\test\resources
2025-10-21 11:29:52,285 [Worker-1: Loading available Gradle versions] INFO  o.e.b.c.i.u.g.PublishedGradleVersions - Gradle version information cache is out-of-date. Trying to update.
2025-10-21 12:23:29,267 [Worker-0: Building] INFO  o.a.m.s.f.DefaultMavenResourcesFiltering - Copying 1 resource from src\main\resources to target\classes
2025-10-21 12:23:29,291 [Worker-0: Building] INFO  o.a.m.s.f.DefaultMavenResourcesFiltering - Copying 0 resource from src\main\resources to target\classes
2025-10-21 12:23:29,294 [Worker-0: Building] INFO  o.a.m.s.f.DefaultMavenResourcesFiltering - skip non existing resourceDirectory E:\Full-stack\E_commerce\Product_Api\src\test\resources
2025-10-21 12:23:44,036 [Worker-12: Building] INFO  o.a.m.s.f.DefaultMavenResourcesFiltering - Copying 1 resource from src\main\resources to target\classes
2025-10-21 12:23:44,044 [Worker-12: Building] INFO  o.a.m.s.f.DefaultMavenResourcesFiltering - Copying 0 resource from src\main\resources to target\classes
2025-10-21 12:23:44,048 [Worker-12: Building] INFO  o.a.m.s.f.DefaultMavenResourcesFiltering - skip non existing resourceDirectory E:\Full-stack\E_commerce\Product_Api\src\test\resources
2025-10-21 12:25:55,895 [Worker-10: Building] INFO  o.a.m.s.f.DefaultMavenResourcesFiltering - Copying 1 resource from src\main\resources to target\classes
2025-10-21 12:25:55,901 [Worker-10: Building] INFO  o.a.m.s.f.DefaultMavenResourcesFiltering - Copying 0 resource from src\main\resources to target\classes
2025-10-21 12:25:55,903 [Worker-10: Building] INFO  o.a.m.s.f.DefaultMavenResourcesFiltering - skip non existing resourceDirectory E:\Full-stack\E_commerce\Product_Api\src\test\resources
2025-10-21 12:25:58,110 [Worker-13: Building] INFO  o.a.m.s.f.DefaultMavenResourcesFiltering - Copying 1 resource from src\main\resources to target\classes
2025-10-21 12:25:58,116 [Worker-13: Building] INFO  o.a.m.s.f.DefaultMavenResourcesFiltering - Copying 0 resource from src\main\resources to target\classes
2025-10-21 12:25:58,118 [Worker-13: Building] INFO  o.a.m.s.f.DefaultMavenResourcesFiltering - skip non existing resourceDirectory E:\Full-stack\E_commerce\Product_Api\src\test\resources
2025-10-21 12:28:36,740 [Worker-9: Building] INFO  o.a.m.s.f.DefaultMavenResourcesFiltering - Copying 1 resource from src\main\resources to target\classes
2025-10-21 12:28:36,747 [Worker-9: Building] INFO  o.a.m.s.f.DefaultMavenResourcesFiltering - Copying 0 resource from src\main\resources to target\classes
2025-10-21 12:28:36,749 [Worker-9: Building] INFO  o.a.m.s.f.DefaultMavenResourcesFiltering - skip non existing resourceDirectory E:\Full-stack\E_commerce\Product_Api\src\test\resources
2025-10-21 12:28:58,335 [Worker-9: Building] INFO  o.a.m.s.f.DefaultMavenResourcesFiltering - Copying 1 resource from src\main\resources to target\classes
2025-10-21 12:28:58,340 [Worker-9: Building] INFO  o.a.m.s.f.DefaultMavenResourcesFiltering - Copying 0 resource from src\main\resources to target\classes
2025-10-21 12:28:58,343 [Worker-9: Building] INFO  o.a.m.s.f.DefaultMavenResourcesFiltering - skip non existing resourceDirectory E:\Full-stack\E_commerce\Product_Api\src\test\resources
2025-10-21 14:47:49,586 [Worker-10: Building] INFO  o.a.m.s.f.DefaultMavenResourcesFiltering - Copying 1 resource from src\main\resources to target\classes
2025-10-21 14:47:49,597 [Worker-10: Building] INFO  o.a.m.s.f.DefaultMavenResourcesFiltering - Copying 0 resource from src\main\resources to target\classes
2025-10-21 14:47:49,602 [Worker-10: Building] INFO  o.a.m.s.f.DefaultMavenResourcesFiltering - skip non existing resourceDirectory E:\Full-stack\E_commerce\Product_Api\src\test\resources
2025-10-21 14:48:50,683 [Worker-10: Building] INFO  o.a.m.s.f.DefaultMavenResourcesFiltering - Copying 1 resource from src\main\resources to target\classes
2025-10-21 14:48:50,688 [Worker-10: Building] INFO  o.a.m.s.f.DefaultMavenResourcesFiltering - Copying 0 resource from src\main\resources to target\classes
2025-10-21 14:48:50,691 [Worker-10: Building] INFO  o.a.m.s.f.DefaultMavenResourcesFiltering - skip non existing resourceDirectory E:\Full-stack\E_commerce\Product_Api\src\test\resources
2025-10-21 14:49:12,092 [Worker-10: Building] INFO  o.a.m.s.f.DefaultMavenResourcesFiltering - Copying 1 resource from src\main\resources to target\classes
2025-10-21 14:49:12,099 [Worker-10: Building] INFO  o.a.m.s.f.DefaultMavenResourcesFiltering - Copying 0 resource from src\main\resources to target\classes
2025-10-21 14:49:12,102 [Worker-10: Building] INFO  o.a.m.s.f.DefaultMavenResourcesFiltering - skip non existing resourceDirectory E:\Full-stack\E_commerce\Product_Api\src\test\resources
2025-10-21 14:53:04,299 [Worker-17: Building] INFO  o.a.m.s.f.DefaultMavenResourcesFiltering - Copying 1 resource from src\main\resources to target\classes
2025-10-21 14:53:04,305 [Worker-17: Building] INFO  o.a.m.s.f.DefaultMavenResourcesFiltering - Copying 0 resource from src\main\resources to target\classes
2025-10-21 14:53:04,307 [Worker-17: Building] INFO  o.a.m.s.f.DefaultMavenResourcesFiltering - skip non existing resourceDirectory E:\Full-stack\E_commerce\Product_Api\src\test\resources
2025-10-21 15:14:03,326 [Worker-15: Building] INFO  o.a.m.s.f.DefaultMavenResourcesFiltering - Copying 1 resource from src\main\resources to target\classes
2025-10-21 15:14:03,334 [Worker-15: Building] INFO  o.a.m.s.f.DefaultMavenResourcesFiltering - Copying 0 resource from src\main\resources to target\classes
2025-10-21 15:14:03,336 [Worker-15: Building] INFO  o.a.m.s.f.DefaultMavenResourcesFiltering - skip non existing resourceDirectory E:\Full-stack\E_commerce\Product_Api\src\test\resources
2025-10-21 15:29:33,056 [Worker-29: Building] INFO  o.a.m.s.f.DefaultMavenResourcesFiltering - Copying 1 resource from src\main\resources to target\classes
2025-10-21 15:29:33,062 [Worker-29: Building] INFO  o.a.m.s.f.DefaultMavenResourcesFiltering - Copying 0 resource from src\main\resources to target\classes
2025-10-21 15:29:33,066 [Worker-29: Building] INFO  o.a.m.s.f.DefaultMavenResourcesFiltering - skip non existing resourceDirectory E:\Full-stack\E_commerce\Product_Api\src\test\resources
2025-10-21 15:29:57,896 [Worker-28: Building] INFO  o.a.m.s.f.DefaultMavenResourcesFiltering - Copying 1 resource from src\main\resources to target\classes
2025-10-21 15:29:57,901 [Worker-28: Building] INFO  o.a.m.s.f.DefaultMavenResourcesFiltering - Copying 0 resource from src\main\resources to target\classes
2025-10-21 15:29:57,903 [Worker-28: Building] INFO  o.a.m.s.f.DefaultMavenResourcesFiltering - skip non existing resourceDirectory E:\Full-stack\E_commerce\Product_Api\src\test\resources
2025-10-21 15:30:32,126 [Worker-28: Building] INFO  o.a.m.s.f.DefaultMavenResourcesFiltering - Copying 1 resource from src\main\resources to target\classes
2025-10-21 15:30:32,131 [Worker-28: Building] INFO  o.a.m.s.f.DefaultMavenResourcesFiltering - Copying 0 resource from src\main\resources to target\classes
2025-10-21 15:30:32,132 [Worker-28: Building] INFO  o.a.m.s.f.DefaultMavenResourcesFiltering - skip non existing resourceDirectory E:\Full-stack\E_commerce\Product_Api\src\test\resources
2025-10-21 15:33:20,173 [Worker-28: Building] INFO  o.a.m.s.f.DefaultMavenResourcesFiltering - Copying 1 resource from src\main\resources to target\classes
2025-10-21 15:33:20,178 [Worker-28: Building] INFO  o.a.m.s.f.DefaultMavenResourcesFiltering - Copying 0 resource from src\main\resources to target\classes
2025-10-21 15:33:20,180 [Worker-28: Building] INFO  o.a.m.s.f.DefaultMavenResourcesFiltering - skip non existing resourceDirectory E:\Full-stack\E_commerce\Product_Api\src\test\resources
2025-10-21 15:35:36,837 [Worker-29: Building] INFO  o.a.m.s.f.DefaultMavenResourcesFiltering - Copying 1 resource from src\main\resources to target\classes
2025-10-21 15:35:36,843 [Worker-29: Building] INFO  o.a.m.s.f.DefaultMavenResourcesFiltering - Copying 0 resource from src\main\resources to target\classes
2025-10-21 15:35:36,846 [Worker-29: Building] INFO  o.a.m.s.f.DefaultMavenResourcesFiltering - skip non existing resourceDirectory E:\Full-stack\E_commerce\Product_Api\src\test\resources
2025-10-21 15:35:51,960 [Worker-27: Building] INFO  o.a.m.s.f.DefaultMavenResourcesFiltering - Copying 1 resource from src\main\resources to target\classes
2025-10-21 15:35:51,969 [Worker-27: Building] INFO  o.a.m.s.f.DefaultMavenResourcesFiltering - Copying 0 resource from src\main\resources to target\classes
2025-10-21 15:35:51,972 [Worker-27: Building] INFO  o.a.m.s.f.DefaultMavenResourcesFiltering - skip non existing resourceDirectory E:\Full-stack\E_commerce\Product_Api\src\test\resources
2025-10-21 15:39:14,950 [Worker-26: Building] INFO  o.a.m.s.f.DefaultMavenResourcesFiltering - Copying 1 resource from src\main\resources to target\classes
2025-10-21 15:39:14,955 [Worker-26: Building] INFO  o.a.m.s.f.DefaultMavenResourcesFiltering - Copying 0 resource from src\main\resources to target\classes
2025-10-21 15:39:14,957 [Worker-26: Building] INFO  o.a.m.s.f.DefaultMavenResourcesFiltering - skip non existing resourceDirectory E:\Full-stack\E_commerce\Product_Api\src\test\resources
2025-10-21 15:52:39,415 [Worker-26: Building] INFO  o.a.m.s.f.DefaultMavenResourcesFiltering - Copying 1 resource from src\main\resources to target\classes
2025-10-21 15:52:39,424 [Worker-26: Building] INFO  o.a.m.s.f.DefaultMavenResourcesFiltering - Copying 0 resource from src\main\resources to target\classes
2025-10-21 15:52:39,428 [Worker-26: Building] INFO  o.a.m.s.f.DefaultMavenResourcesFiltering - skip non existing resourceDirectory E:\Full-stack\E_commerce\Product_Api\src\test\resources
2025-10-21 19:49:26,122 [Worker-40: Building] INFO  o.a.m.s.f.DefaultMavenResourcesFiltering - Copying 1 resource from src\main\resources to target\classes
2025-10-21 19:49:26,137 [Worker-40: Building] INFO  o.a.m.s.f.DefaultMavenResourcesFiltering - Copying 0 resource from src\main\resources to target\classes
2025-10-21 19:49:26,140 [Worker-40: Building] INFO  o.a.m.s.f.DefaultMavenResourcesFiltering - skip non existing resourceDirectory E:\Full-stack\E_commerce\Product_Api\src\test\resources
2025-10-24 11:49:32,419 [Worker-2: Loading available Gradle versions] INFO  o.e.b.c.i.u.g.PublishedGradleVersions - Gradle version information cache is out-of-date. Trying to update.
2025-10-27 11:32:33,877 [Worker-2: Loading available Gradle versions] INFO  o.e.b.c.i.u.g.PublishedGradleVersions - Gradle version information cache is up-to-date. Trying to read.
2025-10-27 12:13:32,408 [Worker-17: Building] INFO  o.a.m.s.f.DefaultMavenResourcesFiltering - Copying 1 resource from src\main\resources to target\classes
2025-10-27 12:13:32,432 [Worker-17: Building] INFO  o.a.m.s.f.DefaultMavenResourcesFiltering - Copying 0 resource from src\main\resources to target\classes
2025-10-27 12:13:32,437 [Worker-17: Building] INFO  o.a.m.s.f.DefaultMavenResourcesFiltering - skip non existing resourceDirectory E:\Full-stack\E_commerce\Product_Api\src\test\resources
2025-10-27 12:16:51,009 [Worker-23: Building] INFO  o.a.m.s.f.DefaultMavenResourcesFiltering - Copying 1 resource from src\main\resources to target\classes
2025-10-27 12:16:51,015 [Worker-23: Building] INFO  o.a.m.s.f.DefaultMavenResourcesFiltering - Copying 0 resource from src\main\resources to target\classes
2025-10-27 12:16:51,019 [Worker-23: Building] INFO  o.a.m.s.f.DefaultMavenResourcesFiltering - skip non existing resourceDirectory E:\Full-stack\E_commerce\Product_Api\src\test\resources
2025-10-27 12:28:57,543 [Worker-19: Building] INFO  o.e.m.c.i.l.LifecycleMappingFactory - Using org.eclipse.m2e.jdt.JarLifecycleMapping lifecycle mapping for MavenProject: com.example:Product_Api:0.0.1-SNAPSHOT @ E:\Full-stack\E_commerce\Product_Api\pom.xml.
2025-10-27 12:28:58,210 [Worker-19: Building] INFO  o.e.m.c.i.e.AbstractTransferListenerAdapter - Downloading https://repo.maven.apache.org/maven2/org/modelmapper/modelmapper/3.2.0/modelmapper-3.2.0.pom
2025-10-27 12:28:58,254 [Worker-19: Building] INFO  o.e.m.c.i.e.AbstractTransferListenerAdapter - Downloaded https://repo.maven.apache.org/maven2/org/modelmapper/modelmapper/3.2.0/modelmapper-3.2.0.pom
2025-10-27 12:28:58,577 [Worker-19: Building] INFO  o.e.m.c.i.e.AbstractTransferListenerAdapter - Downloading https://repo.maven.apache.org/maven2/org/modelmapper/modelmapper-parent/3.2.0/modelmapper-parent-3.2.0.pom
2025-10-27 12:28:58,604 [Worker-19: Building] INFO  o.e.m.c.i.e.AbstractTransferListenerAdapter - Downloaded https://repo.maven.apache.org/maven2/org/modelmapper/modelmapper-parent/3.2.0/modelmapper-parent-3.2.0.pom
2025-10-27 12:28:58,800 [Worker-19: Building] INFO  o.e.m.c.i.e.AbstractTransferListenerAdapter - Downloading https://repo.maven.apache.org/maven2/org/modelmapper/modelmapper/3.2.0/modelmapper-3.2.0.jar
2025-10-27 12:29:05,962 [Worker-19: Building] INFO  o.e.m.c.i.e.AbstractTransferListenerAdapter - Downloaded https://repo.maven.apache.org/maven2/org/modelmapper/modelmapper/3.2.0/modelmapper-3.2.0.jar
2025-10-27 12:29:06,231 [Worker-19: Building] INFO  o.a.m.s.f.DefaultMavenResourcesFiltering - Copying 0 resource from src\main\resources to target\classes
2025-10-27 12:29:06,231 [Worker-19: Building] INFO  o.a.m.s.f.DefaultMavenResourcesFiltering - Copying 0 resource from src\main\resources to target\classes
2025-10-27 12:29:06,236 [Worker-19: Building] INFO  o.a.m.s.f.DefaultMavenResourcesFiltering - skip non existing resourceDirectory E:\Full-stack\E_commerce\Product_Api\src\test\resources
2025-10-27 12:29:07,383 [Worker-23: Download sources and javadoc] INFO  o.e.m.c.i.e.AbstractTransferListenerAdapter - Downloading https://repo.maven.apache.org/maven2/org/modelmapper/modelmapper/3.2.0/modelmapper-3.2.0-sources.jar
2025-10-27 12:29:07,586 [Worker-28: Building] INFO  o.a.m.s.f.DefaultMavenResourcesFiltering - Copying 1 resource from src\main\resources to target\classes
2025-10-27 12:29:07,599 [Worker-28: Building] INFO  o.a.m.s.f.DefaultMavenResourcesFiltering - Copying 0 resource from src\main\resources to target\classes
2025-10-27 12:29:07,603 [Worker-28: Building] INFO  o.a.m.s.f.DefaultMavenResourcesFiltering - skip non existing resourceDirectory E:\Full-stack\E_commerce\Product_Api\src\test\resources
2025-10-27 12:29:07,603 [Worker-23: Download sources and javadoc] INFO  o.e.m.c.i.e.AbstractTransferListenerAdapter - Downloaded https://repo.maven.apache.org/maven2/org/modelmapper/modelmapper/3.2.0/modelmapper-3.2.0-sources.jar
2025-10-27 12:29:07,607 [Worker-23: Download sources and javadoc] INFO  o.e.m.j.internal.DownloadSourcesJob - Downloaded sources for org.modelmapper:modelmapper:3.2.0
2025-10-27 12:30:44,055 [Worker-31: Building] INFO  o.a.m.s.f.DefaultMavenResourcesFiltering - Copying 1 resource from src\main\resources to target\classes
2025-10-27 12:30:44,062 [Worker-31: Building] INFO  o.a.m.s.f.DefaultMavenResourcesFiltering - Copying 0 resource from src\main\resources to target\classes
2025-10-27 12:30:44,067 [Worker-31: Building] INFO  o.a.m.s.f.DefaultMavenResourcesFiltering - skip non existing resourceDirectory E:\Full-stack\E_commerce\Product_Api\src\test\resources
2025-10-27 12:39:04,043 [Worker-34: Building] INFO  o.a.m.s.f.DefaultMavenResourcesFiltering - Copying 1 resource from src\main\resources to target\classes
2025-10-27 12:39:04,049 [Worker-34: Building] INFO  o.a.m.s.f.DefaultMavenResourcesFiltering - Copying 0 resource from src\main\resources to target\classes
2025-10-27 12:39:04,050 [Worker-34: Building] INFO  o.a.m.s.f.DefaultMavenResourcesFiltering - skip non existing resourceDirectory E:\Full-stack\E_commerce\Product_Api\src\test\resources
2025-10-27 15:07:25,588 [Worker-43: Building] INFO  o.a.m.s.f.DefaultMavenResourcesFiltering - Copying 1 resource from src\main\resources to target\classes
2025-10-27 15:07:25,594 [Worker-43: Building] INFO  o.a.m.s.f.DefaultMavenResourcesFiltering - Copying 0 resource from src\main\resources to target\classes
2025-10-27 15:07:25,597 [Worker-43: Building] INFO  o.a.m.s.f.DefaultMavenResourcesFiltering - skip non existing resourceDirectory E:\Full-stack\E_commerce\Product_Api\src\test\resources
2025-10-27 15:09:05,045 [Worker-46: Building] INFO  o.a.m.s.f.DefaultMavenResourcesFiltering - Copying 1 resource from src\main\resources to target\classes
2025-10-27 15:09:05,051 [Worker-46: Building] INFO  o.a.m.s.f.DefaultMavenResourcesFiltering - Copying 0 resource from src\main\resources to target\classes
2025-10-27 15:09:05,054 [Worker-46: Building] INFO  o.a.m.s.f.DefaultMavenResourcesFiltering - skip non existing resourceDirectory E:\Full-stack\E_commerce\Product_Api\src\test\resources
2025-10-27 15:09:23,052 [Worker-46: Building] INFO  o.a.m.s.f.DefaultMavenResourcesFiltering - Copying 1 resource from src\main\resources to target\classes
2025-10-27 15:09:23,056 [Worker-46: Building] INFO  o.a.m.s.f.DefaultMavenResourcesFiltering - Copying 0 resource from src\main\resources to target\classes
2025-10-27 15:09:23,059 [Worker-46: Building] INFO  o.a.m.s.f.DefaultMavenResourcesFiltering - skip non existing resourceDirectory E:\Full-stack\E_commerce\Product_Api\src\test\resources
2025-10-27 15:09:29,242 [Worker-43: Building] INFO  o.a.m.s.f.DefaultMavenResourcesFiltering - Copying 1 resource from src\main\resources to target\classes
2025-10-27 15:09:29,248 [Worker-43: Building] INFO  o.a.m.s.f.DefaultMavenResourcesFiltering - Copying 0 resource from src\main\resources to target\classes
2025-10-27 15:09:29,250 [Worker-43: Building] INFO  o.a.m.s.f.DefaultMavenResourcesFiltering - skip non existing resourceDirectory E:\Full-stack\E_commerce\Product_Api\src\test\resources
2025-10-27 15:12:11,211 [Worker-50: Building] INFO  o.a.m.s.f.DefaultMavenResourcesFiltering - Copying 1 resource from src\main\resources to target\classes
2025-10-27 15:12:11,218 [Worker-50: Building] INFO  o.a.m.s.f.DefaultMavenResourcesFiltering - Copying 0 resource from src\main\resources to target\classes
2025-10-27 15:12:11,222 [Worker-50: Building] INFO  o.a.m.s.f.DefaultMavenResourcesFiltering - skip non existing resourceDirectory E:\Full-stack\E_commerce\Product_Api\src\test\resources
2025-10-27 15:13:30,742 [Worker-49: Building] INFO  o.a.m.s.f.DefaultMavenResourcesFiltering - Copying 1 resource from src\main\resources to target\classes
2025-10-27 15:13:30,746 [Worker-49: Building] INFO  o.a.m.s.f.DefaultMavenResourcesFiltering - Copying 0 resource from src\main\resources to target\classes
2025-10-27 15:13:30,749 [Worker-49: Building] INFO  o.a.m.s.f.DefaultMavenResourcesFiltering - skip non existing resourceDirectory E:\Full-stack\E_commerce\Product_Api\src\test\resources
2025-10-27 15:16:17,187 [Worker-39: Building] INFO  o.a.m.s.f.DefaultMavenResourcesFiltering - Copying 1 resource from src\main\resources to target\classes
2025-10-27 15:16:17,192 [Worker-39: Building] INFO  o.a.m.s.f.DefaultMavenResourcesFiltering - Copying 0 resource from src\main\resources to target\classes
2025-10-27 15:16:17,195 [Worker-39: Building] INFO  o.a.m.s.f.DefaultMavenResourcesFiltering - skip non existing resourceDirectory E:\Full-stack\E_commerce\Product_Api\src\test\resources
2025-10-27 15:16:43,625 [Worker-39: Building] INFO  o.a.m.s.f.DefaultMavenResourcesFiltering - Copying 1 resource from src\main\resources to target\classes
2025-10-27 15:16:43,630 [Worker-39: Building] INFO  o.a.m.s.f.DefaultMavenResourcesFiltering - Copying 0 resource from src\main\resources to target\classes
2025-10-27 15:16:43,633 [Worker-39: Building] INFO  o.a.m.s.f.DefaultMavenResourcesFiltering - skip non existing resourceDirectory E:\Full-stack\E_commerce\Product_Api\src\test\resources
2025-10-28 12:35:30,747 [Worker-10: Building] INFO  o.a.m.s.f.DefaultMavenResourcesFiltering - Copying 1 resource from src\main\resources to target\classes
2025-10-28 12:35:30,782 [Worker-10: Building] INFO  o.a.m.s.f.DefaultMavenResourcesFiltering - Copying 0 resource from src\main\resources to target\classes
2025-10-28 12:35:30,785 [Worker-10: Building] INFO  o.a.m.s.f.DefaultMavenResourcesFiltering - skip non existing resourceDirectory E:\Full-stack\E_commerce\Product_Api\src\test\resources
2025-10-28 12:36:34,136 [Worker-5: Building] INFO  o.a.m.s.f.DefaultMavenResourcesFiltering - Copying 1 resource from src\main\resources to target\classes
2025-10-28 12:36:34,143 [Worker-5: Building] INFO  o.a.m.s.f.DefaultMavenResourcesFiltering - Copying 0 resource from src\main\resources to target\classes
2025-10-28 12:36:34,145 [Worker-5: Building] INFO  o.a.m.s.f.DefaultMavenResourcesFiltering - skip non existing resourceDirectory E:\Full-stack\E_commerce\Product_Api\src\test\resources
2025-10-28 12:37:02,925 [Worker-5: Loading available Gradle versions] INFO  o.e.b.c.i.u.g.PublishedGradleVersions - Gradle version information cache is up-to-date. Trying to read.
2025-10-28 12:42:56,016 [Worker-17: Building] INFO  o.a.m.s.f.DefaultMavenResourcesFiltering - Copying 1 resource from src\main\resources to target\classes
2025-10-28 12:42:56,022 [Worker-17: Building] INFO  o.a.m.s.f.DefaultMavenResourcesFiltering - Copying 0 resource from src\main\resources to target\classes
2025-10-28 12:42:56,025 [Worker-17: Building] INFO  o.a.m.s.f.DefaultMavenResourcesFiltering - skip non existing resourceDirectory E:\Full-stack\E_commerce\Product_Api\src\test\resources
2025-10-28 12:43:09,392 [Worker-10: Building] INFO  o.a.m.s.f.DefaultMavenResourcesFiltering - Copying 1 resource from src\main\resources to target\classes
2025-10-28 12:43:09,399 [Worker-10: Building] INFO  o.a.m.s.f.DefaultMavenResourcesFiltering - Copying 0 resource from src\main\resources to target\classes
2025-10-28 12:43:09,403 [Worker-10: Building] INFO  o.a.m.s.f.DefaultMavenResourcesFiltering - skip non existing resourceDirectory E:\Full-stack\E_commerce\Product_Api\src\test\resources
2025-10-28 15:09:10,477 [Worker-15: Building] INFO  o.a.m.s.f.DefaultMavenResourcesFiltering - Copying 1 resource from src\main\resources to target\classes
2025-10-28 15:09:10,486 [Worker-15: Building] INFO  o.a.m.s.f.DefaultMavenResourcesFiltering - Copying 0 resource from src\main\resources to target\classes
2025-10-28 15:09:10,490 [Worker-15: Building] INFO  o.a.m.s.f.DefaultMavenResourcesFiltering - skip non existing resourceDirectory E:\Full-stack\E_commerce\Product_Api\src\test\resources
2025-10-28 15:14:12,949 [Worker-20: Building] INFO  o.a.m.s.f.DefaultMavenResourcesFiltering - Copying 1 resource from src\main\resources to target\classes
2025-10-28 15:14:12,953 [Worker-20: Building] INFO  o.a.m.s.f.DefaultMavenResourcesFiltering - Copying 0 resource from src\main\resources to target\classes
2025-10-28 15:14:12,956 [Worker-20: Building] INFO  o.a.m.s.f.DefaultMavenResourcesFiltering - skip non existing resourceDirectory E:\Full-stack\E_commerce\Product_Api\src\test\resources
2025-10-28 15:31:09,408 [Worker-29: Building] INFO  o.a.m.s.f.DefaultMavenResourcesFiltering - Copying 1 resource from src\main\resources to target\classes
2025-10-28 15:31:09,415 [Worker-29: Building] INFO  o.a.m.s.f.DefaultMavenResourcesFiltering - Copying 0 resource from src\main\resources to target\classes
2025-10-28 15:31:09,418 [Worker-29: Building] INFO  o.a.m.s.f.DefaultMavenResourcesFiltering - skip non existing resourceDirectory E:\Full-stack\E_commerce\Product_Api\src\test\resources
2025-10-28 15:31:26,788 [Worker-31: Building] INFO  o.a.m.s.f.DefaultMavenResourcesFiltering - Copying 1 resource from src\main\resources to target\classes
2025-10-28 15:31:26,792 [Worker-31: Building] INFO  o.a.m.s.f.DefaultMavenResourcesFiltering - Copying 0 resource from src\main\resources to target\classes
2025-10-28 15:31:26,795 [Worker-31: Building] INFO  o.a.m.s.f.DefaultMavenResourcesFiltering - skip non existing resourceDirectory E:\Full-stack\E_commerce\Product_Api\src\test\resources
2025-10-28 15:31:42,649 [Worker-30: Building] INFO  o.a.m.s.f.DefaultMavenResourcesFiltering - Copying 1 resource from src\main\resources to target\classes
2025-10-28 15:31:42,653 [Worker-30: Building] INFO  o.a.m.s.f.DefaultMavenResourcesFiltering - Copying 0 resource from src\main\resources to target\classes
2025-10-28 15:31:42,656 [Worker-30: Building] INFO  o.a.m.s.f.DefaultMavenResourcesFiltering - skip non existing resourceDirectory E:\Full-stack\E_commerce\Product_Api\src\test\resources
2025-10-28 15:49:08,597 [Worker-22: Building] INFO  o.a.m.s.f.DefaultMavenResourcesFiltering - Copying 1 resource from src\main\resources to target\classes
2025-10-28 15:49:08,604 [Worker-22: Building] INFO  o.a.m.s.f.DefaultMavenResourcesFiltering - Copying 0 resource from src\main\resources to target\classes
2025-10-28 15:49:08,608 [Worker-22: Building] INFO  o.a.m.s.f.DefaultMavenResourcesFiltering - skip non existing resourceDirectory E:\Full-stack\E_commerce\Product_Api\src\test\resources
2025-10-29 11:01:20,889 [Worker-2: Loading available Gradle versions] INFO  o.e.b.c.i.u.g.PublishedGradleVersions - Gradle version information cache is up-to-date. Trying to read.
2025-10-29 11:14:07,126 [Worker-14: Building] INFO  o.a.m.s.f.DefaultMavenResourcesFiltering - Copying 1 resource from src\main\resources to target\classes
2025-10-29 11:14:07,167 [Worker-14: Building] INFO  o.a.m.s.f.DefaultMavenResourcesFiltering - Copying 0 resource from src\main\resources to target\classes
2025-10-29 11:14:07,176 [Worker-14: Building] INFO  o.a.m.s.f.DefaultMavenResourcesFiltering - skip non existing resourceDirectory E:\Full-stack\E_commerce\Product_Api\src\test\resources
2025-10-29 12:11:22,343 [Worker-22: Building] INFO  o.a.m.s.f.DefaultMavenResourcesFiltering - Copying 1 resource from src\main\resources to target\classes
2025-10-29 12:11:22,352 [Worker-22: Building] INFO  o.a.m.s.f.DefaultMavenResourcesFiltering - Copying 0 resource from src\main\resources to target\classes
2025-10-29 12:11:22,355 [Worker-22: Building] INFO  o.a.m.s.f.DefaultMavenResourcesFiltering - skip non existing resourceDirectory E:\Full-stack\E_commerce\Product_Api\src\test\resources
2025-10-29 12:11:59,193 [Worker-20: Building] INFO  o.a.m.s.f.DefaultMavenResourcesFiltering - Copying 1 resource from src\main\resources to target\classes
2025-10-29 12:11:59,200 [Worker-20: Building] INFO  o.a.m.s.f.DefaultMavenResourcesFiltering - Copying 0 resource from src\main\resources to target\classes
2025-10-29 12:11:59,204 [Worker-20: Building] INFO  o.a.m.s.f.DefaultMavenResourcesFiltering - skip non existing resourceDirectory E:\Full-stack\E_commerce\Product_Api\src\test\resources
2025-10-29 12:12:35,796 [Worker-18: Building] INFO  o.a.m.s.f.DefaultMavenResourcesFiltering - Copying 1 resource from src\main\resources to target\classes
2025-10-29 12:12:35,802 [Worker-18: Building] INFO  o.a.m.s.f.DefaultMavenResourcesFiltering - Copying 0 resource from src\main\resources to target\classes
2025-10-29 12:12:35,805 [Worker-18: Building] INFO  o.a.m.s.f.DefaultMavenResourcesFiltering - skip non existing resourceDirectory E:\Full-stack\E_commerce\Product_Api\src\test\resources
2025-10-29 12:21:58,739 [Worker-27: Building] INFO  o.a.m.s.f.DefaultMavenResourcesFiltering - Copying 1 resource from src\main\resources to target\classes
2025-10-29 12:21:58,745 [Worker-27: Building] INFO  o.a.m.s.f.DefaultMavenResourcesFiltering - Copying 0 resource from src\main\resources to target\classes
2025-10-29 12:21:58,748 [Worker-27: Building] INFO  o.a.m.s.f.DefaultMavenResourcesFiltering - skip non existing resourceDirectory E:\Full-stack\E_commerce\Product_Api\src\test\resources
2025-10-29 12:36:49,780 [Worker-31: Building] INFO  o.a.m.s.f.DefaultMavenResourcesFiltering - Copying 1 resource from src\main\resources to target\classes
2025-10-29 12:36:49,786 [Worker-31: Building] INFO  o.a.m.s.f.DefaultMavenResourcesFiltering - Copying 0 resource from src\main\resources to target\classes
2025-10-29 12:36:49,791 [Worker-31: Building] INFO  o.a.m.s.f.DefaultMavenResourcesFiltering - skip non existing resourceDirectory E:\Full-stack\E_commerce\Product_Api\src\test\resources
2025-10-29 12:41:41,876 [Worker-32: Building] INFO  o.a.m.s.f.DefaultMavenResourcesFiltering - Copying 1 resource from src\main\resources to target\classes
2025-10-29 12:41:41,882 [Worker-32: Building] INFO  o.a.m.s.f.DefaultMavenResourcesFiltering - Copying 0 resource from src\main\resources to target\classes
2025-10-29 12:41:41,886 [Worker-32: Building] INFO  o.a.m.s.f.DefaultMavenResourcesFiltering - skip non existing resourceDirectory E:\Full-stack\E_commerce\Product_Api\src\test\resources
2025-10-29 12:42:03,178 [Worker-35: Building] INFO  o.a.m.s.f.DefaultMavenResourcesFiltering - Copying 1 resource from src\main\resources to target\classes
2025-10-29 12:42:03,184 [Worker-35: Building] INFO  o.a.m.s.f.DefaultMavenResourcesFiltering - Copying 0 resource from src\main\resources to target\classes
2025-10-29 12:42:03,188 [Worker-35: Building] INFO  o.a.m.s.f.DefaultMavenResourcesFiltering - skip non existing resourceDirectory E:\Full-stack\E_commerce\Product_Api\src\test\resources
2025-10-29 14:12:13,218 [Worker-2: Loading available Gradle versions] INFO  o.e.b.c.i.u.g.PublishedGradleVersions - Gradle version information cache is up-to-date. Trying to read.
2025-10-29 14:22:08,596 [Worker-19: Building] INFO  o.a.m.s.f.DefaultMavenResourcesFiltering - Copying 1 resource from src\main\resources to target\classes
2025-10-29 14:22:08,628 [Worker-19: Building] INFO  o.a.m.s.f.DefaultMavenResourcesFiltering - Copying 0 resource from src\main\resources to target\classes
2025-10-29 14:22:08,635 [Worker-19: Building] INFO  o.a.m.s.f.DefaultMavenResourcesFiltering - skip non existing resourceDirectory E:\Full-stack\E_commerce\Product_Api\src\test\resources
2025-10-29 14:26:59,261 [Worker-25: Building] INFO  o.a.m.s.f.DefaultMavenResourcesFiltering - Copying 1 resource from src\main\resources to target\classes
2025-10-29 14:26:59,268 [Worker-25: Building] INFO  o.a.m.s.f.DefaultMavenResourcesFiltering - Copying 0 resource from src\main\resources to target\classes
2025-10-29 14:26:59,271 [Worker-25: Building] INFO  o.a.m.s.f.DefaultMavenResourcesFiltering - skip non existing resourceDirectory E:\Full-stack\E_commerce\Product_Api\src\test\resources
2025-10-29 14:30:14,050 [Worker-31: Building] INFO  o.a.m.s.f.DefaultMavenResourcesFiltering - Copying 1 resource from src\main\resources to target\classes
2025-10-29 14:30:14,055 [Worker-31: Building] INFO  o.a.m.s.f.DefaultMavenResourcesFiltering - Copying 0 resource from src\main\resources to target\classes
2025-10-29 14:30:14,057 [Worker-31: Building] INFO  o.a.m.s.f.DefaultMavenResourcesFiltering - skip non existing resourceDirectory E:\Full-stack\E_commerce\Product_Api\src\test\resources
2025-10-29 14:30:43,894 [Worker-33: Building] INFO  o.a.m.s.f.DefaultMavenResourcesFiltering - Copying 1 resource from src\main\resources to target\classes
2025-10-29 14:30:43,900 [Worker-33: Building] INFO  o.a.m.s.f.DefaultMavenResourcesFiltering - Copying 0 resource from src\main\resources to target\classes
2025-10-29 14:30:43,902 [Worker-33: Building] INFO  o.a.m.s.f.DefaultMavenResourcesFiltering - skip non existing resourceDirectory E:\Full-stack\E_commerce\Product_Api\src\test\resources
2025-10-29 14:31:52,339 [Worker-29: Building] INFO  o.a.m.s.f.DefaultMavenResourcesFiltering - Copying 1 resource from src\main\resources to target\classes
2025-10-29 14:31:52,344 [Worker-29: Building] INFO  o.a.m.s.f.DefaultMavenResourcesFiltering - Copying 0 resource from src\main\resources to target\classes
2025-10-29 14:31:52,346 [Worker-29: Building] INFO  o.a.m.s.f.DefaultMavenResourcesFiltering - skip non existing resourceDirectory E:\Full-stack\E_commerce\Product_Api\src\test\resources
2025-10-29 15:43:49,459 [Worker-39: Building] INFO  o.a.m.s.f.DefaultMavenResourcesFiltering - Copying 1 resource from src\main\resources to target\classes
2025-10-29 15:43:49,465 [Worker-39: Building] INFO  o.a.m.s.f.DefaultMavenResourcesFiltering - Copying 0 resource from src\main\resources to target\classes
2025-10-29 15:43:49,468 [Worker-39: Building] INFO  o.a.m.s.f.DefaultMavenResourcesFiltering - skip non existing resourceDirectory E:\Full-stack\E_commerce\Product_Api\src\test\resources
2025-10-29 15:44:31,399 [Worker-38: Building] INFO  o.a.m.s.f.DefaultMavenResourcesFiltering - Copying 1 resource from src\main\resources to target\classes
2025-10-29 15:44:31,405 [Worker-38: Building] INFO  o.a.m.s.f.DefaultMavenResourcesFiltering - Copying 0 resource from src\main\resources to target\classes
2025-10-29 15:44:31,407 [Worker-38: Building] INFO  o.a.m.s.f.DefaultMavenResourcesFiltering - skip non existing resourceDirectory E:\Full-stack\E_commerce\Product_Api\src\test\resources
2025-10-29 15:46:14,549 [Worker-40: Building] INFO  o.a.m.s.f.DefaultMavenResourcesFiltering - Copying 1 resource from src\main\resources to target\classes
2025-10-29 15:46:14,554 [Worker-40: Building] INFO  o.a.m.s.f.DefaultMavenResourcesFiltering - Copying 0 resource from src\main\resources to target\classes
2025-10-29 15:46:14,557 [Worker-40: Building] INFO  o.a.m.s.f.DefaultMavenResourcesFiltering - skip non existing resourceDirectory E:\Full-stack\E_commerce\Product_Api\src\test\resources
2025-10-29 15:46:25,572 [Worker-40: Building] INFO  o.a.m.s.f.DefaultMavenResourcesFiltering - Copying 1 resource from src\main\resources to target\classes
2025-10-29 15:46:25,578 [Worker-40: Building] INFO  o.a.m.s.f.DefaultMavenResourcesFiltering - Copying 0 resource from src\main\resources to target\classes
2025-10-29 15:46:25,580 [Worker-40: Building] INFO  o.a.m.s.f.DefaultMavenResourcesFiltering - skip non existing resourceDirectory E:\Full-stack\E_commerce\Product_Api\src\test\resources
2025-10-29 15:46:55,701 [Worker-41: Building] INFO  o.a.m.s.f.DefaultMavenResourcesFiltering - Copying 1 resource from src\main\resources to target\classes
2025-10-29 15:46:55,706 [Worker-41: Building] INFO  o.a.m.s.f.DefaultMavenResourcesFiltering - Copying 0 resource from src\main\resources to target\classes
2025-10-29 15:46:55,709 [Worker-41: Building] INFO  o.a.m.s.f.DefaultMavenResourcesFiltering - skip non existing resourceDirectory E:\Full-stack\E_commerce\Product_Api\src\test\resources
2025-10-29 15:57:10,664 [Worker-41: Building] INFO  o.a.m.s.f.DefaultMavenResourcesFiltering - Copying 1 resource from src\main\resources to target\classes
2025-10-29 15:57:10,670 [Worker-41: Building] INFO  o.a.m.s.f.DefaultMavenResourcesFiltering - Copying 0 resource from src\main\resources to target\classes
2025-10-29 15:57:10,673 [Worker-41: Building] INFO  o.a.m.s.f.DefaultMavenResourcesFiltering - skip non existing resourceDirectory E:\Full-stack\E_commerce\Product_Api\src\test\resources
2025-10-29 16:02:30,415 [Worker-41: Building] INFO  o.a.m.s.f.DefaultMavenResourcesFiltering - Copying 1 resource from src\main\resources to target\classes
2025-10-29 16:02:30,422 [Worker-41: Building] INFO  o.a.m.s.f.DefaultMavenResourcesFiltering - Copying 0 resource from src\main\resources to target\classes
2025-10-29 16:02:30,425 [Worker-41: Building] INFO  o.a.m.s.f.DefaultMavenResourcesFiltering - skip non existing resourceDirectory E:\Full-stack\E_commerce\Product_Api\src\test\resources
2025-10-30 12:01:20,194 [Worker-2: Loading available Gradle versions] INFO  o.e.b.c.i.u.g.PublishedGradleVersions - Gradle version information cache is up-to-date. Trying to read.
2025-10-31 11:29:43,949 [Worker-10: Loading available Gradle versions] INFO  o.e.b.c.i.u.g.PublishedGradleVersions - Gradle version information cache is up-to-date. Trying to read.
2025-10-31 16:06:52,111 [Worker-20: Building] INFO  o.a.m.s.f.DefaultMavenResourcesFiltering - Copying 1 resource from src\main\resources to target\classes
2025-10-31 16:06:52,142 [Worker-20: Building] INFO  o.a.m.s.f.DefaultMavenResourcesFiltering - Copying 0 resource from src\main\resources to target\classes
2025-10-31 16:06:52,149 [Worker-20: Building] INFO  o.a.m.s.f.DefaultMavenResourcesFiltering - skip non existing resourceDirectory E:\Full-stack\E_commerce\Product_Api\src\test\resources
2025-11-03 11:34:40,057 [Worker-14: Building] INFO  o.a.m.s.f.DefaultMavenResourcesFiltering - Copying 1 resource from src\main\resources to target\classes
2025-11-03 11:34:40,077 [Worker-14: Building] INFO  o.a.m.s.f.DefaultMavenResourcesFiltering - Copying 0 resource from src\main\resources to target\classes
2025-11-03 11:34:40,081 [Worker-14: Building] INFO  o.a.m.s.f.DefaultMavenResourcesFiltering - skip non existing resourceDirectory E:\Full-stack\E_commerce\Product_Api\src\test\resources
2025-11-03 11:37:32,819 [Worker-12: Building] INFO  o.a.m.s.f.DefaultMavenResourcesFiltering - Copying 1 resource from src\main\resources to target\classes
2025-11-03 11:37:32,825 [Worker-12: Building] INFO  o.a.m.s.f.DefaultMavenResourcesFiltering - Copying 0 resource from src\main\resources to target\classes
2025-11-03 11:37:32,828 [Worker-12: Building] INFO  o.a.m.s.f.DefaultMavenResourcesFiltering - skip non existing resourceDirectory E:\Full-stack\E_commerce\Product_Api\src\test\resources
2025-11-03 11:39:06,916 [Worker-12: Loading available Gradle versions] INFO  o.e.b.c.i.u.g.PublishedGradleVersions - Gradle version information cache is up-to-date. Trying to read.
2025-11-03 11:43:44,318 [Worker-13: Building] INFO  o.a.m.s.f.DefaultMavenResourcesFiltering - Copying 1 resource from src\main\resources to target\classes
2025-11-03 11:43:44,325 [Worker-13: Building] INFO  o.a.m.s.f.DefaultMavenResourcesFiltering - Copying 0 resource from src\main\resources to target\classes
2025-11-03 11:43:44,329 [Worker-13: Building] INFO  o.a.m.s.f.DefaultMavenResourcesFiltering - skip non existing resourceDirectory E:\Full-stack\E_commerce\Product_Api\src\test\resources
2025-11-03 11:44:11,817 [Worker-7: Building] INFO  o.a.m.s.f.DefaultMavenResourcesFiltering - Copying 1 resource from src\main\resources to target\classes
2025-11-03 11:44:11,823 [Worker-7: Building] INFO  o.a.m.s.f.DefaultMavenResourcesFiltering - Copying 0 resource from src\main\resources to target\classes
2025-11-03 11:44:11,827 [Worker-7: Building] INFO  o.a.m.s.f.DefaultMavenResourcesFiltering - skip non existing resourceDirectory E:\Full-stack\E_commerce\Product_Api\src\test\resources
2025-11-03 11:47:30,563 [Worker-14: Building] INFO  o.a.m.s.f.DefaultMavenResourcesFiltering - Copying 1 resource from src\main\resources to target\classes
2025-11-03 11:47:30,568 [Worker-14: Building] INFO  o.a.m.s.f.DefaultMavenResourcesFiltering - Copying 0 resource from src\main\resources to target\classes
2025-11-03 11:47:30,572 [Worker-14: Building] INFO  o.a.m.s.f.DefaultMavenResourcesFiltering - skip non existing resourceDirectory E:\Full-stack\E_commerce\Product_Api\src\test\resources
2025-11-03 14:19:20,189 [Worker-19: Building] INFO  o.a.m.s.f.DefaultMavenResourcesFiltering - Copying 1 resource from src\main\resources to target\classes
2025-11-03 14:19:20,207 [Worker-19: Building] INFO  o.a.m.s.f.DefaultMavenResourcesFiltering - Copying 0 resource from src\main\resources to target\classes
2025-11-03 14:19:20,210 [Worker-19: Building] INFO  o.a.m.s.f.DefaultMavenResourcesFiltering - skip non existing resourceDirectory E:\Full-stack\E_commerce\Product_Api\src\test\resources
2025-11-03 14:24:15,169 [Worker-25: Building] INFO  o.a.m.s.f.DefaultMavenResourcesFiltering - Copying 1 resource from src\main\resources to target\classes
2025-11-03 14:24:15,175 [Worker-25: Building] INFO  o.a.m.s.f.DefaultMavenResourcesFiltering - Copying 0 resource from src\main\resources to target\classes
2025-11-03 14:24:15,177 [Worker-25: Building] INFO  o.a.m.s.f.DefaultMavenResourcesFiltering - skip non existing resourceDirectory E:\Full-stack\E_commerce\Product_Api\src\test\resources
2025-11-03 14:24:21,559 [Worker-23: Building] INFO  o.a.m.s.f.DefaultMavenResourcesFiltering - Copying 1 resource from src\main\resources to target\classes
2025-11-03 14:24:21,566 [Worker-23: Building] INFO  o.a.m.s.f.DefaultMavenResourcesFiltering - Copying 0 resource from src\main\resources to target\classes
2025-11-03 14:24:21,569 [Worker-23: Building] INFO  o.a.m.s.f.DefaultMavenResourcesFiltering - skip non existing resourceDirectory E:\Full-stack\E_commerce\Product_Api\src\test\resources
2025-11-03 14:24:27,896 [Worker-27: Building] INFO  o.a.m.s.f.DefaultMavenResourcesFiltering - Copying 1 resource from src\main\resources to target\classes
2025-11-03 14:24:27,901 [Worker-27: Building] INFO  o.a.m.s.f.DefaultMavenResourcesFiltering - Copying 0 resource from src\main\resources to target\classes
2025-11-03 14:24:27,903 [Worker-27: Building] INFO  o.a.m.s.f.DefaultMavenResourcesFiltering - skip non existing resourceDirectory E:\Full-stack\E_commerce\Product_Api\src\test\resources
2025-11-03 14:25:12,706 [Worker-24: Building] INFO  o.a.m.s.f.DefaultMavenResourcesFiltering - Copying 1 resource from src\main\resources to target\classes
2025-11-03 14:25:12,713 [Worker-24: Building] INFO  o.a.m.s.f.DefaultMavenResourcesFiltering - Copying 0 resource from src\main\resources to target\classes
2025-11-03 14:25:12,716 [Worker-24: Building] INFO  o.a.m.s.f.DefaultMavenResourcesFiltering - skip non existing resourceDirectory E:\Full-stack\E_commerce\Product_Api\src\test\resources
2025-11-03 14:26:03,107 [Worker-26: Building] INFO  o.a.m.s.f.DefaultMavenResourcesFiltering - Copying 1 resource from src\main\resources to target\classes
2025-11-03 14:26:03,113 [Worker-26: Building] INFO  o.a.m.s.f.DefaultMavenResourcesFiltering - Copying 0 resource from src\main\resources to target\classes
2025-11-03 14:26:03,116 [Worker-26: Building] INFO  o.a.m.s.f.DefaultMavenResourcesFiltering - skip non existing resourceDirectory E:\Full-stack\E_commerce\Product_Api\src\test\resources
2025-11-03 14:28:16,451 [Worker-26: Building] INFO  o.a.m.s.f.DefaultMavenResourcesFiltering - Copying 1 resource from src\main\resources to target\classes
2025-11-03 14:28:16,456 [Worker-26: Building] INFO  o.a.m.s.f.DefaultMavenResourcesFiltering - Copying 0 resource from src\main\resources to target\classes
2025-11-03 14:28:16,459 [Worker-26: Building] INFO  o.a.m.s.f.DefaultMavenResourcesFiltering - skip non existing resourceDirectory E:\Full-stack\E_commerce\Product_Api\src\test\resources
2025-11-03 14:35:56,237 [Worker-24: Launching Product_Api - ProductApiApplication] INFO  o.a.m.s.f.DefaultMavenResourcesFiltering - Copying 1 resource from src\main\resources to target\classes
2025-11-03 14:35:56,264 [Worker-24: Launching Product_Api - ProductApiApplication] INFO  o.a.m.s.f.DefaultMavenResourcesFiltering - Copying 0 resource from src\main\resources to target\classes
2025-11-03 14:35:56,267 [Worker-24: Launching Product_Api - ProductApiApplication] INFO  o.a.m.s.f.DefaultMavenResourcesFiltering - skip non existing resourceDirectory E:\Full-stack\E_commerce\Product_Api\src\test\resources
2025-11-03 14:40:10,521 [Worker-33: Launching Product_Api - ProductApiApplication] INFO  o.a.m.s.f.DefaultMavenResourcesFiltering - Copying 1 resource from src\main\resources to target\classes
2025-11-03 14:40:10,527 [Worker-33: Launching Product_Api - ProductApiApplication] INFO  o.a.m.s.f.DefaultMavenResourcesFiltering - Copying 0 resource from src\main\resources to target\classes
2025-11-03 14:40:10,531 [Worker-33: Launching Product_Api - ProductApiApplication] INFO  o.a.m.s.f.DefaultMavenResourcesFiltering - skip non existing resourceDirectory E:\Full-stack\E_commerce\Product_Api\src\test\resources
2025-11-03 14:42:08,473 [Worker-36: Building] INFO  o.a.m.s.f.DefaultMavenResourcesFiltering - Copying 1 resource from src\main\resources to target\classes
2025-11-03 14:42:08,478 [Worker-36: Building] INFO  o.a.m.s.f.DefaultMavenResourcesFiltering - Copying 0 resource from src\main\resources to target\classes
2025-11-03 14:42:08,480 [Worker-36: Building] INFO  o.a.m.s.f.DefaultMavenResourcesFiltering - skip non existing resourceDirectory E:\Full-stack\E_commerce\Product_Api\src\test\resources
2025-11-03 14:45:42,426 [Worker-42: Building] INFO  o.a.m.s.f.DefaultMavenResourcesFiltering - Copying 1 resource from src\main\resources to target\classes
2025-11-03 14:45:42,433 [Worker-42: Building] INFO  o.a.m.s.f.DefaultMavenResourcesFiltering - Copying 0 resource from src\main\resources to target\classes
2025-11-03 14:45:42,435 [Worker-42: Building] INFO  o.a.m.s.f.DefaultMavenResourcesFiltering - skip non existing resourceDirectory E:\Full-stack\E_commerce\Product_Api\src\test\resources
2025-11-03 14:46:17,460 [Worker-41: Building] INFO  o.a.m.s.f.DefaultMavenResourcesFiltering - Copying 1 resource from src\main\resources to target\classes
2025-11-03 14:46:17,465 [Worker-41: Building] INFO  o.a.m.s.f.DefaultMavenResourcesFiltering - Copying 0 resource from src\main\resources to target\classes
2025-11-03 14:46:17,468 [Worker-41: Building] INFO  o.a.m.s.f.DefaultMavenResourcesFiltering - skip non existing resourceDirectory E:\Full-stack\E_commerce\Product_Api\src\test\resources
2025-11-03 14:47:35,445 [Worker-44: Building] INFO  o.a.m.s.f.DefaultMavenResourcesFiltering - Copying 1 resource from src\main\resources to target\classes
2025-11-03 14:47:35,451 [Worker-44: Building] INFO  o.a.m.s.f.DefaultMavenResourcesFiltering - Copying 0 resource from src\main\resources to target\classes
2025-11-03 14:47:35,454 [Worker-44: Building] INFO  o.a.m.s.f.DefaultMavenResourcesFiltering - skip non existing resourceDirectory E:\Full-stack\E_commerce\Product_Api\src\test\resources
2025-11-03 14:49:00,780 [Worker-42: Building] INFO  o.a.m.s.f.DefaultMavenResourcesFiltering - Copying 1 resource from src\main\resources to target\classes
2025-11-03 14:49:00,786 [Worker-42: Building] INFO  o.a.m.s.f.DefaultMavenResourcesFiltering - Copying 0 resource from src\main\resources to target\classes
2025-11-03 14:49:00,788 [Worker-42: Building] INFO  o.a.m.s.f.DefaultMavenResourcesFiltering - skip non existing resourceDirectory E:\Full-stack\E_commerce\Product_Api\src\test\resources
2025-11-03 14:49:19,568 [Worker-41: Building] INFO  o.a.m.s.f.DefaultMavenResourcesFiltering - Copying 1 resource from src\main\resources to target\classes
2025-11-03 14:49:19,573 [Worker-41: Building] INFO  o.a.m.s.f.DefaultMavenResourcesFiltering - Copying 0 resource from src\main\resources to target\classes
2025-11-03 14:49:19,575 [Worker-41: Building] INFO  o.a.m.s.f.DefaultMavenResourcesFiltering - skip non existing resourceDirectory E:\Full-stack\E_commerce\Product_Api\src\test\resources
2025-11-03 15:25:59,686 [Worker-51: Building] INFO  o.a.m.s.f.DefaultMavenResourcesFiltering - Copying 1 resource from src\main\resources to target\classes
2025-11-03 15:25:59,695 [Worker-51: Building] INFO  o.a.m.s.f.DefaultMavenResourcesFiltering - Copying 0 resource from src\main\resources to target\classes
2025-11-03 15:25:59,698 [Worker-51: Building] INFO  o.a.m.s.f.DefaultMavenResourcesFiltering - skip non existing resourceDirectory E:\Full-stack\E_commerce\Product_Api\src\test\resources
2025-11-03 15:30:41,599 [Worker-50: Building] INFO  o.a.m.s.f.DefaultMavenResourcesFiltering - Copying 1 resource from src\main\resources to target\classes
2025-11-03 15:30:41,606 [Worker-50: Building] INFO  o.a.m.s.f.DefaultMavenResourcesFiltering - Copying 0 resource from src\main\resources to target\classes
2025-11-03 15:30:41,609 [Worker-50: Building] INFO  o.a.m.s.f.DefaultMavenResourcesFiltering - skip non existing resourceDirectory E:\Full-stack\E_commerce\Product_Api\src\test\resources
2025-11-03 15:32:09,751 [Worker-56: Building] INFO  o.a.m.s.f.DefaultMavenResourcesFiltering - Copying 1 resource from src\main\resources to target\classes
2025-11-03 15:32:09,756 [Worker-56: Building] INFO  o.a.m.s.f.DefaultMavenResourcesFiltering - Copying 0 resource from src\main\resources to target\classes
2025-11-03 15:32:09,759 [Worker-56: Building] INFO  o.a.m.s.f.DefaultMavenResourcesFiltering - skip non existing resourceDirectory E:\Full-stack\E_commerce\Product_Api\src\test\resources
2025-11-03 15:37:29,187 [Worker-59: Building] INFO  o.a.m.s.f.DefaultMavenResourcesFiltering - Copying 1 resource from src\main\resources to target\classes
2025-11-03 15:37:29,195 [Worker-59: Building] INFO  o.a.m.s.f.DefaultMavenResourcesFiltering - Copying 0 resource from src\main\resources to target\classes
2025-11-03 15:37:29,196 [Worker-59: Building] INFO  o.a.m.s.f.DefaultMavenResourcesFiltering - skip non existing resourceDirectory E:\Full-stack\E_commerce\Product_Api\src\test\resources
2025-11-03 15:37:39,187 [Worker-61: Building] INFO  o.a.m.s.f.DefaultMavenResourcesFiltering - Copying 1 resource from src\main\resources to target\classes
2025-11-03 15:37:39,193 [Worker-61: Building] INFO  o.a.m.s.f.DefaultMavenResourcesFiltering - Copying 0 resource from src\main\resources to target\classes
2025-11-03 15:37:39,196 [Worker-61: Building] INFO  o.a.m.s.f.DefaultMavenResourcesFiltering - skip non existing resourceDirectory E:\Full-stack\E_commerce\Product_Api\src\test\resources
2025-11-03 15:40:15,037 [Worker-52: Building] INFO  o.a.m.s.f.DefaultMavenResourcesFiltering - Copying 1 resource from src\main\resources to target\classes
2025-11-03 15:40:15,042 [Worker-52: Building] INFO  o.a.m.s.f.DefaultMavenResourcesFiltering - Copying 0 resource from src\main\resources to target\classes
2025-11-03 15:40:15,045 [Worker-52: Building] INFO  o.a.m.s.f.DefaultMavenResourcesFiltering - skip non existing resourceDirectory E:\Full-stack\E_commerce\Product_Api\src\test\resources
2025-11-03 15:40:37,692 [Worker-55: Building] INFO  o.a.m.s.f.DefaultMavenResourcesFiltering - Copying 1 resource from src\main\resources to target\classes
2025-11-03 15:40:37,698 [Worker-55: Building] INFO  o.a.m.s.f.DefaultMavenResourcesFiltering - Copying 0 resource from src\main\resources to target\classes
2025-11-03 15:40:37,700 [Worker-55: Building] INFO  o.a.m.s.f.DefaultMavenResourcesFiltering - skip non existing resourceDirectory E:\Full-stack\E_commerce\Product_Api\src\test\resources
2025-11-03 15:41:35,603 [Worker-64: Building] INFO  o.a.m.s.f.DefaultMavenResourcesFiltering - Copying 1 resource from src\main\resources to target\classes
2025-11-03 15:41:35,608 [Worker-64: Building] INFO  o.a.m.s.f.DefaultMavenResourcesFiltering - Copying 0 resource from src\main\resources to target\classes
2025-11-03 15:41:35,611 [Worker-64: Building] INFO  o.a.m.s.f.DefaultMavenResourcesFiltering - skip non existing resourceDirectory E:\Full-stack\E_commerce\Product_Api\src\test\resources
2025-11-03 15:43:46,887 [Worker-65: Building] INFO  o.a.m.s.f.DefaultMavenResourcesFiltering - Copying 1 resource from src\main\resources to target\classes
2025-11-03 15:43:46,893 [Worker-65: Building] INFO  o.a.m.s.f.DefaultMavenResourcesFiltering - Copying 0 resource from src\main\resources to target\classes
2025-11-03 15:43:46,895 [Worker-65: Building] INFO  o.a.m.s.f.DefaultMavenResourcesFiltering - skip non existing resourceDirectory E:\Full-stack\E_commerce\Product_Api\src\test\resources
2025-11-03 15:44:02,157 [Worker-52: Building] INFO  o.a.m.s.f.DefaultMavenResourcesFiltering - Copying 1 resource from src\main\resources to target\classes
2025-11-03 15:44:02,162 [Worker-52: Building] INFO  o.a.m.s.f.DefaultMavenResourcesFiltering - Copying 0 resource from src\main\resources to target\classes
2025-11-03 15:44:02,164 [Worker-52: Building] INFO  o.a.m.s.f.DefaultMavenResourcesFiltering - skip non existing resourceDirectory E:\Full-stack\E_commerce\Product_Api\src\test\resources
2025-11-04 11:08:10,014 [Worker-7: Loading available Gradle versions] INFO  o.e.b.c.i.u.g.PublishedGradleVersions - Gradle version information cache is up-to-date. Trying to read.
2025-11-04 11:11:39,267 [Worker-2: Building] INFO  o.a.m.s.f.DefaultMavenResourcesFiltering - Copying 1 resource from src\main\resources to target\classes
2025-11-04 11:11:39,285 [Worker-2: Building] INFO  o.a.m.s.f.DefaultMavenResourcesFiltering - Copying 0 resource from src\main\resources to target\classes
2025-11-04 11:11:39,288 [Worker-2: Building] INFO  o.a.m.s.f.DefaultMavenResourcesFiltering - skip non existing resourceDirectory E:\Full-stack\E_commerce\Product_Api\src\test\resources
2025-11-04 11:11:58,402 [Worker-13: Building] INFO  o.a.m.s.f.DefaultMavenResourcesFiltering - Copying 1 resource from src\main\resources to target\classes
2025-11-04 11:11:58,403 [Worker-13: Building] INFO  o.a.m.s.f.DefaultMavenResourcesFiltering - Copying 0 resource from src\main\resources to target\classes
2025-11-04 11:11:58,406 [Worker-13: Building] INFO  o.a.m.s.f.DefaultMavenResourcesFiltering - skip non existing resourceDirectory E:\Full-stack\E_commerce\Product_Api\src\test\resources
2025-11-04 11:12:09,883 [Worker-14: Building] INFO  o.a.m.s.f.DefaultMavenResourcesFiltering - Copying 1 resource from src\main\resources to target\classes
2025-11-04 11:12:09,890 [Worker-14: Building] INFO  o.a.m.s.f.DefaultMavenResourcesFiltering - Copying 0 resource from src\main\resources to target\classes
2025-11-04 11:12:09,895 [Worker-14: Building] INFO  o.a.m.s.f.DefaultMavenResourcesFiltering - skip non existing resourceDirectory E:\Full-stack\E_commerce\Product_Api\src\test\resources
2025-11-04 11:12:33,699 [Worker-2: Building] INFO  o.a.m.s.f.DefaultMavenResourcesFiltering - Copying 1 resource from src\main\resources to target\classes
2025-11-04 11:12:33,706 [Worker-2: Building] INFO  o.a.m.s.f.DefaultMavenResourcesFiltering - Copying 0 resource from src\main\resources to target\classes
2025-11-04 11:12:33,708 [Worker-2: Building] INFO  o.a.m.s.f.DefaultMavenResourcesFiltering - skip non existing resourceDirectory E:\Full-stack\E_commerce\Product_Api\src\test\resources
2025-11-04 11:12:42,436 [Worker-13: Building] INFO  o.a.m.s.f.DefaultMavenResourcesFiltering - Copying 1 resource from src\main\resources to target\classes
2025-11-04 11:12:42,441 [Worker-13: Building] INFO  o.a.m.s.f.DefaultMavenResourcesFiltering - Copying 0 resource from src\main\resources to target\classes
2025-11-04 11:12:42,444 [Worker-13: Building] INFO  o.a.m.s.f.DefaultMavenResourcesFiltering - skip non existing resourceDirectory E:\Full-stack\E_commerce\Product_Api\src\test\resources
2025-11-04 11:13:01,852 [Worker-13: Building] INFO  o.a.m.s.f.DefaultMavenResourcesFiltering - Copying 1 resource from src\main\resources to target\classes
2025-11-04 11:13:01,857 [Worker-13: Building] INFO  o.a.m.s.f.DefaultMavenResourcesFiltering - Copying 0 resource from src\main\resources to target\classes
2025-11-04 11:13:01,860 [Worker-13: Building] INFO  o.a.m.s.f.DefaultMavenResourcesFiltering - skip non existing resourceDirectory E:\Full-stack\E_commerce\Product_Api\src\test\resources
2025-11-04 11:13:29,409 [Worker-14: Building] INFO  o.a.m.s.f.DefaultMavenResourcesFiltering - Copying 1 resource from src\main\resources to target\classes
2025-11-04 11:13:29,415 [Worker-14: Building] INFO  o.a.m.s.f.DefaultMavenResourcesFiltering - Copying 0 resource from src\main\resources to target\classes
2025-11-04 11:13:29,417 [Worker-14: Building] INFO  o.a.m.s.f.DefaultMavenResourcesFiltering - skip non existing resourceDirectory E:\Full-stack\E_commerce\Product_Api\src\test\resources
2025-11-04 11:13:35,549 [Worker-0: Building] INFO  o.a.m.s.f.DefaultMavenResourcesFiltering - Copying 1 resource from src\main\resources to target\classes
2025-11-04 11:13:35,553 [Worker-0: Building] INFO  o.a.m.s.f.DefaultMavenResourcesFiltering - Copying 0 resource from src\main\resources to target\classes
2025-11-04 11:13:35,556 [Worker-0: Building] INFO  o.a.m.s.f.DefaultMavenResourcesFiltering - skip non existing resourceDirectory E:\Full-stack\E_commerce\Product_Api\src\test\resources
2025-11-04 11:13:43,214 [Worker-2: Building] INFO  o.a.m.s.f.DefaultMavenResourcesFiltering - Copying 1 resource from src\main\resources to target\classes
2025-11-04 11:13:43,221 [Worker-2: Building] INFO  o.a.m.s.f.DefaultMavenResourcesFiltering - Copying 0 resource from src\main\resources to target\classes
2025-11-04 11:13:43,223 [Worker-2: Building] INFO  o.a.m.s.f.DefaultMavenResourcesFiltering - skip non existing resourceDirectory E:\Full-stack\E_commerce\Product_Api\src\test\resources
2025-11-04 11:14:05,471 [Worker-12: Building] INFO  o.a.m.s.f.DefaultMavenResourcesFiltering - Copying 1 resource from src\main\resources to target\classes
2025-11-04 11:14:05,475 [Worker-12: Building] INFO  o.a.m.s.f.DefaultMavenResourcesFiltering - Copying 0 resource from src\main\resources to target\classes
2025-11-04 11:14:05,478 [Worker-12: Building] INFO  o.a.m.s.f.DefaultMavenResourcesFiltering - skip non existing resourceDirectory E:\Full-stack\E_commerce\Product_Api\src\test\resources
2025-11-04 11:20:26,042 [Worker-18: Building] INFO  o.a.m.s.f.DefaultMavenResourcesFiltering - Copying 1 resource from src\main\resources to target\classes
2025-11-04 11:20:26,049 [Worker-18: Building] INFO  o.a.m.s.f.DefaultMavenResourcesFiltering - Copying 0 resource from src\main\resources to target\classes
2025-11-04 11:20:26,051 [Worker-18: Building] INFO  o.a.m.s.f.DefaultMavenResourcesFiltering - skip non existing resourceDirectory E:\Full-stack\E_commerce\Product_Api\src\test\resources
2025-11-04 11:22:03,967 [Worker-16: Building] INFO  o.a.m.s.f.DefaultMavenResourcesFiltering - Copying 1 resource from src\main\resources to target\classes
2025-11-04 11:22:03,972 [Worker-16: Building] INFO  o.a.m.s.f.DefaultMavenResourcesFiltering - Copying 0 resource from src\main\resources to target\classes
2025-11-04 11:22:03,975 [Worker-16: Building] INFO  o.a.m.s.f.DefaultMavenResourcesFiltering - skip non existing resourceDirectory E:\Full-stack\E_commerce\Product_Api\src\test\resources
2025-11-04 11:22:35,622 [Worker-22: Building] INFO  o.a.m.s.f.DefaultMavenResourcesFiltering - Copying 1 resource from src\main\resources to target\classes
2025-11-04 11:22:35,629 [Worker-22: Building] INFO  o.a.m.s.f.DefaultMavenResourcesFiltering - Copying 0 resource from src\main\resources to target\classes
2025-11-04 11:22:35,631 [Worker-22: Building] INFO  o.a.m.s.f.DefaultMavenResourcesFiltering - skip non existing resourceDirectory E:\Full-stack\E_commerce\Product_Api\src\test\resources
2025-11-04 11:23:35,986 [Worker-22: Building] INFO  o.a.m.s.f.DefaultMavenResourcesFiltering - Copying 1 resource from src\main\resources to target\classes
2025-11-04 11:23:35,990 [Worker-22: Building] INFO  o.a.m.s.f.DefaultMavenResourcesFiltering - Copying 0 resource from src\main\resources to target\classes
2025-11-04 11:23:35,993 [Worker-22: Building] INFO  o.a.m.s.f.DefaultMavenResourcesFiltering - skip non existing resourceDirectory E:\Full-stack\E_commerce\Product_Api\src\test\resources
2025-11-04 11:30:34,894 [Worker-26: Building] INFO  o.a.m.s.f.DefaultMavenResourcesFiltering - Copying 1 resource from src\main\resources to target\classes
2025-11-04 11:30:34,901 [Worker-26: Building] INFO  o.a.m.s.f.DefaultMavenResourcesFiltering - Copying 0 resource from src\main\resources to target\classes
2025-11-04 11:30:34,904 [Worker-26: Building] INFO  o.a.m.s.f.DefaultMavenResourcesFiltering - skip non existing resourceDirectory E:\Full-stack\E_commerce\Product_Api\src\test\resources
2025-11-04 12:14:58,980 [Worker-28: Import Getting Started Content] INFO  o.e.m.c.i.l.LifecycleMappingFactory - Using org.eclipse.m2e.jdt.JarLifecycleMapping lifecycle mapping for MavenProject: com.example:Customer_Api:0.0.1-SNAPSHOT @ E:\Full-stack\E_commerce\Customer_Api\pom.xml.
2025-11-04 12:15:00,813 [Worker-28: Import Getting Started Content] INFO  o.e.m.c.i.e.AbstractTransferListenerAdapter - Downloading https://repo.maven.apache.org/maven2/org/springframework/boot/spring-boot-devtools/3.5.7/spring-boot-devtools-3.5.7.pom
2025-11-04 12:15:00,847 [Worker-28: Import Getting Started Content] INFO  o.e.m.c.i.e.AbstractTransferListenerAdapter - Downloaded https://repo.maven.apache.org/maven2/org/springframework/boot/spring-boot-devtools/3.5.7/spring-boot-devtools-3.5.7.pom
2025-11-04 12:15:01,370 [Worker-28: Import Getting Started Content] INFO  o.e.m.c.i.e.AbstractTransferListenerAdapter - Downloading https://repo.maven.apache.org/maven2/org/springframework/boot/spring-boot-devtools/3.5.7/spring-boot-devtools-3.5.7.jar
2025-11-04 12:15:01,450 [Worker-28: Import Getting Started Content] INFO  o.e.m.c.i.e.AbstractTransferListenerAdapter - Downloaded https://repo.maven.apache.org/maven2/org/springframework/boot/spring-boot-devtools/3.5.7/spring-boot-devtools-3.5.7.jar
2025-11-04 12:15:02,814 [Worker-28: Import Getting Started Content] INFO  o.e.m.j.i.AbstractJavaProjectConfigurator - Adding source folder /Customer_Api/src/main/java
2025-11-04 12:15:02,816 [Worker-28: Import Getting Started Content] INFO  o.e.m.j.i.AbstractJavaProjectConfigurator - Adding resource folder /Customer_Api/src/main/resources
2025-11-04 12:15:02,823 [Worker-28: Import Getting Started Content] INFO  o.e.m.j.i.AbstractJavaProjectConfigurator - Adding resource folder /Customer_Api/src/main/resources
2025-11-04 12:15:02,833 [Worker-28: Import Getting Started Content] INFO  o.e.m.j.i.AbstractJavaProjectConfigurator - Adding source folder /Customer_Api/src/test/java
2025-11-04 12:15:02,834 [Worker-28: Import Getting Started Content] INFO  o.e.m.j.i.AbstractJavaProjectConfigurator - Adding resource folder /Customer_Api/src/test/resources
2025-11-04 12:15:03,784 [Worker-31: Download sources and javadoc] INFO  o.e.m.c.i.e.AbstractTransferListenerAdapter - Downloading https://repo.maven.apache.org/maven2/org/springframework/boot/spring-boot-devtools/3.5.7/spring-boot-devtools-3.5.7-sources.jar
2025-11-04 12:15:03,869 [Worker-31: Download sources and javadoc] INFO  o.e.m.c.i.e.AbstractTransferListenerAdapter - Downloaded https://repo.maven.apache.org/maven2/org/springframework/boot/spring-boot-devtools/3.5.7/spring-boot-devtools-3.5.7-sources.jar
2025-11-04 12:15:03,874 [Worker-31: Download sources and javadoc] INFO  o.e.m.j.internal.DownloadSourcesJob - Downloaded sources for org.springframework.boot:spring-boot-devtools:3.5.7
2025-11-04 12:15:06,268 [Worker-28: Import Getting Started Content] INFO  o.e.m.c.i.p.ProjectConfigurationManager - Imported and configured 1 project(s) in 10 sec
2025-11-04 12:15:06,269 [Worker-28: Import Getting Started Content] INFO  o.e.m.c.i.p.ProjectConfigurationManager - Update started
2025-11-04 12:15:06,508 [Worker-28: Import Getting Started Content] INFO  o.e.m.c.i.l.LifecycleMappingFactory - Using org.eclipse.m2e.jdt.JarLifecycleMapping lifecycle mapping for MavenProject: com.example:Customer_Api:0.0.1-SNAPSHOT @ E:\Full-stack\E_commerce\Customer_Api\pom.xml.
2025-11-04 12:15:07,052 [Worker-28: Import Getting Started Content] INFO  o.e.m.j.i.AbstractJavaProjectConfigurator - Adding source folder /Customer_Api/src/main/java
2025-11-04 12:15:07,053 [Worker-28: Import Getting Started Content] INFO  o.e.m.j.i.AbstractJavaProjectConfigurator - Adding resource folder /Customer_Api/src/main/resources
2025-11-04 12:15:07,053 [Worker-28: Import Getting Started Content] INFO  o.e.m.j.i.AbstractJavaProjectConfigurator - Adding resource folder /Customer_Api/src/main/resources
2025-11-04 12:15:07,054 [Worker-28: Import Getting Started Content] INFO  o.e.m.j.i.AbstractJavaProjectConfigurator - Adding source folder /Customer_Api/src/test/java
2025-11-04 12:15:07,054 [Worker-28: Import Getting Started Content] INFO  o.e.m.j.i.AbstractJavaProjectConfigurator - Adding resource folder /Customer_Api/src/test/resources
2025-11-04 12:15:07,465 [Worker-28: Import Getting Started Content] INFO  o.e.m.c.i.p.ProjectConfigurationManager - Update completed for 1 poms: local refresh takes 0.00 sec, refresh facades takes 0.00 sec, update config takes 0.00 sec 
2025-11-04 12:15:08,060 [Worker-29: Building] INFO  o.a.m.s.f.DefaultMavenResourcesFiltering - Copying 1 resource from src\main\resources to target\classes
2025-11-04 12:15:08,073 [Worker-29: Building] INFO  o.a.m.s.f.DefaultMavenResourcesFiltering - Copying 0 resource from src\main\resources to target\classes
2025-11-04 12:15:08,077 [Worker-29: Building] INFO  o.a.m.s.f.DefaultMavenResourcesFiltering - skip non existing resourceDirectory E:\Full-stack\E_commerce\Customer_Api\src\test\resources
2025-11-04 12:20:48,645 [Worker-36: Building] INFO  o.a.m.s.f.DefaultMavenResourcesFiltering - Copying 1 resource from src\main\resources to target\classes
2025-11-04 12:20:48,654 [Worker-36: Building] INFO  o.a.m.s.f.DefaultMavenResourcesFiltering - Copying 0 resource from src\main\resources to target\classes
2025-11-04 12:20:48,658 [Worker-36: Building] INFO  o.a.m.s.f.DefaultMavenResourcesFiltering - skip non existing resourceDirectory E:\Full-stack\E_commerce\Customer_Api\src\test\resources
2025-11-04 12:30:57,653 [Worker-12: Building] INFO  o.a.m.s.f.DefaultMavenResourcesFiltering - Copying 1 resource from src\main\resources to target\classes
2025-11-04 12:30:57,660 [Worker-12: Building] INFO  o.a.m.s.f.DefaultMavenResourcesFiltering - Copying 0 resource from src\main\resources to target\classes
2025-11-04 12:30:57,663 [Worker-12: Building] INFO  o.a.m.s.f.DefaultMavenResourcesFiltering - skip non existing resourceDirectory E:\Full-stack\E_commerce\Customer_Api\src\test\resources
2025-11-04 12:33:11,709 [Worker-38: Building] INFO  o.a.m.s.f.DefaultMavenResourcesFiltering - Copying 1 resource from src\main\resources to target\classes
2025-11-04 12:33:11,715 [Worker-38: Building] INFO  o.a.m.s.f.DefaultMavenResourcesFiltering - Copying 0 resource from src\main\resources to target\classes
2025-11-04 12:33:11,717 [Worker-38: Building] INFO  o.a.m.s.f.DefaultMavenResourcesFiltering - skip non existing resourceDirectory E:\Full-stack\E_commerce\Customer_Api\src\test\resources
2025-11-04 12:34:42,082 [Worker-38: Building] INFO  o.a.m.s.f.DefaultMavenResourcesFiltering - Copying 1 resource from src\main\resources to target\classes
2025-11-04 12:34:42,088 [Worker-38: Building] INFO  o.a.m.s.f.DefaultMavenResourcesFiltering - Copying 0 resource from src\main\resources to target\classes
2025-11-04 12:34:42,091 [Worker-38: Building] INFO  o.a.m.s.f.DefaultMavenResourcesFiltering - skip non existing resourceDirectory E:\Full-stack\E_commerce\Customer_Api\src\test\resources
2025-11-04 12:38:03,805 [Worker-12: Building] INFO  o.a.m.s.f.DefaultMavenResourcesFiltering - Copying 1 resource from src\main\resources to target\classes
2025-11-04 12:38:03,818 [Worker-12: Building] INFO  o.a.m.s.f.DefaultMavenResourcesFiltering - Copying 0 resource from src\main\resources to target\classes
2025-11-04 12:38:03,821 [Worker-12: Building] INFO  o.a.m.s.f.DefaultMavenResourcesFiltering - skip non existing resourceDirectory E:\Full-stack\E_commerce\Customer_Api\src\test\resources
2025-11-04 12:38:29,253 [Worker-12: Building] INFO  o.a.m.s.f.DefaultMavenResourcesFiltering - Copying 1 resource from src\main\resources to target\classes
2025-11-04 12:38:29,259 [Worker-12: Building] INFO  o.a.m.s.f.DefaultMavenResourcesFiltering - Copying 0 resource from src\main\resources to target\classes
2025-11-04 12:38:29,262 [Worker-12: Building] INFO  o.a.m.s.f.DefaultMavenResourcesFiltering - skip non existing resourceDirectory E:\Full-stack\E_commerce\Customer_Api\src\test\resources
2025-11-04 12:39:41,558 [Worker-44: Building] INFO  o.a.m.s.f.DefaultMavenResourcesFiltering - Copying 1 resource from src\main\resources to target\classes
2025-11-04 12:39:41,566 [Worker-44: Building] INFO  o.a.m.s.f.DefaultMavenResourcesFiltering - Copying 0 resource from src\main\resources to target\classes
2025-11-04 12:39:41,569 [Worker-44: Building] INFO  o.a.m.s.f.DefaultMavenResourcesFiltering - skip non existing resourceDirectory E:\Full-stack\E_commerce\Customer_Api\src\test\resources
2025-11-04 12:42:21,314 [Worker-44: Building] INFO  o.a.m.s.f.DefaultMavenResourcesFiltering - Copying 1 resource from src\main\resources to target\classes
2025-11-04 12:42:21,320 [Worker-44: Building] INFO  o.a.m.s.f.DefaultMavenResourcesFiltering - Copying 0 resource from src\main\resources to target\classes
2025-11-04 12:42:21,322 [Worker-44: Building] INFO  o.a.m.s.f.DefaultMavenResourcesFiltering - skip non existing resourceDirectory E:\Full-stack\E_commerce\Customer_Api\src\test\resources
2025-11-04 12:50:21,924 [Worker-50: Building] INFO  o.a.m.s.f.DefaultMavenResourcesFiltering - Copying 1 resource from src\main\resources to target\classes
2025-11-04 12:50:21,930 [Worker-50: Building] INFO  o.a.m.s.f.DefaultMavenResourcesFiltering - Copying 0 resource from src\main\resources to target\classes
2025-11-04 12:50:21,932 [Worker-50: Building] INFO  o.a.m.s.f.DefaultMavenResourcesFiltering - skip non existing resourceDirectory E:\Full-stack\E_commerce\Customer_Api\src\test\resources
2025-11-04 12:52:47,513 [Worker-47: Building] INFO  o.a.m.s.f.DefaultMavenResourcesFiltering - Copying 1 resource from src\main\resources to target\classes
2025-11-04 12:52:47,518 [Worker-47: Building] INFO  o.a.m.s.f.DefaultMavenResourcesFiltering - Copying 0 resource from src\main\resources to target\classes
2025-11-04 12:52:47,520 [Worker-47: Building] INFO  o.a.m.s.f.DefaultMavenResourcesFiltering - skip non existing resourceDirectory E:\Full-stack\E_commerce\Customer_Api\src\test\resources
2025-11-04 14:52:06,574 [Worker-54: Building] INFO  o.a.m.s.f.DefaultMavenResourcesFiltering - Copying 1 resource from src\main\resources to target\classes
2025-11-04 14:52:06,589 [Worker-54: Building] INFO  o.a.m.s.f.DefaultMavenResourcesFiltering - Copying 0 resource from src\main\resources to target\classes
2025-11-04 14:52:06,592 [Worker-54: Building] INFO  o.a.m.s.f.DefaultMavenResourcesFiltering - skip non existing resourceDirectory E:\Full-stack\E_commerce\Customer_Api\src\test\resources
2025-11-04 14:54:26,207 [Worker-56: Building] INFO  o.a.m.s.f.DefaultMavenResourcesFiltering - Copying 1 resource from src\main\resources to target\classes
2025-11-04 14:54:26,215 [Worker-56: Building] INFO  o.a.m.s.f.DefaultMavenResourcesFiltering - Copying 0 resource from src\main\resources to target\classes
2025-11-04 14:54:26,217 [Worker-56: Building] INFO  o.a.m.s.f.DefaultMavenResourcesFiltering - skip non existing resourceDirectory E:\Full-stack\E_commerce\Customer_Api\src\test\resources
2025-11-04 14:55:39,291 [Worker-55: Building] INFO  o.a.m.s.f.DefaultMavenResourcesFiltering - Copying 1 resource from src\main\resources to target\classes
2025-11-04 14:55:39,297 [Worker-55: Building] INFO  o.a.m.s.f.DefaultMavenResourcesFiltering - Copying 0 resource from src\main\resources to target\classes
2025-11-04 14:55:39,299 [Worker-55: Building] INFO  o.a.m.s.f.DefaultMavenResourcesFiltering - skip non existing resourceDirectory E:\Full-stack\E_commerce\Customer_Api\src\test\resources
2025-11-04 14:56:36,311 [Worker-55: Building] INFO  o.a.m.s.f.DefaultMavenResourcesFiltering - Copying 1 resource from src\main\resources to target\classes
2025-11-04 14:56:36,321 [Worker-55: Building] INFO  o.a.m.s.f.DefaultMavenResourcesFiltering - Copying 0 resource from src\main\resources to target\classes
2025-11-04 14:56:36,323 [Worker-55: Building] INFO  o.a.m.s.f.DefaultMavenResourcesFiltering - skip non existing resourceDirectory E:\Full-stack\E_commerce\Customer_Api\src\test\resources
2025-11-04 14:56:41,055 [Worker-59: Building] INFO  o.a.m.s.f.DefaultMavenResourcesFiltering - Copying 1 resource from src\main\resources to target\classes
2025-11-04 14:56:41,063 [Worker-59: Building] INFO  o.a.m.s.f.DefaultMavenResourcesFiltering - Copying 0 resource from src\main\resources to target\classes
2025-11-04 14:56:41,066 [Worker-59: Building] INFO  o.a.m.s.f.DefaultMavenResourcesFiltering - skip non existing resourceDirectory E:\Full-stack\E_commerce\Customer_Api\src\test\resources
2025-11-04 14:56:57,794 [Worker-57: Building] INFO  o.a.m.s.f.DefaultMavenResourcesFiltering - Copying 1 resource from src\main\resources to target\classes
2025-11-04 14:56:57,799 [Worker-57: Building] INFO  o.a.m.s.f.DefaultMavenResourcesFiltering - Copying 0 resource from src\main\resources to target\classes
2025-11-04 14:56:57,801 [Worker-57: Building] INFO  o.a.m.s.f.DefaultMavenResourcesFiltering - skip non existing resourceDirectory E:\Full-stack\E_commerce\Customer_Api\src\test\resources
2025-11-04 14:57:31,170 [Worker-55: Building] INFO  o.a.m.s.f.DefaultMavenResourcesFiltering - Copying 1 resource from src\main\resources to target\classes
2025-11-04 14:57:31,174 [Worker-55: Building] INFO  o.a.m.s.f.DefaultMavenResourcesFiltering - Copying 0 resource from src\main\resources to target\classes
2025-11-04 14:57:31,176 [Worker-55: Building] INFO  o.a.m.s.f.DefaultMavenResourcesFiltering - skip non existing resourceDirectory E:\Full-stack\E_commerce\Customer_Api\src\test\resources
2025-11-04 14:58:14,590 [Worker-49: Building] INFO  o.a.m.s.f.DefaultMavenResourcesFiltering - Copying 1 resource from src\main\resources to target\classes
2025-11-04 14:58:14,596 [Worker-49: Building] INFO  o.a.m.s.f.DefaultMavenResourcesFiltering - Copying 0 resource from src\main\resources to target\classes
2025-11-04 14:58:14,598 [Worker-49: Building] INFO  o.a.m.s.f.DefaultMavenResourcesFiltering - skip non existing resourceDirectory E:\Full-stack\E_commerce\Customer_Api\src\test\resources
2025-11-04 14:58:34,808 [Worker-59: Building] INFO  o.a.m.s.f.DefaultMavenResourcesFiltering - Copying 1 resource from src\main\resources to target\classes
2025-11-04 14:58:34,813 [Worker-59: Building] INFO  o.a.m.s.f.DefaultMavenResourcesFiltering - Copying 0 resource from src\main\resources to target\classes
2025-11-04 14:58:34,816 [Worker-59: Building] INFO  o.a.m.s.f.DefaultMavenResourcesFiltering - skip non existing resourceDirectory E:\Full-stack\E_commerce\Customer_Api\src\test\resources
2025-11-04 14:58:48,252 [Worker-57: Building] INFO  o.a.m.s.f.DefaultMavenResourcesFiltering - Copying 1 resource from src\main\resources to target\classes
2025-11-04 14:58:48,258 [Worker-57: Building] INFO  o.a.m.s.f.DefaultMavenResourcesFiltering - Copying 0 resource from src\main\resources to target\classes
2025-11-04 14:58:48,261 [Worker-57: Building] INFO  o.a.m.s.f.DefaultMavenResourcesFiltering - skip non existing resourceDirectory E:\Full-stack\E_commerce\Customer_Api\src\test\resources
2025-11-04 14:58:53,444 [Worker-59: Building] INFO  o.a.m.s.f.DefaultMavenResourcesFiltering - Copying 1 resource from src\main\resources to target\classes
2025-11-04 14:58:53,456 [Worker-59: Building] INFO  o.a.m.s.f.DefaultMavenResourcesFiltering - Copying 0 resource from src\main\resources to target\classes
2025-11-04 14:58:53,459 [Worker-59: Building] INFO  o.a.m.s.f.DefaultMavenResourcesFiltering - skip non existing resourceDirectory E:\Full-stack\E_commerce\Customer_Api\src\test\resources
2025-11-04 15:15:30,528 [Worker-64: Building] INFO  o.a.m.s.f.DefaultMavenResourcesFiltering - Copying 1 resource from src\main\resources to target\classes
2025-11-04 15:15:30,535 [Worker-64: Building] INFO  o.a.m.s.f.DefaultMavenResourcesFiltering - Copying 0 resource from src\main\resources to target\classes
2025-11-04 15:15:30,538 [Worker-64: Building] INFO  o.a.m.s.f.DefaultMavenResourcesFiltering - skip non existing resourceDirectory E:\Full-stack\E_commerce\Customer_Api\src\test\resources
2025-11-04 15:30:12,523 [Worker-63: Building] INFO  o.a.m.s.f.DefaultMavenResourcesFiltering - Copying 1 resource from src\main\resources to target\classes
2025-11-04 15:30:12,531 [Worker-63: Building] INFO  o.a.m.s.f.DefaultMavenResourcesFiltering - Copying 0 resource from src\main\resources to target\classes
2025-11-04 15:30:12,532 [Worker-63: Building] INFO  o.a.m.s.f.DefaultMavenResourcesFiltering - skip non existing resourceDirectory E:\Full-stack\E_commerce\Customer_Api\src\test\resources
2025-11-04 15:32:19,599 [Worker-71: Updating Maven Dependencies] INFO  o.e.m.c.i.l.LifecycleMappingFactory - Using org.eclipse.m2e.jdt.JarLifecycleMapping lifecycle mapping for MavenProject: com.example:Product_Api:0.0.1-SNAPSHOT @ E:\Full-stack\E_commerce\Product_Api\pom.xml.
2025-11-04 15:33:01,744 [Worker-68: Building] INFO  o.e.m.c.i.l.LifecycleMappingFactory - Using org.eclipse.m2e.jdt.JarLifecycleMapping lifecycle mapping for MavenProject: com.example:Customer_Api:0.0.1-SNAPSHOT @ E:\Full-stack\E_commerce\Customer_Api\pom.xml.
2025-11-04 15:33:02,364 [Worker-68: Building] INFO  o.a.m.s.f.DefaultMavenResourcesFiltering - Copying 0 resource from src\main\resources to target\classes
2025-11-04 15:33:02,365 [Worker-68: Building] INFO  o.a.m.s.f.DefaultMavenResourcesFiltering - Copying 0 resource from src\main\resources to target\classes
2025-11-04 15:33:02,368 [Worker-68: Building] INFO  o.a.m.s.f.DefaultMavenResourcesFiltering - skip non existing resourceDirectory E:\Full-stack\E_commerce\Customer_Api\src\test\resources
2025-11-04 15:33:03,544 [Worker-74: Building] INFO  o.a.m.s.f.DefaultMavenResourcesFiltering - Copying 1 resource from src\main\resources to target\classes
2025-11-04 15:33:03,554 [Worker-74: Building] INFO  o.a.m.s.f.DefaultMavenResourcesFiltering - Copying 0 resource from src\main\resources to target\classes
2025-11-04 15:33:03,556 [Worker-74: Building] INFO  o.a.m.s.f.DefaultMavenResourcesFiltering - skip non existing resourceDirectory E:\Full-stack\E_commerce\Customer_Api\src\test\resources
2025-11-04 15:34:38,423 [Worker-67: Building] INFO  o.a.m.s.f.DefaultMavenResourcesFiltering - Copying 1 resource from src\main\resources to target\classes
2025-11-04 15:34:38,428 [Worker-67: Building] INFO  o.a.m.s.f.DefaultMavenResourcesFiltering - Copying 0 resource from src\main\resources to target\classes
2025-11-04 15:34:38,430 [Worker-67: Building] INFO  o.a.m.s.f.DefaultMavenResourcesFiltering - skip non existing resourceDirectory E:\Full-stack\E_commerce\Customer_Api\src\test\resources
2025-11-04 15:35:43,402 [Worker-65: Building] INFO  o.a.m.s.f.DefaultMavenResourcesFiltering - Copying 1 resource from src\main\resources to target\classes
2025-11-04 15:35:43,408 [Worker-65: Building] INFO  o.a.m.s.f.DefaultMavenResourcesFiltering - Copying 0 resource from src\main\resources to target\classes
2025-11-04 15:35:43,410 [Worker-65: Building] INFO  o.a.m.s.f.DefaultMavenResourcesFiltering - skip non existing resourceDirectory E:\Full-stack\E_commerce\Customer_Api\src\test\resources
2025-11-04 17:24:16,257 [Worker-1: Loading available Gradle versions] INFO  o.e.b.c.i.u.g.PublishedGradleVersions - Gradle version information cache is up-to-date. Trying to read.
2025-11-05 11:30:55,464 [Worker-0: Loading available Gradle versions] INFO  o.e.b.c.i.u.g.PublishedGradleVersions - Gradle version information cache is up-to-date. Trying to read.
2025-11-05 12:16:48,469 [Worker-10: Building] INFO  o.a.m.s.f.DefaultMavenResourcesFiltering - Copying 1 resource from src\main\resources to target\classes
2025-11-05 12:16:48,490 [Worker-10: Building] INFO  o.a.m.s.f.DefaultMavenResourcesFiltering - Copying 0 resource from src\main\resources to target\classes
2025-11-05 12:16:48,494 [Worker-10: Building] INFO  o.a.m.s.f.DefaultMavenResourcesFiltering - skip non existing resourceDirectory E:\Full-stack\E_commerce\Customer_Api\src\test\resources
2025-11-05 12:17:02,081 [Worker-3: Building] INFO  o.a.m.s.f.DefaultMavenResourcesFiltering - Copying 1 resource from src\main\resources to target\classes
2025-11-05 12:17:02,089 [Worker-3: Building] INFO  o.a.m.s.f.DefaultMavenResourcesFiltering - Copying 0 resource from src\main\resources to target\classes
2025-11-05 12:17:02,093 [Worker-3: Building] INFO  o.a.m.s.f.DefaultMavenResourcesFiltering - skip non existing resourceDirectory E:\Full-stack\E_commerce\Customer_Api\src\test\resources
2025-11-05 12:18:18,524 [Worker-18: Building] INFO  o.a.m.s.f.DefaultMavenResourcesFiltering - Copying 1 resource from src\main\resources to target\classes
2025-11-05 12:18:18,531 [Worker-18: Building] INFO  o.a.m.s.f.DefaultMavenResourcesFiltering - Copying 0 resource from src\main\resources to target\classes
2025-11-05 12:18:18,534 [Worker-18: Building] INFO  o.a.m.s.f.DefaultMavenResourcesFiltering - skip non existing resourceDirectory E:\Full-stack\E_commerce\Customer_Api\src\test\resources
2025-11-05 12:18:48,601 [Worker-17: Building] INFO  o.a.m.s.f.DefaultMavenResourcesFiltering - Copying 1 resource from src\main\resources to target\classes
2025-11-05 12:18:48,607 [Worker-17: Building] INFO  o.a.m.s.f.DefaultMavenResourcesFiltering - Copying 0 resource from src\main\resources to target\classes
2025-11-05 12:18:48,609 [Worker-17: Building] INFO  o.a.m.s.f.DefaultMavenResourcesFiltering - skip non existing resourceDirectory E:\Full-stack\E_commerce\Customer_Api\src\test\resources
2025-11-05 13:58:36,046 [Worker-21: Building] INFO  o.a.m.s.f.DefaultMavenResourcesFiltering - Copying 1 resource from src\main\resources to target\classes
2025-11-05 13:58:36,056 [Worker-21: Building] INFO  o.a.m.s.f.DefaultMavenResourcesFiltering - Copying 0 resource from src\main\resources to target\classes
2025-11-05 13:58:36,059 [Worker-21: Building] INFO  o.a.m.s.f.DefaultMavenResourcesFiltering - skip non existing resourceDirectory E:\Full-stack\E_commerce\Customer_Api\src\test\resources
2025-11-06 10:54:55,410 [Worker-7: Loading available Gradle versions] INFO  o.e.b.c.i.u.g.PublishedGradleVersions - Gradle version information cache is out-of-date. Trying to update.
2025-11-06 14:22:00,920 [Worker-2: Building] INFO  o.a.m.s.f.DefaultMavenResourcesFiltering - Copying 1 resource from src\main\resources to target\classes
2025-11-06 14:22:00,947 [Worker-2: Building] INFO  o.a.m.s.f.DefaultMavenResourcesFiltering - Copying 0 resource from src\main\resources to target\classes
2025-11-06 14:22:00,952 [Worker-2: Building] INFO  o.a.m.s.f.DefaultMavenResourcesFiltering - skip non existing resourceDirectory E:\Full-stack\E_commerce\Customer_Api\src\test\resources
2025-11-06 14:22:59,873 [Worker-2: Building] INFO  o.a.m.s.f.DefaultMavenResourcesFiltering - Copying 1 resource from src\main\resources to target\classes
2025-11-06 14:22:59,880 [Worker-2: Building] INFO  o.a.m.s.f.DefaultMavenResourcesFiltering - Copying 0 resource from src\main\resources to target\classes
2025-11-06 14:22:59,882 [Worker-2: Building] INFO  o.a.m.s.f.DefaultMavenResourcesFiltering - skip non existing resourceDirectory E:\Full-stack\E_commerce\Customer_Api\src\test\resources
2025-11-06 14:23:27,176 [Worker-2: Building] INFO  o.a.m.s.f.DefaultMavenResourcesFiltering - Copying 1 resource from src\main\resources to target\classes
2025-11-06 14:23:27,183 [Worker-2: Building] INFO  o.a.m.s.f.DefaultMavenResourcesFiltering - Copying 0 resource from src\main\resources to target\classes
2025-11-06 14:23:27,186 [Worker-2: Building] INFO  o.a.m.s.f.DefaultMavenResourcesFiltering - skip non existing resourceDirectory E:\Full-stack\E_commerce\Customer_Api\src\test\resources
2025-11-06 14:24:35,461 [Worker-17: Building] INFO  o.a.m.s.f.DefaultMavenResourcesFiltering - Copying 1 resource from src\main\resources to target\classes
2025-11-06 14:24:35,468 [Worker-17: Building] INFO  o.a.m.s.f.DefaultMavenResourcesFiltering - Copying 0 resource from src\main\resources to target\classes
2025-11-06 14:24:35,470 [Worker-17: Building] INFO  o.a.m.s.f.DefaultMavenResourcesFiltering - skip non existing resourceDirectory E:\Full-stack\E_commerce\Customer_Api\src\test\resources
2025-11-06 14:31:00,603 [Worker-22: Building] INFO  o.a.m.s.f.DefaultMavenResourcesFiltering - Copying 1 resource from src\main\resources to target\classes
2025-11-06 14:31:00,608 [Worker-22: Building] INFO  o.a.m.s.f.DefaultMavenResourcesFiltering - Copying 0 resource from src\main\resources to target\classes
2025-11-06 14:31:00,611 [Worker-22: Building] INFO  o.a.m.s.f.DefaultMavenResourcesFiltering - skip non existing resourceDirectory E:\Full-stack\E_commerce\Customer_Api\src\test\resources
2025-11-06 15:08:43,929 [Worker-21: Building] INFO  o.a.m.s.f.DefaultMavenResourcesFiltering - Copying 1 resource from src\main\resources to target\classes
2025-11-06 15:08:43,935 [Worker-21: Building] INFO  o.a.m.s.f.DefaultMavenResourcesFiltering - Copying 0 resource from src\main\resources to target\classes
2025-11-06 15:08:43,938 [Worker-21: Building] INFO  o.a.m.s.f.DefaultMavenResourcesFiltering - skip non existing resourceDirectory E:\Full-stack\E_commerce\Customer_Api\src\test\resources
2025-11-06 15:12:48,230 [Worker-29: Building] INFO  o.a.m.s.f.DefaultMavenResourcesFiltering - Copying 1 resource from src\main\resources to target\classes
2025-11-06 15:12:48,237 [Worker-29: Building] INFO  o.a.m.s.f.DefaultMavenResourcesFiltering - Copying 0 resource from src\main\resources to target\classes
2025-11-06 15:12:48,239 [Worker-29: Building] INFO  o.a.m.s.f.DefaultMavenResourcesFiltering - skip non existing resourceDirectory E:\Full-stack\E_commerce\Customer_Api\src\test\resources
2025-11-06 15:13:50,254 [Worker-29: Building] INFO  o.a.m.s.f.DefaultMavenResourcesFiltering - Copying 1 resource from src\main\resources to target\classes
2025-11-06 15:13:50,259 [Worker-29: Building] INFO  o.a.m.s.f.DefaultMavenResourcesFiltering - Copying 0 resource from src\main\resources to target\classes
2025-11-06 15:13:50,261 [Worker-29: Building] INFO  o.a.m.s.f.DefaultMavenResourcesFiltering - skip non existing resourceDirectory E:\Full-stack\E_commerce\Customer_Api\src\test\resources
2025-11-06 15:19:57,900 [Worker-32: Building] INFO  o.e.m.c.i.l.LifecycleMappingFactory - Using org.eclipse.m2e.jdt.JarLifecycleMapping lifecycle mapping for MavenProject: com.example:Customer_Api:0.0.1-SNAPSHOT @ E:\Full-stack\E_commerce\Customer_Api\pom.xml.
2025-11-06 15:19:58,368 [Worker-32: Building] INFO  o.e.m.c.i.e.AbstractTransferListenerAdapter - Downloading https://repo.maven.apache.org/maven2/org/springframework/boot/spring-boot-starter-security/3.5.7/spring-boot-starter-security-3.5.7.pom
2025-11-06 15:19:58,401 [Worker-32: Building] INFO  o.e.m.c.i.e.AbstractTransferListenerAdapter - Downloaded https://repo.maven.apache.org/maven2/org/springframework/boot/spring-boot-starter-security/3.5.7/spring-boot-starter-security-3.5.7.pom
2025-11-06 15:19:58,465 [Worker-32: Building] INFO  o.e.m.c.i.e.AbstractTransferListenerAdapter - Downloading https://repo.maven.apache.org/maven2/org/springframework/security/spring-security-config/6.5.6/spring-security-config-6.5.6.pom
2025-11-06 15:19:58,490 [Worker-32: Building] INFO  o.e.m.c.i.e.AbstractTransferListenerAdapter - Downloaded https://repo.maven.apache.org/maven2/org/springframework/security/spring-security-config/6.5.6/spring-security-config-6.5.6.pom
2025-11-06 15:19:58,552 [Worker-32: Building] INFO  o.e.m.c.i.e.AbstractTransferListenerAdapter - Downloading https://repo.maven.apache.org/maven2/org/springframework/security/spring-security-core/6.5.6/spring-security-core-6.5.6.pom
2025-11-06 15:19:58,575 [Worker-32: Building] INFO  o.e.m.c.i.e.AbstractTransferListenerAdapter - Downloaded https://repo.maven.apache.org/maven2/org/springframework/security/spring-security-core/6.5.6/spring-security-core-6.5.6.pom
2025-11-06 15:19:58,631 [Worker-32: Building] INFO  o.e.m.c.i.e.AbstractTransferListenerAdapter - Downloading https://repo.maven.apache.org/maven2/org/springframework/security/spring-security-crypto/6.5.6/spring-security-crypto-6.5.6.pom
2025-11-06 15:19:58,656 [Worker-32: Building] INFO  o.e.m.c.i.e.AbstractTransferListenerAdapter - Downloaded https://repo.maven.apache.org/maven2/org/springframework/security/spring-security-crypto/6.5.6/spring-security-crypto-6.5.6.pom
2025-11-06 15:19:58,719 [Worker-32: Building] INFO  o.e.m.c.i.e.AbstractTransferListenerAdapter - Downloading https://repo.maven.apache.org/maven2/org/springframework/security/spring-security-web/6.5.6/spring-security-web-6.5.6.pom
2025-11-06 15:19:58,744 [Worker-32: Building] INFO  o.e.m.c.i.e.AbstractTransferListenerAdapter - Downloaded https://repo.maven.apache.org/maven2/org/springframework/security/spring-security-web/6.5.6/spring-security-web-6.5.6.pom
2025-11-06 15:19:58,804 [Worker-32: Building] INFO  o.e.m.c.i.e.AbstractTransferListenerAdapter - Downloading https://repo.maven.apache.org/maven2/org/springframework/security/spring-security-test/6.5.6/spring-security-test-6.5.6.pom
2025-11-06 15:19:58,829 [Worker-32: Building] INFO  o.e.m.c.i.e.AbstractTransferListenerAdapter - Downloaded https://repo.maven.apache.org/maven2/org/springframework/security/spring-security-test/6.5.6/spring-security-test-6.5.6.pom
2025-11-06 15:19:58,986 [Worker-32: Building] INFO  o.e.m.c.i.e.AbstractTransferListenerAdapter - Downloading https://repo.maven.apache.org/maven2/org/springframework/boot/spring-boot-starter-security/3.5.7/spring-boot-starter-security-3.5.7.jar
2025-11-06 15:19:59,025 [Worker-32: Building] INFO  o.e.m.c.i.e.AbstractTransferListenerAdapter - Downloaded https://repo.maven.apache.org/maven2/org/springframework/boot/spring-boot-starter-security/3.5.7/spring-boot-starter-security-3.5.7.jar
2025-11-06 15:19:59,085 [BasicRepositoryConnector-repo.maven.apache.org-0-0] INFO  o.e.m.c.i.e.AbstractTransferListenerAdapter - Downloading https://repo.maven.apache.org/maven2/org/springframework/security/spring-security-config/6.5.6/spring-security-config-6.5.6.jar
2025-11-06 15:19:59,171 [BasicRepositoryConnector-repo.maven.apache.org-0-4] INFO  o.e.m.c.i.e.AbstractTransferListenerAdapter - Downloading https://repo.maven.apache.org/maven2/org/springframework/security/spring-security-crypto/6.5.6/spring-security-crypto-6.5.6.jar
2025-11-06 15:19:59,203 [BasicRepositoryConnector-repo.maven.apache.org-0-1] INFO  o.e.m.c.i.e.AbstractTransferListenerAdapter - Downloading https://repo.maven.apache.org/maven2/org/springframework/security/spring-security-web/6.5.6/spring-security-web-6.5.6.jar
2025-11-06 15:19:59,234 [BasicRepositoryConnector-repo.maven.apache.org-0-4] INFO  o.e.m.c.i.e.AbstractTransferListenerAdapter - Downloaded https://repo.maven.apache.org/maven2/org/springframework/security/spring-security-crypto/6.5.6/spring-security-crypto-6.5.6.jar
2025-11-06 15:19:59,249 [BasicRepositoryConnector-repo.maven.apache.org-0-3] INFO  o.e.m.c.i.e.AbstractTransferListenerAdapter - Downloading https://repo.maven.apache.org/maven2/org/springframework/security/spring-security-core/6.5.6/spring-security-core-6.5.6.jar
2025-11-06 15:19:59,249 [BasicRepositoryConnector-repo.maven.apache.org-0-2] INFO  o.e.m.c.i.e.AbstractTransferListenerAdapter - Downloading https://repo.maven.apache.org/maven2/org/springframework/security/spring-security-test/6.5.6/spring-security-test-6.5.6.jar
2025-11-06 15:19:59,302 [BasicRepositoryConnector-repo.maven.apache.org-0-0] INFO  o.e.m.c.i.e.AbstractTransferListenerAdapter - Downloaded https://repo.maven.apache.org/maven2/org/springframework/security/spring-security-config/6.5.6/spring-security-config-6.5.6.jar
2025-11-06 15:19:59,327 [BasicRepositoryConnector-repo.maven.apache.org-0-2] INFO  o.e.m.c.i.e.AbstractTransferListenerAdapter - Downloaded https://repo.maven.apache.org/maven2/org/springframework/security/spring-security-test/6.5.6/spring-security-test-6.5.6.jar
2025-11-06 15:19:59,405 [BasicRepositoryConnector-repo.maven.apache.org-0-3] INFO  o.e.m.c.i.e.AbstractTransferListenerAdapter - Downloaded https://repo.maven.apache.org/maven2/org/springframework/security/spring-security-core/6.5.6/spring-security-core-6.5.6.jar
2025-11-06 15:19:59,430 [BasicRepositoryConnector-repo.maven.apache.org-0-1] INFO  o.e.m.c.i.e.AbstractTransferListenerAdapter - Downloaded https://repo.maven.apache.org/maven2/org/springframework/security/spring-security-web/6.5.6/spring-security-web-6.5.6.jar
2025-11-06 15:19:59,855 [Worker-32: Building] INFO  o.a.m.s.f.DefaultMavenResourcesFiltering - Copying 0 resource from src\main\resources to target\classes
2025-11-06 15:19:59,857 [Worker-32: Building] INFO  o.a.m.s.f.DefaultMavenResourcesFiltering - Copying 0 resource from src\main\resources to target\classes
2025-11-06 15:19:59,860 [Worker-32: Building] INFO  o.a.m.s.f.DefaultMavenResourcesFiltering - skip non existing resourceDirectory E:\Full-stack\E_commerce\Customer_Api\src\test\resources
2025-11-06 15:20:00,015 [Worker-32: Updating Maven Project] INFO  o.e.m.c.i.p.ProjectConfigurationManager - Update started
2025-11-06 15:20:00,383 [Worker-32: Updating Maven Project] INFO  o.e.m.c.i.l.LifecycleMappingFactory - Using org.eclipse.m2e.jdt.JarLifecycleMapping lifecycle mapping for MavenProject: com.example:Customer_Api:0.0.1-SNAPSHOT @ E:\Full-stack\E_commerce\Customer_Api\pom.xml.
2025-11-06 15:20:00,961 [Worker-36: Download sources and javadoc] INFO  o.e.m.c.i.e.AbstractTransferListenerAdapter - Downloading https://repo.maven.apache.org/maven2/org/springframework/boot/spring-boot-starter-security/3.5.7/spring-boot-starter-security-3.5.7-sources.jar
2025-11-06 15:20:00,968 [Worker-36: Download sources and javadoc] INFO  o.e.m.c.i.e.AbstractTransferListenerAdapter - Downloaded https://repo.maven.apache.org/maven2/org/springframework/boot/spring-boot-starter-security/3.5.7/spring-boot-starter-security-3.5.7-sources.jar
2025-11-06 15:20:00,974 [Worker-36: Download sources and javadoc] INFO  o.e.m.j.internal.DownloadSourcesJob - Downloaded sources for org.springframework.boot:spring-boot-starter-security:3.5.7
2025-11-06 15:20:01,158 [Worker-36: Download sources and javadoc] INFO  o.e.m.c.i.e.AbstractTransferListenerAdapter - Downloading https://repo.maven.apache.org/maven2/org/springframework/security/spring-security-config/6.5.6/spring-security-config-6.5.6-sources.jar
2025-11-06 15:20:01,166 [Worker-32: Updating Maven Project] INFO  o.e.m.j.i.AbstractJavaProjectConfigurator - Adding source folder /Customer_Api/src/main/java
2025-11-06 15:20:01,168 [Worker-32: Updating Maven Project] INFO  o.e.m.j.i.AbstractJavaProjectConfigurator - Adding resource folder /Customer_Api/src/main/resources
2025-11-06 15:20:01,169 [Worker-32: Updating Maven Project] INFO  o.e.m.j.i.AbstractJavaProjectConfigurator - Adding resource folder /Customer_Api/src/main/resources
2025-11-06 15:20:01,169 [Worker-32: Updating Maven Project] INFO  o.e.m.j.i.AbstractJavaProjectConfigurator - Adding source folder /Customer_Api/src/test/java
2025-11-06 15:20:01,170 [Worker-32: Updating Maven Project] INFO  o.e.m.j.i.AbstractJavaProjectConfigurator - Adding resource folder /Customer_Api/src/test/resources
2025-11-06 15:20:01,402 [Worker-36: Download sources and javadoc] INFO  o.e.m.c.i.e.AbstractTransferListenerAdapter - Downloaded https://repo.maven.apache.org/maven2/org/springframework/security/spring-security-config/6.5.6/spring-security-config-6.5.6-sources.jar
2025-11-06 15:20:01,406 [Worker-36: Download sources and javadoc] INFO  o.e.m.j.internal.DownloadSourcesJob - Downloaded sources for org.springframework.security:spring-security-config:6.5.6
2025-11-06 15:20:01,543 [Worker-32: Updating Maven Project] INFO  o.e.m.c.i.p.ProjectConfigurationManager - Update completed for 1 poms: local refresh takes 0.00 sec, refresh facades takes 0.00 sec, update config takes 0.00 sec 
2025-11-06 15:20:01,590 [Worker-36: Download sources and javadoc] INFO  o.e.m.c.i.e.AbstractTransferListenerAdapter - Downloading https://repo.maven.apache.org/maven2/org/springframework/security/spring-security-web/6.5.6/spring-security-web-6.5.6-sources.jar
2025-11-06 15:20:01,757 [Worker-36: Download sources and javadoc] INFO  o.e.m.c.i.e.AbstractTransferListenerAdapter - Downloaded https://repo.maven.apache.org/maven2/org/springframework/security/spring-security-web/6.5.6/spring-security-web-6.5.6-sources.jar
2025-11-06 15:20:01,762 [Worker-36: Download sources and javadoc] INFO  o.e.m.j.internal.DownloadSourcesJob - Downloaded sources for org.springframework.security:spring-security-web:6.5.6
2025-11-06 15:20:01,927 [Worker-36: Download sources and javadoc] INFO  o.e.m.c.i.e.AbstractTransferListenerAdapter - Downloading https://repo.maven.apache.org/maven2/org/springframework/security/spring-security-test/6.5.6/spring-security-test-6.5.6-sources.jar
2025-11-06 15:20:01,965 [Worker-36: Download sources and javadoc] INFO  o.e.m.c.i.e.AbstractTransferListenerAdapter - Downloaded https://repo.maven.apache.org/maven2/org/springframework/security/spring-security-test/6.5.6/spring-security-test-6.5.6-sources.jar
2025-11-06 15:20:01,968 [Worker-36: Download sources and javadoc] INFO  o.e.m.j.internal.DownloadSourcesJob - Downloaded sources for org.springframework.security:spring-security-test:6.5.6
2025-11-06 15:20:02,003 [Worker-33: Building] INFO  o.a.m.s.f.DefaultMavenResourcesFiltering - Copying 1 resource from src\main\resources to target\classes
2025-11-06 15:20:02,016 [Worker-33: Building] INFO  o.a.m.s.f.DefaultMavenResourcesFiltering - Copying 0 resource from src\main\resources to target\classes
2025-11-06 15:20:02,022 [Worker-33: Building] INFO  o.a.m.s.f.DefaultMavenResourcesFiltering - skip non existing resourceDirectory E:\Full-stack\E_commerce\Customer_Api\src\test\resources
2025-11-06 15:20:02,128 [Worker-36: Download sources and javadoc] INFO  o.e.m.c.i.e.AbstractTransferListenerAdapter - Downloading https://repo.maven.apache.org/maven2/org/springframework/security/spring-security-core/6.5.6/spring-security-core-6.5.6-sources.jar
2025-11-06 15:20:02,277 [Worker-36: Download sources and javadoc] INFO  o.e.m.c.i.e.AbstractTransferListenerAdapter - Downloaded https://repo.maven.apache.org/maven2/org/springframework/security/spring-security-core/6.5.6/spring-security-core-6.5.6-sources.jar
2025-11-06 15:20:02,281 [Worker-36: Download sources and javadoc] INFO  o.e.m.j.internal.DownloadSourcesJob - Downloaded sources for org.springframework.security:spring-security-core:6.5.6
2025-11-06 15:20:02,420 [Worker-36: Download sources and javadoc] INFO  o.e.m.c.i.e.AbstractTransferListenerAdapter - Downloading https://repo.maven.apache.org/maven2/org/springframework/security/spring-security-crypto/6.5.6/spring-security-crypto-6.5.6-sources.jar
2025-11-06 15:20:02,479 [Worker-36: Download sources and javadoc] INFO  o.e.m.c.i.e.AbstractTransferListenerAdapter - Downloaded https://repo.maven.apache.org/maven2/org/springframework/security/spring-security-crypto/6.5.6/spring-security-crypto-6.5.6-sources.jar
2025-11-06 15:20:02,485 [Worker-36: Download sources and javadoc] INFO  o.e.m.j.internal.DownloadSourcesJob - Downloaded sources for org.springframework.security:spring-security-crypto:6.5.6
2025-11-06 15:59:10,208 [Worker-38: Building] INFO  o.a.m.s.f.DefaultMavenResourcesFiltering - Copying 1 resource from src\main\resources to target\classes
2025-11-06 15:59:10,218 [Worker-38: Building] INFO  o.a.m.s.f.DefaultMavenResourcesFiltering - Copying 0 resource from src\main\resources to target\classes
2025-11-06 15:59:10,221 [Worker-38: Building] INFO  o.a.m.s.f.DefaultMavenResourcesFiltering - skip non existing resourceDirectory E:\Full-stack\E_commerce\Customer_Api\src\test\resources
2025-11-07 11:04:09,834 [Worker-7: Loading available Gradle versions] INFO  o.e.b.c.i.u.g.PublishedGradleVersions - Gradle version information cache is out-of-date. Trying to update.
2025-11-07 11:04:56,166 [Worker-14: Building] INFO  o.a.m.s.f.DefaultMavenResourcesFiltering - Copying 1 resource from src\main\resources to target\classes
2025-11-07 11:04:56,192 [Worker-14: Building] INFO  o.a.m.s.f.DefaultMavenResourcesFiltering - Copying 0 resource from src\main\resources to target\classes
2025-11-07 11:04:56,197 [Worker-14: Building] INFO  o.a.m.s.f.DefaultMavenResourcesFiltering - skip non existing resourceDirectory E:\Full-stack\E_commerce\Customer_Api\src\test\resources
2025-11-07 15:25:29,918 [Worker-13: Building] INFO  o.a.m.s.f.DefaultMavenResourcesFiltering - Copying 1 resource from src\main\resources to target\classes
2025-11-07 15:25:29,925 [Worker-13: Building] INFO  o.a.m.s.f.DefaultMavenResourcesFiltering - Copying 0 resource from src\main\resources to target\classes
2025-11-07 15:25:29,929 [Worker-13: Building] INFO  o.a.m.s.f.DefaultMavenResourcesFiltering - skip non existing resourceDirectory E:\Full-stack\E_commerce\Customer_Api\src\test\resources
2025-11-07 15:25:43,385 [Worker-13: Building] INFO  o.a.m.s.f.DefaultMavenResourcesFiltering - Copying 1 resource from src\main\resources to target\classes
2025-11-07 15:25:43,391 [Worker-13: Building] INFO  o.a.m.s.f.DefaultMavenResourcesFiltering - Copying 0 resource from src\main\resources to target\classes
2025-11-07 15:25:43,393 [Worker-13: Building] INFO  o.a.m.s.f.DefaultMavenResourcesFiltering - skip non existing resourceDirectory E:\Full-stack\E_commerce\Customer_Api\src\test\resources
2025-11-07 15:25:49,539 [Worker-20: Building] INFO  o.a.m.s.f.DefaultMavenResourcesFiltering - Copying 1 resource from src\main\resources to target\classes
2025-11-07 15:25:49,545 [Worker-20: Building] INFO  o.a.m.s.f.DefaultMavenResourcesFiltering - Copying 0 resource from src\main\resources to target\classes
2025-11-07 15:25:49,548 [Worker-20: Building] INFO  o.a.m.s.f.DefaultMavenResourcesFiltering - skip non existing resourceDirectory E:\Full-stack\E_commerce\Customer_Api\src\test\resources
2025-11-07 15:35:26,568 [Worker-21: Building] INFO  o.a.m.s.f.DefaultMavenResourcesFiltering - Copying 1 resource from src\main\resources to target\classes
2025-11-07 15:35:26,575 [Worker-21: Building] INFO  o.a.m.s.f.DefaultMavenResourcesFiltering - Copying 0 resource from src\main\resources to target\classes
2025-11-07 15:35:26,579 [Worker-21: Building] INFO  o.a.m.s.f.DefaultMavenResourcesFiltering - skip non existing resourceDirectory E:\Full-stack\E_commerce\Customer_Api\src\test\resources
2025-11-07 18:37:26,328 [Worker-25: Building] INFO  o.a.m.s.f.DefaultMavenResourcesFiltering - Copying 1 resource from src\main\resources to target\classes
2025-11-07 18:37:26,369 [Worker-25: Building] INFO  o.a.m.s.f.DefaultMavenResourcesFiltering - Copying 0 resource from src\main\resources to target\classes
2025-11-07 18:37:26,373 [Worker-25: Building] INFO  o.a.m.s.f.DefaultMavenResourcesFiltering - skip non existing resourceDirectory E:\Full-stack\E_commerce\Customer_Api\src\test\resources
2025-11-08 11:48:51,914 [Worker-0: Building] INFO  o.a.m.s.f.DefaultMavenResourcesFiltering - Copying 1 resource from src\main\resources to target\classes
2025-11-08 11:48:51,945 [Worker-0: Building] INFO  o.a.m.s.f.DefaultMavenResourcesFiltering - Copying 0 resource from src\main\resources to target\classes
2025-11-08 11:48:51,951 [Worker-0: Building] INFO  o.a.m.s.f.DefaultMavenResourcesFiltering - skip non existing resourceDirectory E:\Full-stack\E_commerce\Customer_Api\src\test\resources
2025-11-08 11:48:54,564 [Worker-15: Building] INFO  o.a.m.s.f.DefaultMavenResourcesFiltering - Copying 1 resource from src\main\resources to target\classes
2025-11-08 11:48:54,569 [Worker-15: Building] INFO  o.a.m.s.f.DefaultMavenResourcesFiltering - Copying 0 resource from src\main\resources to target\classes
2025-11-08 11:48:54,571 [Worker-15: Building] INFO  o.a.m.s.f.DefaultMavenResourcesFiltering - skip non existing resourceDirectory E:\Full-stack\E_commerce\Customer_Api\src\test\resources
2025-11-08 11:48:59,175 [Worker-15: Loading available Gradle versions] INFO  o.e.b.c.i.u.g.PublishedGradleVersions - Gradle version information cache is out-of-date. Trying to update.
2025-11-08 12:09:09,978 [Worker-20: Building] INFO  o.a.m.s.f.DefaultMavenResourcesFiltering - Copying 1 resource from src\main\resources to target\classes
2025-11-08 12:09:09,985 [Worker-20: Building] INFO  o.a.m.s.f.DefaultMavenResourcesFiltering - Copying 0 resource from src\main\resources to target\classes
2025-11-08 12:09:09,989 [Worker-20: Building] INFO  o.a.m.s.f.DefaultMavenResourcesFiltering - skip non existing resourceDirectory E:\Full-stack\E_commerce\Customer_Api\src\test\resources
2025-11-08 12:09:19,376 [Worker-23: Building] INFO  o.a.m.s.f.DefaultMavenResourcesFiltering - Copying 1 resource from src\main\resources to target\classes
2025-11-08 12:09:19,383 [Worker-23: Building] INFO  o.a.m.s.f.DefaultMavenResourcesFiltering - Copying 0 resource from src\main\resources to target\classes
2025-11-08 12:09:19,388 [Worker-23: Building] INFO  o.a.m.s.f.DefaultMavenResourcesFiltering - skip non existing resourceDirectory E:\Full-stack\E_commerce\Customer_Api\src\test\resources
2025-11-08 12:09:54,583 [Worker-24: Building] INFO  o.a.m.s.f.DefaultMavenResourcesFiltering - Copying 1 resource from src\main\resources to target\classes
2025-11-08 12:09:54,589 [Worker-24: Building] INFO  o.a.m.s.f.DefaultMavenResourcesFiltering - Copying 0 resource from src\main\resources to target\classes
2025-11-08 12:09:54,593 [Worker-24: Building] INFO  o.a.m.s.f.DefaultMavenResourcesFiltering - skip non existing resourceDirectory E:\Full-stack\E_commerce\Customer_Api\src\test\resources
2025-11-08 12:10:20,270 [Worker-24: Building] INFO  o.a.m.s.f.DefaultMavenResourcesFiltering - Copying 1 resource from src\main\resources to target\classes
2025-11-08 12:10:20,274 [Worker-24: Building] INFO  o.a.m.s.f.DefaultMavenResourcesFiltering - Copying 0 resource from src\main\resources to target\classes
2025-11-08 12:10:20,276 [Worker-24: Building] INFO  o.a.m.s.f.DefaultMavenResourcesFiltering - skip non existing resourceDirectory E:\Full-stack\E_commerce\Customer_Api\src\test\resources
2025-11-08 14:17:09,042 [Worker-25: Building] INFO  o.a.m.s.f.DefaultMavenResourcesFiltering - Copying 1 resource from src\main\resources to target\classes
2025-11-08 14:17:09,050 [Worker-25: Building] INFO  o.a.m.s.f.DefaultMavenResourcesFiltering - Copying 0 resource from src\main\resources to target\classes
2025-11-08 14:17:09,055 [Worker-25: Building] INFO  o.a.m.s.f.DefaultMavenResourcesFiltering - skip non existing resourceDirectory E:\Full-stack\E_commerce\Customer_Api\src\test\resources
2025-11-11 11:26:19,788 [Worker-9: Loading available Gradle versions] INFO  o.e.b.c.i.u.g.PublishedGradleVersions - Gradle version information cache is out-of-date. Trying to update.
2025-11-11 11:26:38,646 [Worker-6: Loading available Gradle versions] INFO  o.e.b.c.i.u.g.PublishedGradleVersions - Gradle version information cache is up-to-date. Trying to read.
2025-11-13 10:59:38,635 [Worker-7: Loading available Gradle versions] INFO  o.e.b.c.i.u.g.PublishedGradleVersions - Gradle version information cache is up-to-date. Trying to read.
2025-11-13 12:07:21,708 [Worker-19: Building] INFO  o.a.m.s.f.DefaultMavenResourcesFiltering - Copying 1 resource from src\main\resources to target\classes
2025-11-13 12:07:21,732 [Worker-19: Building] INFO  o.a.m.s.f.DefaultMavenResourcesFiltering - Copying 0 resource from src\main\resources to target\classes
2025-11-13 12:07:21,735 [Worker-19: Building] INFO  o.a.m.s.f.DefaultMavenResourcesFiltering - skip non existing resourceDirectory E:\Full-stack\E_commerce\Customer_Api\src\test\resources
2025-11-13 12:07:33,249 [Worker-19: Building] INFO  o.a.m.s.f.DefaultMavenResourcesFiltering - Copying 1 resource from src\main\resources to target\classes
2025-11-13 12:07:33,257 [Worker-19: Building] INFO  o.a.m.s.f.DefaultMavenResourcesFiltering - Copying 0 resource from src\main\resources to target\classes
2025-11-13 12:07:33,261 [Worker-19: Building] INFO  o.a.m.s.f.DefaultMavenResourcesFiltering - skip non existing resourceDirectory E:\Full-stack\E_commerce\Customer_Api\src\test\resources
2025-11-13 12:10:09,112 [Worker-15: Building] INFO  o.a.m.s.f.DefaultMavenResourcesFiltering - Copying 1 resource from src\main\resources to target\classes
2025-11-13 12:10:09,119 [Worker-15: Building] INFO  o.a.m.s.f.DefaultMavenResourcesFiltering - Copying 0 resource from src\main\resources to target\classes
2025-11-13 12:10:09,124 [Worker-15: Building] INFO  o.a.m.s.f.DefaultMavenResourcesFiltering - skip non existing resourceDirectory E:\Full-stack\E_commerce\Customer_Api\src\test\resources
2025-11-13 12:11:41,061 [Worker-20: Building] INFO  o.a.m.s.f.DefaultMavenResourcesFiltering - Copying 1 resource from src\main\resources to target\classes
2025-11-13 12:11:41,066 [Worker-20: Building] INFO  o.a.m.s.f.DefaultMavenResourcesFiltering - Copying 0 resource from src\main\resources to target\classes
2025-11-13 12:11:41,068 [Worker-20: Building] INFO  o.a.m.s.f.DefaultMavenResourcesFiltering - skip non existing resourceDirectory E:\Full-stack\E_commerce\Customer_Api\src\test\resources
2025-11-13 12:15:00,453 [Worker-23: Building] INFO  o.a.m.s.f.DefaultMavenResourcesFiltering - Copying 1 resource from src\main\resources to target\classes
2025-11-13 12:15:00,461 [Worker-23: Building] INFO  o.a.m.s.f.DefaultMavenResourcesFiltering - Copying 0 resource from src\main\resources to target\classes
2025-11-13 12:15:00,463 [Worker-23: Building] INFO  o.a.m.s.f.DefaultMavenResourcesFiltering - skip non existing resourceDirectory E:\Full-stack\E_commerce\Customer_Api\src\test\resources
2025-11-13 12:46:01,036 [Worker-20: Building] INFO  o.a.m.s.f.DefaultMavenResourcesFiltering - Copying 1 resource from src\main\resources to target\classes
2025-11-13 12:46:01,042 [Worker-20: Building] INFO  o.a.m.s.f.DefaultMavenResourcesFiltering - Copying 0 resource from src\main\resources to target\classes
2025-11-13 12:46:01,045 [Worker-20: Building] INFO  o.a.m.s.f.DefaultMavenResourcesFiltering - skip non existing resourceDirectory E:\Full-stack\E_commerce\Customer_Api\src\test\resources
2025-11-13 12:47:38,953 [Worker-20: Building] INFO  o.a.m.s.f.DefaultMavenResourcesFiltering - Copying 1 resource from src\main\resources to target\classes
2025-11-13 12:47:38,957 [Worker-20: Building] INFO  o.a.m.s.f.DefaultMavenResourcesFiltering - Copying 0 resource from src\main\resources to target\classes
2025-11-13 12:47:38,960 [Worker-20: Building] INFO  o.a.m.s.f.DefaultMavenResourcesFiltering - skip non existing resourceDirectory E:\Full-stack\E_commerce\Customer_Api\src\test\resources
2025-11-15 15:53:40,530 [Worker-12: Loading available Gradle versions] INFO  o.e.b.c.i.u.g.PublishedGradleVersions - Gradle version information cache is up-to-date. Trying to read.
2025-11-15 16:02:46,606 [Worker-14: Building] INFO  o.a.m.s.f.DefaultMavenResourcesFiltering - Copying 1 resource from src\main\resources to target\classes
2025-11-15 16:02:46,626 [Worker-14: Building] INFO  o.a.m.s.f.DefaultMavenResourcesFiltering - Copying 0 resource from src\main\resources to target\classes
2025-11-15 16:02:46,631 [Worker-14: Building] INFO  o.a.m.s.f.DefaultMavenResourcesFiltering - skip non existing resourceDirectory E:\Full-stack\E_commerce\Customer_Api\src\test\resources
2025-11-15 16:03:14,319 [Worker-16: Building] INFO  o.a.m.s.f.DefaultMavenResourcesFiltering - Copying 1 resource from src\main\resources to target\classes
2025-11-15 16:03:14,325 [Worker-16: Building] INFO  o.a.m.s.f.DefaultMavenResourcesFiltering - Copying 0 resource from src\main\resources to target\classes
2025-11-15 16:03:14,328 [Worker-16: Building] INFO  o.a.m.s.f.DefaultMavenResourcesFiltering - skip non existing resourceDirectory E:\Full-stack\E_commerce\Customer_Api\src\test\resources
2025-11-15 16:05:28,817 [Worker-12: Building] INFO  o.a.m.s.f.DefaultMavenResourcesFiltering - Copying 1 resource from src\main\resources to target\classes
2025-11-15 16:05:28,823 [Worker-12: Building] INFO  o.a.m.s.f.DefaultMavenResourcesFiltering - Copying 0 resource from src\main\resources to target\classes
2025-11-15 16:05:28,826 [Worker-12: Building] INFO  o.a.m.s.f.DefaultMavenResourcesFiltering - skip non existing resourceDirectory E:\Full-stack\E_commerce\Customer_Api\src\test\resources
2025-11-15 16:05:33,029 [Worker-20: Building] INFO  o.a.m.s.f.DefaultMavenResourcesFiltering - Copying 1 resource from src\main\resources to target\classes
2025-11-15 16:05:33,035 [Worker-20: Building] INFO  o.a.m.s.f.DefaultMavenResourcesFiltering - Copying 0 resource from src\main\resources to target\classes
2025-11-15 16:05:33,038 [Worker-20: Building] INFO  o.a.m.s.f.DefaultMavenResourcesFiltering - skip non existing resourceDirectory E:\Full-stack\E_commerce\Customer_Api\src\test\resources
2025-12-08 18:01:43,650 [Worker-5: Loading available Gradle versions] INFO  o.e.b.c.i.u.g.PublishedGradleVersions - Gradle version information cache is out-of-date. Trying to update.
2025-12-08 18:02:02,016 [Worker-2: Loading available Gradle versions] INFO  o.e.b.c.i.u.g.PublishedGradleVersions - Gradle version information cache is up-to-date. Trying to read.
2025-12-09 11:01:06,851 [Worker-6: Loading available Gradle versions] INFO  o.e.b.c.i.u.g.PublishedGradleVersions - Gradle version information cache is up-to-date. Trying to read.
2025-12-09 11:44:42,443 [Worker-20: Building] INFO  o.a.m.s.f.DefaultMavenResourcesFiltering - Copying 1 resource from src\main\resources to target\classes
2025-12-09 11:44:42,465 [Worker-20: Building] INFO  o.a.m.s.f.DefaultMavenResourcesFiltering - Copying 0 resource from src\main\resources to target\classes
2025-12-09 11:44:42,471 [Worker-20: Building] INFO  o.a.m.s.f.DefaultMavenResourcesFiltering - skip non existing resourceDirectory E:\Full-stack\E_commerce\Customer_Api\src\test\resources
2025-12-09 11:44:44,988 [Worker-7: Building] INFO  o.a.m.s.f.DefaultMavenResourcesFiltering - Copying 1 resource from src\main\resources to target\classes
2025-12-09 11:44:44,993 [Worker-7: Building] INFO  o.a.m.s.f.DefaultMavenResourcesFiltering - Copying 0 resource from src\main\resources to target\classes
2025-12-09 11:44:44,995 [Worker-7: Building] INFO  o.a.m.s.f.DefaultMavenResourcesFiltering - skip non existing resourceDirectory E:\Full-stack\E_commerce\Customer_Api\src\test\resources
2025-12-09 11:47:58,367 [Worker-23: Building] INFO  o.a.m.s.f.DefaultMavenResourcesFiltering - Copying 1 resource from src\main\resources to target\classes
2025-12-09 11:47:58,373 [Worker-23: Building] INFO  o.a.m.s.f.DefaultMavenResourcesFiltering - Copying 0 resource from src\main\resources to target\classes
2025-12-09 11:47:58,376 [Worker-23: Building] INFO  o.a.m.s.f.DefaultMavenResourcesFiltering - skip non existing resourceDirectory E:\Full-stack\E_commerce\Customer_Api\src\test\resources
2025-12-09 12:24:52,649 [Worker-27: Building] INFO  o.a.m.s.f.DefaultMavenResourcesFiltering - Copying 1 resource from src\main\resources to target\classes
2025-12-09 12:24:52,654 [Worker-27: Building] INFO  o.a.m.s.f.DefaultMavenResourcesFiltering - Copying 0 resource from src\main\resources to target\classes
2025-12-09 12:24:52,658 [Worker-27: Building] INFO  o.a.m.s.f.DefaultMavenResourcesFiltering - skip non existing resourceDirectory E:\Full-stack\E_commerce\Customer_Api\src\test\resources
2025-12-09 12:24:59,930 [Worker-7: Building] INFO  o.a.m.s.f.DefaultMavenResourcesFiltering - Copying 1 resource from src\main\resources to target\classes
2025-12-09 12:24:59,934 [Worker-7: Building] INFO  o.a.m.s.f.DefaultMavenResourcesFiltering - Copying 0 resource from src\main\resources to target\classes
2025-12-09 12:24:59,936 [Worker-7: Building] INFO  o.a.m.s.f.DefaultMavenResourcesFiltering - skip non existing resourceDirectory E:\Full-stack\E_commerce\Customer_Api\src\test\resources
2025-12-09 12:37:46,147 [Worker-7: Building] INFO  o.a.m.s.f.DefaultMavenResourcesFiltering - Copying 1 resource from src\main\resources to target\classes
2025-12-09 12:37:46,152 [Worker-7: Building] INFO  o.a.m.s.f.DefaultMavenResourcesFiltering - Copying 0 resource from src\main\resources to target\classes
2025-12-09 12:37:46,156 [Worker-7: Building] INFO  o.a.m.s.f.DefaultMavenResourcesFiltering - skip non existing resourceDirectory E:\Full-stack\E_commerce\Customer_Api\src\test\resources
2025-12-09 12:42:50,662 [Worker-36: Building] INFO  o.a.m.s.f.DefaultMavenResourcesFiltering - Copying 1 resource from src\main\resources to target\classes
2025-12-09 12:42:50,666 [Worker-36: Building] INFO  o.a.m.s.f.DefaultMavenResourcesFiltering - Copying 0 resource from src\main\resources to target\classes
2025-12-09 12:42:50,669 [Worker-36: Building] INFO  o.a.m.s.f.DefaultMavenResourcesFiltering - skip non existing resourceDirectory E:\Full-stack\E_commerce\Customer_Api\src\test\resources
2025-12-09 12:42:54,138 [Worker-35: Building] INFO  o.a.m.s.f.DefaultMavenResourcesFiltering - Copying 1 resource from src\main\resources to target\classes
2025-12-09 12:42:54,144 [Worker-35: Building] INFO  o.a.m.s.f.DefaultMavenResourcesFiltering - Copying 0 resource from src\main\resources to target\classes
2025-12-09 12:42:54,148 [Worker-35: Building] INFO  o.a.m.s.f.DefaultMavenResourcesFiltering - skip non existing resourceDirectory E:\Full-stack\E_commerce\Customer_Api\src\test\resources
2025-12-09 12:43:15,536 [Worker-36: Building] INFO  o.a.m.s.f.DefaultMavenResourcesFiltering - Copying 1 resource from src\main\resources to target\classes
2025-12-09 12:43:15,541 [Worker-36: Building] INFO  o.a.m.s.f.DefaultMavenResourcesFiltering - Copying 0 resource from src\main\resources to target\classes
2025-12-09 12:43:15,545 [Worker-36: Building] INFO  o.a.m.s.f.DefaultMavenResourcesFiltering - skip non existing resourceDirectory E:\Full-stack\E_commerce\Customer_Api\src\test\resources
2025-12-09 12:59:30,663 [Worker-35: Building] INFO  o.a.m.s.f.DefaultMavenResourcesFiltering - Copying 1 resource from src\main\resources to target\classes
2025-12-09 12:59:30,668 [Worker-35: Building] INFO  o.a.m.s.f.DefaultMavenResourcesFiltering - Copying 0 resource from src\main\resources to target\classes
2025-12-09 12:59:30,670 [Worker-35: Building] INFO  o.a.m.s.f.DefaultMavenResourcesFiltering - skip non existing resourceDirectory E:\Full-stack\E_commerce\Customer_Api\src\test\resources
2025-12-09 13:57:53,780 [Worker-39: Building] INFO  o.a.m.s.f.DefaultMavenResourcesFiltering - Copying 1 resource from src\main\resources to target\classes
2025-12-09 13:57:53,804 [Worker-39: Building] INFO  o.a.m.s.f.DefaultMavenResourcesFiltering - Copying 0 resource from src\main\resources to target\classes
2025-12-09 13:57:53,812 [Worker-39: Building] INFO  o.a.m.s.f.DefaultMavenResourcesFiltering - skip non existing resourceDirectory E:\Full-stack\E_commerce\Customer_Api\src\test\resources
2025-12-09 14:47:45,997 [Worker-46: Building] INFO  o.a.m.s.f.DefaultMavenResourcesFiltering - Copying 1 resource from src\main\resources to target\classes
2025-12-09 14:47:46,009 [Worker-46: Building] INFO  o.a.m.s.f.DefaultMavenResourcesFiltering - Copying 0 resource from src\main\resources to target\classes
2025-12-09 14:47:46,012 [Worker-46: Building] INFO  o.a.m.s.f.DefaultMavenResourcesFiltering - skip non existing resourceDirectory E:\Full-stack\E_commerce\Customer_Api\src\test\resources
2025-12-09 14:50:19,600 [Worker-46: Building] INFO  o.a.m.s.f.DefaultMavenResourcesFiltering - Copying 1 resource from src\main\resources to target\classes
2025-12-09 14:50:19,605 [Worker-46: Building] INFO  o.a.m.s.f.DefaultMavenResourcesFiltering - Copying 0 resource from src\main\resources to target\classes
2025-12-09 14:50:19,607 [Worker-46: Building] INFO  o.a.m.s.f.DefaultMavenResourcesFiltering - skip non existing resourceDirectory E:\Full-stack\E_commerce\Customer_Api\src\test\resources
2025-12-09 14:55:20,854 [Worker-49: Building] INFO  o.e.m.c.i.l.LifecycleMappingFactory - Using org.eclipse.m2e.jdt.JarLifecycleMapping lifecycle mapping for MavenProject: com.example:Customer_Api:0.0.1-SNAPSHOT @ E:\Full-stack\E_commerce\Customer_Api\pom.xml.
2025-12-09 14:55:21,269 [Worker-49: Building] INFO  o.e.m.c.i.e.AbstractTransferListenerAdapter - Downloading https://repo.maven.apache.org/maven2/org/springframework/boot/spring-boot-starter-mail/3.5.7/spring-boot-starter-mail-3.5.7.pom
2025-12-09 14:55:21,308 [Worker-49: Building] INFO  o.e.m.c.i.e.AbstractTransferListenerAdapter - Downloaded https://repo.maven.apache.org/maven2/org/springframework/boot/spring-boot-starter-mail/3.5.7/spring-boot-starter-mail-3.5.7.pom
2025-12-09 14:55:21,358 [Worker-49: Building] INFO  o.e.m.c.i.e.AbstractTransferListenerAdapter - Downloading https://repo.maven.apache.org/maven2/org/springframework/spring-context-support/6.2.12/spring-context-support-6.2.12.pom
2025-12-09 14:55:21,386 [Worker-49: Building] INFO  o.e.m.c.i.e.AbstractTransferListenerAdapter - Downloaded https://repo.maven.apache.org/maven2/org/springframework/spring-context-support/6.2.12/spring-context-support-6.2.12.pom
2025-12-09 14:55:21,494 [Worker-49: Building] INFO  o.e.m.c.i.e.AbstractTransferListenerAdapter - Downloading https://repo.maven.apache.org/maven2/org/eclipse/angus/jakarta.mail/2.0.5/jakarta.mail-2.0.5.pom
2025-12-09 14:55:21,520 [Worker-49: Building] INFO  o.e.m.c.i.e.AbstractTransferListenerAdapter - Downloaded https://repo.maven.apache.org/maven2/org/eclipse/angus/jakarta.mail/2.0.5/jakarta.mail-2.0.5.pom
2025-12-09 14:55:21,572 [Worker-49: Building] INFO  o.e.m.c.i.e.AbstractTransferListenerAdapter - Downloading https://repo.maven.apache.org/maven2/org/eclipse/angus/all/2.0.5/all-2.0.5.pom
2025-12-09 14:55:21,600 [Worker-49: Building] INFO  o.e.m.c.i.e.AbstractTransferListenerAdapter - Downloaded https://repo.maven.apache.org/maven2/org/eclipse/angus/all/2.0.5/all-2.0.5.pom
2025-12-09 14:55:21,889 [Worker-49: Building] INFO  o.e.m.c.i.e.AbstractTransferListenerAdapter - Downloading https://repo.maven.apache.org/maven2/org/springframework/boot/spring-boot-starter-mail/3.5.7/spring-boot-starter-mail-3.5.7.jar
2025-12-09 14:55:21,933 [Worker-49: Building] INFO  o.e.m.c.i.e.AbstractTransferListenerAdapter - Downloaded https://repo.maven.apache.org/maven2/org/springframework/boot/spring-boot-starter-mail/3.5.7/spring-boot-starter-mail-3.5.7.jar
2025-12-09 14:55:22,008 [BasicRepositoryConnector-repo.maven.apache.org-0-0] INFO  o.e.m.c.i.e.AbstractTransferListenerAdapter - Downloading https://repo.maven.apache.org/maven2/org/springframework/spring-context-support/6.2.12/spring-context-support-6.2.12.jar
2025-12-09 14:55:22,075 [BasicRepositoryConnector-repo.maven.apache.org-0-1] INFO  o.e.m.c.i.e.AbstractTransferListenerAdapter - Downloading https://repo.maven.apache.org/maven2/org/eclipse/angus/jakarta.mail/2.0.5/jakarta.mail-2.0.5.jar
2025-12-09 14:55:22,081 [BasicRepositoryConnector-repo.maven.apache.org-0-0] INFO  o.e.m.c.i.e.AbstractTransferListenerAdapter - Downloaded https://repo.maven.apache.org/maven2/org/springframework/spring-context-support/6.2.12/spring-context-support-6.2.12.jar
2025-12-09 14:55:22,237 [BasicRepositoryConnector-repo.maven.apache.org-0-1] INFO  o.e.m.c.i.e.AbstractTransferListenerAdapter - Downloaded https://repo.maven.apache.org/maven2/org/eclipse/angus/jakarta.mail/2.0.5/jakarta.mail-2.0.5.jar
2025-12-09 14:55:22,597 [Worker-49: Building] INFO  o.a.m.s.f.DefaultMavenResourcesFiltering - Copying 0 resource from src\main\resources to target\classes
2025-12-09 14:55:22,597 [Worker-49: Building] INFO  o.a.m.s.f.DefaultMavenResourcesFiltering - Copying 0 resource from src\main\resources to target\classes
2025-12-09 14:55:22,601 [Worker-49: Building] INFO  o.a.m.s.f.DefaultMavenResourcesFiltering - skip non existing resourceDirectory E:\Full-stack\E_commerce\Customer_Api\src\test\resources
2025-12-09 14:55:23,556 [Worker-44: Download sources and javadoc] INFO  o.e.m.c.i.e.AbstractTransferListenerAdapter - Downloading https://repo.maven.apache.org/maven2/org/springframework/boot/spring-boot-starter-mail/3.5.7/spring-boot-starter-mail-3.5.7-sources.jar
2025-12-09 14:55:23,563 [Worker-44: Download sources and javadoc] INFO  o.e.m.c.i.e.AbstractTransferListenerAdapter - Downloaded https://repo.maven.apache.org/maven2/org/springframework/boot/spring-boot-starter-mail/3.5.7/spring-boot-starter-mail-3.5.7-sources.jar
2025-12-09 14:55:23,571 [Worker-44: Download sources and javadoc] INFO  o.e.m.j.internal.DownloadSourcesJob - Downloaded sources for org.springframework.boot:spring-boot-starter-mail:3.5.7
2025-12-09 14:55:23,702 [Worker-44: Download sources and javadoc] INFO  o.e.m.c.i.e.AbstractTransferListenerAdapter - Downloading https://repo.maven.apache.org/maven2/org/springframework/spring-context-support/6.2.12/spring-context-support-6.2.12-sources.jar
2025-12-09 14:55:23,831 [Worker-44: Download sources and javadoc] INFO  o.e.m.c.i.e.AbstractTransferListenerAdapter - Downloaded https://repo.maven.apache.org/maven2/org/springframework/spring-context-support/6.2.12/spring-context-support-6.2.12-sources.jar
2025-12-09 14:55:23,837 [Worker-44: Download sources and javadoc] INFO  o.e.m.j.internal.DownloadSourcesJob - Downloaded sources for org.springframework:spring-context-support:6.2.12
2025-12-09 14:55:23,956 [Worker-49: Building] INFO  o.a.m.s.f.DefaultMavenResourcesFiltering - Copying 1 resource from src\main\resources to target\classes
2025-12-09 14:55:23,969 [Worker-49: Building] INFO  o.a.m.s.f.DefaultMavenResourcesFiltering - Copying 0 resource from src\main\resources to target\classes
2025-12-09 14:55:23,971 [Worker-49: Building] INFO  o.a.m.s.f.DefaultMavenResourcesFiltering - skip non existing resourceDirectory E:\Full-stack\E_commerce\Customer_Api\src\test\resources
2025-12-09 14:55:23,983 [Worker-44: Download sources and javadoc] INFO  o.e.m.c.i.e.AbstractTransferListenerAdapter - Downloading https://repo.maven.apache.org/maven2/org/eclipse/angus/jakarta.mail/2.0.5/jakarta.mail-2.0.5-sources.jar
2025-12-09 14:55:24,120 [Worker-44: Download sources and javadoc] INFO  o.e.m.c.i.e.AbstractTransferListenerAdapter - Downloaded https://repo.maven.apache.org/maven2/org/eclipse/angus/jakarta.mail/2.0.5/jakarta.mail-2.0.5-sources.jar
2025-12-09 14:55:24,125 [Worker-44: Download sources and javadoc] INFO  o.e.m.j.internal.DownloadSourcesJob - Downloaded sources for org.eclipse.angus:jakarta.mail:2.0.5
2025-12-09 14:55:51,478 [Worker-44: Building] INFO  o.a.m.s.f.DefaultMavenResourcesFiltering - Copying 1 resource from src\main\resources to target\classes
2025-12-09 14:55:51,483 [Worker-44: Building] INFO  o.a.m.s.f.DefaultMavenResourcesFiltering - Copying 0 resource from src\main\resources to target\classes
2025-12-09 14:55:51,486 [Worker-44: Building] INFO  o.a.m.s.f.DefaultMavenResourcesFiltering - skip non existing resourceDirectory E:\Full-stack\E_commerce\Customer_Api\src\test\resources
2025-12-09 14:59:08,919 [Worker-44: Building] INFO  o.a.m.s.f.DefaultMavenResourcesFiltering - Copying 1 resource from src\main\resources to target\classes
2025-12-09 14:59:08,924 [Worker-44: Building] INFO  o.a.m.s.f.DefaultMavenResourcesFiltering - Copying 0 resource from src\main\resources to target\classes
2025-12-09 14:59:08,926 [Worker-44: Building] INFO  o.a.m.s.f.DefaultMavenResourcesFiltering - skip non existing resourceDirectory E:\Full-stack\E_commerce\Customer_Api\src\test\resources
2025-12-09 14:59:59,556 [Worker-44: Building] INFO  o.a.m.s.f.DefaultMavenResourcesFiltering - Copying 1 resource from src\main\resources to target\classes
2025-12-09 14:59:59,561 [Worker-44: Building] INFO  o.a.m.s.f.DefaultMavenResourcesFiltering - Copying 0 resource from src\main\resources to target\classes
2025-12-09 14:59:59,563 [Worker-44: Building] INFO  o.a.m.s.f.DefaultMavenResourcesFiltering - skip non existing resourceDirectory E:\Full-stack\E_commerce\Customer_Api\src\test\resources
2025-12-09 15:01:21,134 [Worker-44: Building] INFO  o.a.m.s.f.DefaultMavenResourcesFiltering - Copying 1 resource from src\main\resources to target\classes
2025-12-09 15:01:21,139 [Worker-44: Building] INFO  o.a.m.s.f.DefaultMavenResourcesFiltering - Copying 0 resource from src\main\resources to target\classes
2025-12-09 15:01:21,142 [Worker-44: Building] INFO  o.a.m.s.f.DefaultMavenResourcesFiltering - skip non existing resourceDirectory E:\Full-stack\E_commerce\Customer_Api\src\test\resources
2025-12-09 15:02:12,630 [Worker-51: Building] INFO  o.a.m.s.f.DefaultMavenResourcesFiltering - Copying 1 resource from src\main\resources to target\classes
2025-12-09 15:02:12,637 [Worker-51: Building] INFO  o.a.m.s.f.DefaultMavenResourcesFiltering - Copying 0 resource from src\main\resources to target\classes
2025-12-09 15:02:12,638 [Worker-51: Building] INFO  o.a.m.s.f.DefaultMavenResourcesFiltering - skip non existing resourceDirectory E:\Full-stack\E_commerce\Customer_Api\src\test\resources
2025-12-09 15:04:33,927 [Worker-44: Building] INFO  o.a.m.s.f.DefaultMavenResourcesFiltering - Copying 1 resource from src\main\resources to target\classes
2025-12-09 15:04:33,932 [Worker-44: Building] INFO  o.a.m.s.f.DefaultMavenResourcesFiltering - Copying 0 resource from src\main\resources to target\classes
2025-12-09 15:04:33,934 [Worker-44: Building] INFO  o.a.m.s.f.DefaultMavenResourcesFiltering - skip non existing resourceDirectory E:\Full-stack\E_commerce\Customer_Api\src\test\resources
2025-12-09 15:07:50,790 [Worker-39: Building] INFO  o.a.m.s.f.DefaultMavenResourcesFiltering - Copying 1 resource from src\main\resources to target\classes
2025-12-09 15:07:50,795 [Worker-39: Building] INFO  o.a.m.s.f.DefaultMavenResourcesFiltering - Copying 0 resource from src\main\resources to target\classes
2025-12-09 15:07:50,797 [Worker-39: Building] INFO  o.a.m.s.f.DefaultMavenResourcesFiltering - skip non existing resourceDirectory E:\Full-stack\E_commerce\Customer_Api\src\test\resources
2025-12-10 11:28:03,859 [Worker-6: Loading available Gradle versions] INFO  o.e.b.c.i.u.g.PublishedGradleVersions - Gradle version information cache is out-of-date. Trying to update.
2025-12-10 11:28:14,300 [Worker-6: Loading available Gradle versions] INFO  o.e.b.c.i.u.g.PublishedGradleVersions - Updating Gradle version information cache failed. Using outdated cache.
2025-12-10 11:59:01,956 [Worker-7: Building] INFO  o.a.m.s.f.DefaultMavenResourcesFiltering - Copying 1 resource from src\main\resources to target\classes
2025-12-10 11:59:01,969 [Worker-7: Building] INFO  o.a.m.s.f.DefaultMavenResourcesFiltering - Copying 0 resource from src\main\resources to target\classes
2025-12-10 11:59:01,974 [Worker-7: Building] INFO  o.a.m.s.f.DefaultMavenResourcesFiltering - skip non existing resourceDirectory E:\Full-stack\E_commerce\Customer_Api\src\test\resources
2025-12-10 12:00:41,099 [Worker-6: Building] INFO  o.a.m.s.f.DefaultMavenResourcesFiltering - Copying 1 resource from src\main\resources to target\classes
2025-12-10 12:00:41,105 [Worker-6: Building] INFO  o.a.m.s.f.DefaultMavenResourcesFiltering - Copying 0 resource from src\main\resources to target\classes
2025-12-10 12:00:41,108 [Worker-6: Building] INFO  o.a.m.s.f.DefaultMavenResourcesFiltering - skip non existing resourceDirectory E:\Full-stack\E_commerce\Customer_Api\src\test\resources
2025-12-10 12:04:51,854 [Worker-14: Building] INFO  o.a.m.s.f.DefaultMavenResourcesFiltering - Copying 1 resource from src\main\resources to target\classes
2025-12-10 12:04:51,860 [Worker-14: Building] INFO  o.a.m.s.f.DefaultMavenResourcesFiltering - Copying 0 resource from src\main\resources to target\classes
2025-12-10 12:04:51,864 [Worker-14: Building] INFO  o.a.m.s.f.DefaultMavenResourcesFiltering - skip non existing resourceDirectory E:\Full-stack\E_commerce\Customer_Api\src\test\resources
2025-12-10 12:04:57,279 [Worker-13: Building] INFO  o.a.m.s.f.DefaultMavenResourcesFiltering - Copying 1 resource from src\main\resources to target\classes
2025-12-10 12:04:57,283 [Worker-13: Building] INFO  o.a.m.s.f.DefaultMavenResourcesFiltering - Copying 0 resource from src\main\resources to target\classes
2025-12-10 12:04:57,287 [Worker-13: Building] INFO  o.a.m.s.f.DefaultMavenResourcesFiltering - skip non existing resourceDirectory E:\Full-stack\E_commerce\Customer_Api\src\test\resources
2025-12-10 12:05:21,575 [Worker-7: Building] INFO  o.a.m.s.f.DefaultMavenResourcesFiltering - Copying 1 resource from src\main\resources to target\classes
2025-12-10 12:05:21,580 [Worker-7: Building] INFO  o.a.m.s.f.DefaultMavenResourcesFiltering - Copying 0 resource from src\main\resources to target\classes
2025-12-10 12:05:21,582 [Worker-7: Building] INFO  o.a.m.s.f.DefaultMavenResourcesFiltering - skip non existing resourceDirectory E:\Full-stack\E_commerce\Customer_Api\src\test\resources
2025-12-10 12:26:39,665 [Worker-19: Building] INFO  o.a.m.s.f.DefaultMavenResourcesFiltering - Copying 1 resource from src\main\resources to target\classes
2025-12-10 12:26:39,670 [Worker-19: Building] INFO  o.a.m.s.f.DefaultMavenResourcesFiltering - Copying 0 resource from src\main\resources to target\classes
2025-12-10 12:26:39,673 [Worker-19: Building] INFO  o.a.m.s.f.DefaultMavenResourcesFiltering - skip non existing resourceDirectory E:\Full-stack\E_commerce\Customer_Api\src\test\resources
2025-12-10 12:27:48,273 [Worker-7: Building] INFO  o.a.m.s.f.DefaultMavenResourcesFiltering - Copying 1 resource from src\main\resources to target\classes
2025-12-10 12:27:48,277 [Worker-7: Building] INFO  o.a.m.s.f.DefaultMavenResourcesFiltering - Copying 0 resource from src\main\resources to target\classes
2025-12-10 12:27:48,279 [Worker-7: Building] INFO  o.a.m.s.f.DefaultMavenResourcesFiltering - skip non existing resourceDirectory E:\Full-stack\E_commerce\Customer_Api\src\test\resources
2025-12-10 12:31:28,471 [Worker-23: Building] INFO  o.a.m.s.f.DefaultMavenResourcesFiltering - Copying 1 resource from src\main\resources to target\classes
2025-12-10 12:31:28,477 [Worker-23: Building] INFO  o.a.m.s.f.DefaultMavenResourcesFiltering - Copying 0 resource from src\main\resources to target\classes
2025-12-10 12:31:28,479 [Worker-23: Building] INFO  o.a.m.s.f.DefaultMavenResourcesFiltering - skip non existing resourceDirectory E:\Full-stack\E_commerce\Customer_Api\src\test\resources
2025-12-10 12:31:41,843 [Worker-7: Building] INFO  o.a.m.s.f.DefaultMavenResourcesFiltering - Copying 1 resource from src\main\resources to target\classes
2025-12-10 12:31:41,847 [Worker-7: Building] INFO  o.a.m.s.f.DefaultMavenResourcesFiltering - Copying 0 resource from src\main\resources to target\classes
2025-12-10 12:31:41,850 [Worker-7: Building] INFO  o.a.m.s.f.DefaultMavenResourcesFiltering - skip non existing resourceDirectory E:\Full-stack\E_commerce\Customer_Api\src\test\resources
2025-12-10 12:32:29,075 [Worker-24: Building] INFO  o.a.m.s.f.DefaultMavenResourcesFiltering - Copying 1 resource from src\main\resources to target\classes
2025-12-10 12:32:29,079 [Worker-24: Building] INFO  o.a.m.s.f.DefaultMavenResourcesFiltering - Copying 0 resource from src\main\resources to target\classes
2025-12-10 12:32:29,082 [Worker-24: Building] INFO  o.a.m.s.f.DefaultMavenResourcesFiltering - skip non existing resourceDirectory E:\Full-stack\E_commerce\Customer_Api\src\test\resources
2025-12-10 12:33:06,112 [Worker-7: Building] INFO  o.a.m.s.f.DefaultMavenResourcesFiltering - Copying 1 resource from src\main\resources to target\classes
2025-12-10 12:33:06,117 [Worker-7: Building] INFO  o.a.m.s.f.DefaultMavenResourcesFiltering - Copying 0 resource from src\main\resources to target\classes
2025-12-10 12:33:06,120 [Worker-7: Building] INFO  o.a.m.s.f.DefaultMavenResourcesFiltering - skip non existing resourceDirectory E:\Full-stack\E_commerce\Customer_Api\src\test\resources
2025-12-10 12:33:10,313 [Worker-7: Building] INFO  o.a.m.s.f.DefaultMavenResourcesFiltering - Copying 1 resource from src\main\resources to target\classes
2025-12-10 12:33:10,318 [Worker-7: Building] INFO  o.a.m.s.f.DefaultMavenResourcesFiltering - Copying 0 resource from src\main\resources to target\classes
2025-12-10 12:33:10,322 [Worker-7: Building] INFO  o.a.m.s.f.DefaultMavenResourcesFiltering - skip non existing resourceDirectory E:\Full-stack\E_commerce\Customer_Api\src\test\resources
2025-12-10 12:33:30,301 [Worker-23: Building] INFO  o.a.m.s.f.DefaultMavenResourcesFiltering - Copying 1 resource from src\main\resources to target\classes
2025-12-10 12:33:30,306 [Worker-23: Building] INFO  o.a.m.s.f.DefaultMavenResourcesFiltering - Copying 0 resource from src\main\resources to target\classes
2025-12-10 12:33:30,309 [Worker-23: Building] INFO  o.a.m.s.f.DefaultMavenResourcesFiltering - skip non existing resourceDirectory E:\Full-stack\E_commerce\Customer_Api\src\test\resources
2025-12-10 12:34:38,964 [Worker-7: Building] INFO  o.a.m.s.f.DefaultMavenResourcesFiltering - Copying 1 resource from src\main\resources to target\classes
2025-12-10 12:34:38,970 [Worker-7: Building] INFO  o.a.m.s.f.DefaultMavenResourcesFiltering - Copying 0 resource from src\main\resources to target\classes
2025-12-10 12:34:38,973 [Worker-7: Building] INFO  o.a.m.s.f.DefaultMavenResourcesFiltering - skip non existing resourceDirectory E:\Full-stack\E_commerce\Customer_Api\src\test\resources
2025-12-10 12:35:18,458 [Worker-22: Building] INFO  o.a.m.s.f.DefaultMavenResourcesFiltering - Copying 1 resource from src\main\resources to target\classes
2025-12-10 12:35:18,463 [Worker-22: Building] INFO  o.a.m.s.f.DefaultMavenResourcesFiltering - Copying 0 resource from src\main\resources to target\classes
2025-12-10 12:35:18,467 [Worker-22: Building] INFO  o.a.m.s.f.DefaultMavenResourcesFiltering - skip non existing resourceDirectory E:\Full-stack\E_commerce\Customer_Api\src\test\resources
2025-12-10 12:35:42,849 [Worker-7: Building] INFO  o.a.m.s.f.DefaultMavenResourcesFiltering - Copying 1 resource from src\main\resources to target\classes
2025-12-10 12:35:42,853 [Worker-7: Building] INFO  o.a.m.s.f.DefaultMavenResourcesFiltering - Copying 0 resource from src\main\resources to target\classes
2025-12-10 12:35:42,856 [Worker-7: Building] INFO  o.a.m.s.f.DefaultMavenResourcesFiltering - skip non existing resourceDirectory E:\Full-stack\E_commerce\Customer_Api\src\test\resources
2025-12-10 12:36:15,437 [Worker-25: Building] INFO  o.a.m.s.f.DefaultMavenResourcesFiltering - Copying 1 resource from src\main\resources to target\classes
2025-12-10 12:36:15,443 [Worker-25: Building] INFO  o.a.m.s.f.DefaultMavenResourcesFiltering - Copying 0 resource from src\main\resources to target\classes
2025-12-10 12:36:15,445 [Worker-25: Building] INFO  o.a.m.s.f.DefaultMavenResourcesFiltering - skip non existing resourceDirectory E:\Full-stack\E_commerce\Customer_Api\src\test\resources
2025-12-10 12:36:29,222 [Worker-23: Building] INFO  o.a.m.s.f.DefaultMavenResourcesFiltering - Copying 1 resource from src\main\resources to target\classes
2025-12-10 12:36:29,227 [Worker-23: Building] INFO  o.a.m.s.f.DefaultMavenResourcesFiltering - Copying 0 resource from src\main\resources to target\classes
2025-12-10 12:36:29,230 [Worker-23: Building] INFO  o.a.m.s.f.DefaultMavenResourcesFiltering - skip non existing resourceDirectory E:\Full-stack\E_commerce\Customer_Api\src\test\resources
2025-12-10 12:38:24,213 [Worker-24: Building] INFO  o.a.m.s.f.DefaultMavenResourcesFiltering - Copying 1 resource from src\main\resources to target\classes
2025-12-10 12:38:24,218 [Worker-24: Building] INFO  o.a.m.s.f.DefaultMavenResourcesFiltering - Copying 0 resource from src\main\resources to target\classes
2025-12-10 12:38:24,220 [Worker-24: Building] INFO  o.a.m.s.f.DefaultMavenResourcesFiltering - skip non existing resourceDirectory E:\Full-stack\E_commerce\Customer_Api\src\test\resources
2025-12-10 12:41:05,854 [Worker-27: Building] INFO  o.a.m.s.f.DefaultMavenResourcesFiltering - Copying 1 resource from src\main\resources to target\classes
2025-12-10 12:41:05,860 [Worker-27: Building] INFO  o.a.m.s.f.DefaultMavenResourcesFiltering - Copying 0 resource from src\main\resources to target\classes
2025-12-10 12:41:05,862 [Worker-27: Building] INFO  o.a.m.s.f.DefaultMavenResourcesFiltering - skip non existing resourceDirectory E:\Full-stack\E_commerce\Customer_Api\src\test\resources
2025-12-10 12:41:19,037 [Worker-29: Building] INFO  o.a.m.s.f.DefaultMavenResourcesFiltering - Copying 1 resource from src\main\resources to target\classes
2025-12-10 12:41:19,042 [Worker-29: Building] INFO  o.a.m.s.f.DefaultMavenResourcesFiltering - Copying 0 resource from src\main\resources to target\classes
2025-12-10 12:41:19,045 [Worker-29: Building] INFO  o.a.m.s.f.DefaultMavenResourcesFiltering - skip non existing resourceDirectory E:\Full-stack\E_commerce\Customer_Api\src\test\resources
2025-12-10 14:31:41,854 [Worker-20: Building] INFO  o.a.m.s.f.DefaultMavenResourcesFiltering - Copying 1 resource from src\main\resources to target\classes
2025-12-10 14:31:41,876 [Worker-20: Building] INFO  o.a.m.s.f.DefaultMavenResourcesFiltering - Copying 0 resource from src\main\resources to target\classes
2025-12-10 14:31:41,881 [Worker-20: Building] INFO  o.a.m.s.f.DefaultMavenResourcesFiltering - skip non existing resourceDirectory E:\Full-stack\E_commerce\Customer_Api\src\test\resources
2025-12-10 14:34:01,511 [Worker-33: Building] INFO  o.a.m.s.f.DefaultMavenResourcesFiltering - Copying 1 resource from src\main\resources to target\classes
2025-12-10 14:34:01,524 [Worker-33: Building] INFO  o.a.m.s.f.DefaultMavenResourcesFiltering - Copying 0 resource from src\main\resources to target\classes
2025-12-10 14:34:01,526 [Worker-33: Building] INFO  o.a.m.s.f.DefaultMavenResourcesFiltering - skip non existing resourceDirectory E:\Full-stack\E_commerce\Customer_Api\src\test\resources
2025-12-10 14:34:31,598 [Worker-33: Building] INFO  o.a.m.s.f.DefaultMavenResourcesFiltering - Copying 1 resource from src\main\resources to target\classes
2025-12-10 14:34:31,604 [Worker-33: Building] INFO  o.a.m.s.f.DefaultMavenResourcesFiltering - Copying 0 resource from src\main\resources to target\classes
2025-12-10 14:34:31,606 [Worker-33: Building] INFO  o.a.m.s.f.DefaultMavenResourcesFiltering - skip non existing resourceDirectory E:\Full-stack\E_commerce\Customer_Api\src\test\resources
2025-12-10 14:37:28,490 [Worker-36: Building] INFO  o.a.m.s.f.DefaultMavenResourcesFiltering - Copying 1 resource from src\main\resources to target\classes
2025-12-10 14:37:28,495 [Worker-36: Building] INFO  o.a.m.s.f.DefaultMavenResourcesFiltering - Copying 0 resource from src\main\resources to target\classes
2025-12-10 14:37:28,497 [Worker-36: Building] INFO  o.a.m.s.f.DefaultMavenResourcesFiltering - skip non existing resourceDirectory E:\Full-stack\E_commerce\Customer_Api\src\test\resources
2025-12-10 15:49:15,770 [Worker-42: Building] INFO  o.a.m.s.f.DefaultMavenResourcesFiltering - Copying 1 resource from src\main\resources to target\classes
2025-12-10 15:49:15,777 [Worker-42: Building] INFO  o.a.m.s.f.DefaultMavenResourcesFiltering - Copying 0 resource from src\main\resources to target\classes
2025-12-10 15:49:15,781 [Worker-42: Building] INFO  o.a.m.s.f.DefaultMavenResourcesFiltering - skip non existing resourceDirectory E:\Full-stack\E_commerce\Customer_Api\src\test\resources
2025-12-10 15:50:07,694 [Worker-48: Building] INFO  o.a.m.s.f.DefaultMavenResourcesFiltering - Copying 1 resource from src\main\resources to target\classes
2025-12-10 15:50:07,701 [Worker-48: Building] INFO  o.a.m.s.f.DefaultMavenResourcesFiltering - Copying 0 resource from src\main\resources to target\classes
2025-12-10 15:50:07,706 [Worker-48: Building] INFO  o.a.m.s.f.DefaultMavenResourcesFiltering - skip non existing resourceDirectory E:\Full-stack\E_commerce\Customer_Api\src\test\resources
2025-12-10 15:50:22,695 [Worker-45: Building] INFO  o.a.m.s.f.DefaultMavenResourcesFiltering - Copying 1 resource from src\main\resources to target\classes
2025-12-10 15:50:22,703 [Worker-45: Building] INFO  o.a.m.s.f.DefaultMavenResourcesFiltering - Copying 0 resource from src\main\resources to target\classes
2025-12-10 15:50:22,707 [Worker-45: Building] INFO  o.a.m.s.f.DefaultMavenResourcesFiltering - skip non existing resourceDirectory E:\Full-stack\E_commerce\Customer_Api\src\test\resources
2025-12-10 15:52:14,391 [Worker-45: Building] INFO  o.a.m.s.f.DefaultMavenResourcesFiltering - Copying 1 resource from src\main\resources to target\classes
2025-12-10 15:52:14,396 [Worker-45: Building] INFO  o.a.m.s.f.DefaultMavenResourcesFiltering - Copying 0 resource from src\main\resources to target\classes
2025-12-10 15:52:14,399 [Worker-45: Building] INFO  o.a.m.s.f.DefaultMavenResourcesFiltering - skip non existing resourceDirectory E:\Full-stack\E_commerce\Customer_Api\src\test\resources
2025-12-11 11:32:51,000 [Worker-12: Building] INFO  o.a.m.s.f.DefaultMavenResourcesFiltering - Copying 1 resource from src\main\resources to target\classes
2025-12-11 11:32:51,018 [Worker-12: Building] INFO  o.a.m.s.f.DefaultMavenResourcesFiltering - Copying 0 resource from src\main\resources to target\classes
2025-12-11 11:32:51,021 [Worker-12: Building] INFO  o.a.m.s.f.DefaultMavenResourcesFiltering - skip non existing resourceDirectory E:\Full-stack\E_commerce\Customer_Api\src\test\resources
2025-12-11 11:37:19,298 [Worker-11: Building] INFO  o.a.m.s.f.DefaultMavenResourcesFiltering - Copying 1 resource from src\main\resources to target\classes
2025-12-11 11:37:19,305 [Worker-11: Building] INFO  o.a.m.s.f.DefaultMavenResourcesFiltering - Copying 0 resource from src\main\resources to target\classes
2025-12-11 11:37:19,308 [Worker-11: Building] INFO  o.a.m.s.f.DefaultMavenResourcesFiltering - skip non existing resourceDirectory E:\Full-stack\E_commerce\Customer_Api\src\test\resources
2025-12-11 11:37:48,545 [Worker-15: Building] INFO  o.a.m.s.f.DefaultMavenResourcesFiltering - Copying 1 resource from src\main\resources to target\classes
2025-12-11 11:37:48,550 [Worker-15: Building] INFO  o.a.m.s.f.DefaultMavenResourcesFiltering - Copying 0 resource from src\main\resources to target\classes
2025-12-11 11:37:48,552 [Worker-15: Building] INFO  o.a.m.s.f.DefaultMavenResourcesFiltering - skip non existing resourceDirectory E:\Full-stack\E_commerce\Customer_Api\src\test\resources
2025-12-11 12:28:25,482 [Worker-16: Loading available Gradle versions] INFO  o.e.b.c.i.u.g.PublishedGradleVersions - Gradle version information cache is up-to-date. Trying to read.
2025-12-11 13:06:54,778 [Worker-29: Building] INFO  o.a.m.s.f.DefaultMavenResourcesFiltering - Copying 1 resource from src\main\resources to target\classes
2025-12-11 13:06:54,784 [Worker-29: Building] INFO  o.a.m.s.f.DefaultMavenResourcesFiltering - Copying 0 resource from src\main\resources to target\classes
2025-12-11 13:06:54,789 [Worker-29: Building] INFO  o.a.m.s.f.DefaultMavenResourcesFiltering - skip non existing resourceDirectory E:\Full-stack\E_commerce\Customer_Api\src\test\resources
2025-12-11 13:07:14,304 [Worker-25: Building] INFO  o.a.m.s.f.DefaultMavenResourcesFiltering - Copying 1 resource from src\main\resources to target\classes
2025-12-11 13:07:14,311 [Worker-25: Building] INFO  o.a.m.s.f.DefaultMavenResourcesFiltering - Copying 0 resource from src\main\resources to target\classes
2025-12-11 13:07:14,315 [Worker-25: Building] INFO  o.a.m.s.f.DefaultMavenResourcesFiltering - skip non existing resourceDirectory E:\Full-stack\E_commerce\Customer_Api\src\test\resources
2025-12-11 13:07:33,570 [Worker-29: Building] INFO  o.a.m.s.f.DefaultMavenResourcesFiltering - Copying 1 resource from src\main\resources to target\classes
2025-12-11 13:07:33,576 [Worker-29: Building] INFO  o.a.m.s.f.DefaultMavenResourcesFiltering - Copying 0 resource from src\main\resources to target\classes
2025-12-11 13:07:33,580 [Worker-29: Building] INFO  o.a.m.s.f.DefaultMavenResourcesFiltering - skip non existing resourceDirectory E:\Full-stack\E_commerce\Customer_Api\src\test\resources
2025-12-11 13:08:42,962 [Worker-28: Building] INFO  o.a.m.s.f.DefaultMavenResourcesFiltering - Copying 1 resource from src\main\resources to target\classes
2025-12-11 13:08:42,967 [Worker-28: Building] INFO  o.a.m.s.f.DefaultMavenResourcesFiltering - Copying 0 resource from src\main\resources to target\classes
2025-12-11 13:08:42,970 [Worker-28: Building] INFO  o.a.m.s.f.DefaultMavenResourcesFiltering - skip non existing resourceDirectory E:\Full-stack\E_commerce\Customer_Api\src\test\resources
2025-12-11 13:58:34,890 [Worker-32: Building] INFO  o.a.m.s.f.DefaultMavenResourcesFiltering - Copying 1 resource from src\main\resources to target\classes
2025-12-11 13:58:34,896 [Worker-32: Building] INFO  o.a.m.s.f.DefaultMavenResourcesFiltering - Copying 0 resource from src\main\resources to target\classes
2025-12-11 13:58:34,902 [Worker-32: Building] INFO  o.a.m.s.f.DefaultMavenResourcesFiltering - skip non existing resourceDirectory E:\Full-stack\E_commerce\Customer_Api\src\test\resources
2025-12-11 13:59:49,839 [Worker-25: Building] INFO  o.a.m.s.f.DefaultMavenResourcesFiltering - Copying 1 resource from src\main\resources to target\classes
2025-12-11 13:59:49,844 [Worker-25: Building] INFO  o.a.m.s.f.DefaultMavenResourcesFiltering - Copying 0 resource from src\main\resources to target\classes
2025-12-11 13:59:49,847 [Worker-25: Building] INFO  o.a.m.s.f.DefaultMavenResourcesFiltering - skip non existing resourceDirectory E:\Full-stack\E_commerce\Customer_Api\src\test\resources
2025-12-11 14:01:46,252 [Worker-25: Building] INFO  o.a.m.s.f.DefaultMavenResourcesFiltering - Copying 1 resource from src\main\resources to target\classes
2025-12-11 14:01:46,256 [Worker-25: Building] INFO  o.a.m.s.f.DefaultMavenResourcesFiltering - Copying 0 resource from src\main\resources to target\classes
2025-12-11 14:01:46,258 [Worker-25: Building] INFO  o.a.m.s.f.DefaultMavenResourcesFiltering - skip non existing resourceDirectory E:\Full-stack\E_commerce\Customer_Api\src\test\resources
2025-12-11 14:02:05,766 [Worker-35: Building] INFO  o.a.m.s.f.DefaultMavenResourcesFiltering - Copying 1 resource from src\main\resources to target\classes
2025-12-11 14:02:05,772 [Worker-35: Building] INFO  o.a.m.s.f.DefaultMavenResourcesFiltering - Copying 0 resource from src\main\resources to target\classes
2025-12-11 14:02:05,775 [Worker-35: Building] INFO  o.a.m.s.f.DefaultMavenResourcesFiltering - skip non existing resourceDirectory E:\Full-stack\E_commerce\Customer_Api\src\test\resources
2025-12-11 14:02:17,196 [Worker-37: Building] INFO  o.a.m.s.f.DefaultMavenResourcesFiltering - Copying 1 resource from src\main\resources to target\classes
2025-12-11 14:02:17,200 [Worker-37: Building] INFO  o.a.m.s.f.DefaultMavenResourcesFiltering - Copying 0 resource from src\main\resources to target\classes
2025-12-11 14:02:17,203 [Worker-37: Building] INFO  o.a.m.s.f.DefaultMavenResourcesFiltering - skip non existing resourceDirectory E:\Full-stack\E_commerce\Customer_Api\src\test\resources
2025-12-11 14:03:03,234 [Worker-34: Building] INFO  o.a.m.s.f.DefaultMavenResourcesFiltering - Copying 1 resource from src\main\resources to target\classes
2025-12-11 14:03:03,240 [Worker-34: Building] INFO  o.a.m.s.f.DefaultMavenResourcesFiltering - Copying 0 resource from src\main\resources to target\classes
2025-12-11 14:03:03,243 [Worker-34: Building] INFO  o.a.m.s.f.DefaultMavenResourcesFiltering - skip non existing resourceDirectory E:\Full-stack\E_commerce\Customer_Api\src\test\resources
2025-12-11 14:44:00,221 [Worker-40: Building] INFO  o.a.m.s.f.DefaultMavenResourcesFiltering - Copying 1 resource from src\main\resources to target\classes
2025-12-11 14:44:00,229 [Worker-40: Building] INFO  o.a.m.s.f.DefaultMavenResourcesFiltering - Copying 0 resource from src\main\resources to target\classes
2025-12-11 14:44:00,232 [Worker-40: Building] INFO  o.a.m.s.f.DefaultMavenResourcesFiltering - skip non existing resourceDirectory E:\Full-stack\E_commerce\Customer_Api\src\test\resources
2025-12-11 14:53:00,632 [Worker-43: Building] INFO  o.a.m.s.f.DefaultMavenResourcesFiltering - Copying 1 resource from src\main\resources to target\classes
2025-12-11 14:53:00,637 [Worker-43: Building] INFO  o.a.m.s.f.DefaultMavenResourcesFiltering - Copying 0 resource from src\main\resources to target\classes
2025-12-11 14:53:00,641 [Worker-43: Building] INFO  o.a.m.s.f.DefaultMavenResourcesFiltering - skip non existing resourceDirectory E:\Full-stack\E_commerce\Customer_Api\src\test\resources
2025-12-11 14:53:24,739 [Worker-42: Building] INFO  o.a.m.s.f.DefaultMavenResourcesFiltering - Copying 1 resource from src\main\resources to target\classes
2025-12-11 14:53:24,746 [Worker-42: Building] INFO  o.a.m.s.f.DefaultMavenResourcesFiltering - Copying 0 resource from src\main\resources to target\classes
2025-12-11 14:53:24,748 [Worker-42: Building] INFO  o.a.m.s.f.DefaultMavenResourcesFiltering - skip non existing resourceDirectory E:\Full-stack\E_commerce\Customer_Api\src\test\resources
2025-12-11 14:53:45,158 [Worker-45: Building] INFO  o.a.m.s.f.DefaultMavenResourcesFiltering - Copying 1 resource from src\main\resources to target\classes
2025-12-11 14:53:45,162 [Worker-45: Building] INFO  o.a.m.s.f.DefaultMavenResourcesFiltering - Copying 0 resource from src\main\resources to target\classes
2025-12-11 14:53:45,164 [Worker-45: Building] INFO  o.a.m.s.f.DefaultMavenResourcesFiltering - skip non existing resourceDirectory E:\Full-stack\E_commerce\Customer_Api\src\test\resources
2025-12-11 14:56:08,446 [Worker-37: Building] INFO  o.a.m.s.f.DefaultMavenResourcesFiltering - Copying 1 resource from src\main\resources to target\classes
2025-12-11 14:56:08,451 [Worker-37: Building] INFO  o.a.m.s.f.DefaultMavenResourcesFiltering - Copying 0 resource from src\main\resources to target\classes
2025-12-11 14:56:08,455 [Worker-37: Building] INFO  o.a.m.s.f.DefaultMavenResourcesFiltering - skip non existing resourceDirectory E:\Full-stack\E_commerce\Customer_Api\src\test\resources
2025-12-11 14:56:19,187 [Worker-42: Building] INFO  o.a.m.s.f.DefaultMavenResourcesFiltering - Copying 1 resource from src\main\resources to target\classes
2025-12-11 14:56:19,192 [Worker-42: Building] INFO  o.a.m.s.f.DefaultMavenResourcesFiltering - Copying 0 resource from src\main\resources to target\classes
2025-12-11 14:56:19,194 [Worker-42: Building] INFO  o.a.m.s.f.DefaultMavenResourcesFiltering - skip non existing resourceDirectory E:\Full-stack\E_commerce\Customer_Api\src\test\resources
2025-12-11 14:56:29,922 [Worker-44: Building] INFO  o.a.m.s.f.DefaultMavenResourcesFiltering - Copying 1 resource from src\main\resources to target\classes
2025-12-11 14:56:29,927 [Worker-44: Building] INFO  o.a.m.s.f.DefaultMavenResourcesFiltering - Copying 0 resource from src\main\resources to target\classes
2025-12-11 14:56:29,929 [Worker-44: Building] INFO  o.a.m.s.f.DefaultMavenResourcesFiltering - skip non existing resourceDirectory E:\Full-stack\E_commerce\Customer_Api\src\test\resources
2025-12-11 14:58:42,956 [Worker-38: Building] INFO  o.a.m.s.f.DefaultMavenResourcesFiltering - Copying 1 resource from src\main\resources to target\classes
2025-12-11 14:58:42,960 [Worker-38: Building] INFO  o.a.m.s.f.DefaultMavenResourcesFiltering - Copying 0 resource from src\main\resources to target\classes
2025-12-11 14:58:42,963 [Worker-38: Building] INFO  o.a.m.s.f.DefaultMavenResourcesFiltering - skip non existing resourceDirectory E:\Full-stack\E_commerce\Customer_Api\src\test\resources
2025-12-11 14:59:05,675 [Worker-45: Building] INFO  o.a.m.s.f.DefaultMavenResourcesFiltering - Copying 1 resource from src\main\resources to target\classes
2025-12-11 14:59:05,681 [Worker-45: Building] INFO  o.a.m.s.f.DefaultMavenResourcesFiltering - Copying 0 resource from src\main\resources to target\classes
2025-12-11 14:59:05,685 [Worker-45: Building] INFO  o.a.m.s.f.DefaultMavenResourcesFiltering - skip non existing resourceDirectory E:\Full-stack\E_commerce\Customer_Api\src\test\resources
2025-12-11 14:59:21,454 [Worker-45: Building] INFO  o.a.m.s.f.DefaultMavenResourcesFiltering - Copying 1 resource from src\main\resources to target\classes
2025-12-11 14:59:21,457 [Worker-45: Building] INFO  o.a.m.s.f.DefaultMavenResourcesFiltering - Copying 0 resource from src\main\resources to target\classes
2025-12-11 14:59:21,459 [Worker-45: Building] INFO  o.a.m.s.f.DefaultMavenResourcesFiltering - skip non existing resourceDirectory E:\Full-stack\E_commerce\Customer_Api\src\test\resources
2025-12-11 14:59:31,806 [Worker-38: Building] INFO  o.a.m.s.f.DefaultMavenResourcesFiltering - Copying 1 resource from src\main\resources to target\classes
2025-12-11 14:59:31,812 [Worker-38: Building] INFO  o.a.m.s.f.DefaultMavenResourcesFiltering - Copying 0 resource from src\main\resources to target\classes
2025-12-11 14:59:31,814 [Worker-38: Building] INFO  o.a.m.s.f.DefaultMavenResourcesFiltering - skip non existing resourceDirectory E:\Full-stack\E_commerce\Customer_Api\src\test\resources
2025-12-11 15:00:20,194 [Worker-42: Building] INFO  o.a.m.s.f.DefaultMavenResourcesFiltering - Copying 1 resource from src\main\resources to target\classes
2025-12-11 15:00:20,200 [Worker-42: Building] INFO  o.a.m.s.f.DefaultMavenResourcesFiltering - Copying 0 resource from src\main\resources to target\classes
2025-12-11 15:00:20,202 [Worker-42: Building] INFO  o.a.m.s.f.DefaultMavenResourcesFiltering - skip non existing resourceDirectory E:\Full-stack\E_commerce\Customer_Api\src\test\resources
2025-12-11 15:00:32,384 [Worker-43: Building] INFO  o.a.m.s.f.DefaultMavenResourcesFiltering - Copying 1 resource from src\main\resources to target\classes
2025-12-11 15:00:32,388 [Worker-43: Building] INFO  o.a.m.s.f.DefaultMavenResourcesFiltering - Copying 0 resource from src\main\resources to target\classes
2025-12-11 15:00:32,390 [Worker-43: Building] INFO  o.a.m.s.f.DefaultMavenResourcesFiltering - skip non existing resourceDirectory E:\Full-stack\E_commerce\Customer_Api\src\test\resources
2025-12-11 15:00:40,254 [Worker-38: Building] INFO  o.a.m.s.f.DefaultMavenResourcesFiltering - Copying 1 resource from src\main\resources to target\classes
2025-12-11 15:00:40,261 [Worker-38: Building] INFO  o.a.m.s.f.DefaultMavenResourcesFiltering - Copying 0 resource from src\main\resources to target\classes
2025-12-11 15:00:40,264 [Worker-38: Building] INFO  o.a.m.s.f.DefaultMavenResourcesFiltering - skip non existing resourceDirectory E:\Full-stack\E_commerce\Customer_Api\src\test\resources
2025-12-11 15:01:50,756 [Worker-42: Building] INFO  o.a.m.s.f.DefaultMavenResourcesFiltering - Copying 1 resource from src\main\resources to target\classes
2025-12-11 15:01:50,760 [Worker-42: Building] INFO  o.a.m.s.f.DefaultMavenResourcesFiltering - Copying 0 resource from src\main\resources to target\classes
2025-12-11 15:01:50,764 [Worker-42: Building] INFO  o.a.m.s.f.DefaultMavenResourcesFiltering - skip non existing resourceDirectory E:\Full-stack\E_commerce\Customer_Api\src\test\resources
2025-12-11 15:20:18,529 [Worker-50: Building] INFO  o.a.m.s.f.DefaultMavenResourcesFiltering - Copying 1 resource from src\main\resources to target\classes
2025-12-11 15:20:18,537 [Worker-50: Building] INFO  o.a.m.s.f.DefaultMavenResourcesFiltering - Copying 0 resource from src\main\resources to target\classes
2025-12-11 15:20:18,543 [Worker-50: Building] INFO  o.a.m.s.f.DefaultMavenResourcesFiltering - skip non existing resourceDirectory E:\Full-stack\E_commerce\Customer_Api\src\test\resources
2025-12-11 15:20:36,286 [Worker-50: Building] INFO  o.a.m.s.f.DefaultMavenResourcesFiltering - Copying 1 resource from src\main\resources to target\classes
2025-12-11 15:20:36,291 [Worker-50: Building] INFO  o.a.m.s.f.DefaultMavenResourcesFiltering - Copying 0 resource from src\main\resources to target\classes
2025-12-11 15:20:36,294 [Worker-50: Building] INFO  o.a.m.s.f.DefaultMavenResourcesFiltering - skip non existing resourceDirectory E:\Full-stack\E_commerce\Customer_Api\src\test\resources
2025-12-11 15:21:03,466 [Worker-48: Building] INFO  o.a.m.s.f.DefaultMavenResourcesFiltering - Copying 1 resource from src\main\resources to target\classes
2025-12-11 15:21:03,473 [Worker-48: Building] INFO  o.a.m.s.f.DefaultMavenResourcesFiltering - Copying 0 resource from src\main\resources to target\classes
2025-12-11 15:21:03,480 [Worker-48: Building] INFO  o.a.m.s.f.DefaultMavenResourcesFiltering - skip non existing resourceDirectory E:\Full-stack\E_commerce\Customer_Api\src\test\resources
2025-12-11 15:21:08,015 [Worker-52: Building] INFO  o.a.m.s.f.DefaultMavenResourcesFiltering - Copying 1 resource from src\main\resources to target\classes
2025-12-11 15:21:08,022 [Worker-52: Building] INFO  o.a.m.s.f.DefaultMavenResourcesFiltering - Copying 0 resource from src\main\resources to target\classes
2025-12-11 15:21:08,025 [Worker-52: Building] INFO  o.a.m.s.f.DefaultMavenResourcesFiltering - skip non existing resourceDirectory E:\Full-stack\E_commerce\Customer_Api\src\test\resources
2025-12-11 15:55:42,702 [Worker-57: Building] INFO  o.a.m.s.f.DefaultMavenResourcesFiltering - Copying 1 resource from src\main\resources to target\classes
2025-12-11 15:55:42,719 [Worker-57: Building] INFO  o.a.m.s.f.DefaultMavenResourcesFiltering - Copying 0 resource from src\main\resources to target\classes
2025-12-11 15:55:42,725 [Worker-57: Building] INFO  o.a.m.s.f.DefaultMavenResourcesFiltering - skip non existing resourceDirectory E:\Full-stack\E_commerce\Customer_Api\src\test\resources
2025-12-11 15:56:06,601 [Worker-50: Building] INFO  o.a.m.s.f.DefaultMavenResourcesFiltering - Copying 1 resource from src\main\resources to target\classes
2025-12-11 15:56:06,607 [Worker-50: Building] INFO  o.a.m.s.f.DefaultMavenResourcesFiltering - Copying 0 resource from src\main\resources to target\classes
2025-12-11 15:56:06,611 [Worker-50: Building] INFO  o.a.m.s.f.DefaultMavenResourcesFiltering - skip non existing resourceDirectory E:\Full-stack\E_commerce\Customer_Api\src\test\resources
2025-12-11 16:02:52,402 [Worker-60: Building] INFO  o.a.m.s.f.DefaultMavenResourcesFiltering - Copying 1 resource from src\main\resources to target\classes
2025-12-11 16:02:52,409 [Worker-60: Building] INFO  o.a.m.s.f.DefaultMavenResourcesFiltering - Copying 0 resource from src\main\resources to target\classes
2025-12-11 16:02:52,412 [Worker-60: Building] INFO  o.a.m.s.f.DefaultMavenResourcesFiltering - skip non existing resourceDirectory E:\Full-stack\E_commerce\Customer_Api\src\test\resources
2025-12-13 11:25:43,072 [Worker-10: Building] INFO  o.a.m.s.f.DefaultMavenResourcesFiltering - Copying 1 resource from src\main\resources to target\classes
2025-12-13 11:25:43,088 [Worker-10: Building] INFO  o.a.m.s.f.DefaultMavenResourcesFiltering - Copying 0 resource from src\main\resources to target\classes
2025-12-13 11:25:43,092 [Worker-10: Building] INFO  o.a.m.s.f.DefaultMavenResourcesFiltering - skip non existing resourceDirectory E:\Full-stack\E_commerce\Customer_Api\src\test\resources
2025-12-13 11:26:30,261 [Worker-9: Building] INFO  o.a.m.s.f.DefaultMavenResourcesFiltering - Copying 1 resource from src\main\resources to target\classes
2025-12-13 11:26:30,267 [Worker-9: Building] INFO  o.a.m.s.f.DefaultMavenResourcesFiltering - Copying 0 resource from src\main\resources to target\classes
2025-12-13 11:26:30,269 [Worker-9: Building] INFO  o.a.m.s.f.DefaultMavenResourcesFiltering - skip non existing resourceDirectory E:\Full-stack\E_commerce\Customer_Api\src\test\resources
2025-12-13 11:29:38,869 [Worker-2: Building] INFO  o.a.m.s.f.DefaultMavenResourcesFiltering - Copying 1 resource from src\main\resources to target\classes
2025-12-13 11:29:38,874 [Worker-2: Building] INFO  o.a.m.s.f.DefaultMavenResourcesFiltering - Copying 0 resource from src\main\resources to target\classes
2025-12-13 11:29:38,876 [Worker-2: Building] INFO  o.a.m.s.f.DefaultMavenResourcesFiltering - skip non existing resourceDirectory E:\Full-stack\E_commerce\Customer_Api\src\test\resources
2025-12-13 11:30:18,185 [Worker-8: Building] INFO  o.a.m.s.f.DefaultMavenResourcesFiltering - Copying 1 resource from src\main\resources to target\classes
2025-12-13 11:30:18,191 [Worker-8: Building] INFO  o.a.m.s.f.DefaultMavenResourcesFiltering - Copying 0 resource from src\main\resources to target\classes
2025-12-13 11:30:18,193 [Worker-8: Building] INFO  o.a.m.s.f.DefaultMavenResourcesFiltering - skip non existing resourceDirectory E:\Full-stack\E_commerce\Customer_Api\src\test\resources
2025-12-13 11:33:04,888 [Worker-14: Building] INFO  o.a.m.s.f.DefaultMavenResourcesFiltering - Copying 1 resource from src\main\resources to target\classes
2025-12-13 11:33:04,892 [Worker-14: Building] INFO  o.a.m.s.f.DefaultMavenResourcesFiltering - Copying 0 resource from src\main\resources to target\classes
2025-12-13 11:33:04,894 [Worker-14: Building] INFO  o.a.m.s.f.DefaultMavenResourcesFiltering - skip non existing resourceDirectory E:\Full-stack\E_commerce\Customer_Api\src\test\resources
2025-12-13 11:35:00,149 [Worker-13: Building] INFO  o.a.m.s.f.DefaultMavenResourcesFiltering - Copying 1 resource from src\main\resources to target\classes
2025-12-13 11:35:00,156 [Worker-13: Building] INFO  o.a.m.s.f.DefaultMavenResourcesFiltering - Copying 0 resource from src\main\resources to target\classes
2025-12-13 11:35:00,159 [Worker-13: Building] INFO  o.a.m.s.f.DefaultMavenResourcesFiltering - skip non existing resourceDirectory E:\Full-stack\E_commerce\Customer_Api\src\test\resources
2025-12-13 11:37:00,391 [Worker-18: Building] INFO  o.a.m.s.f.DefaultMavenResourcesFiltering - Copying 1 resource from src\main\resources to target\classes
2025-12-13 11:37:00,396 [Worker-18: Building] INFO  o.a.m.s.f.DefaultMavenResourcesFiltering - Copying 0 resource from src\main\resources to target\classes
2025-12-13 11:37:00,399 [Worker-18: Building] INFO  o.a.m.s.f.DefaultMavenResourcesFiltering - skip non existing resourceDirectory E:\Full-stack\E_commerce\Customer_Api\src\test\resources
2025-12-13 12:14:47,874 [Worker-16: Building] INFO  o.a.m.s.f.DefaultMavenResourcesFiltering - Copying 1 resource from src\main\resources to target\classes
2025-12-13 12:14:47,882 [Worker-16: Building] INFO  o.a.m.s.f.DefaultMavenResourcesFiltering - Copying 0 resource from src\main\resources to target\classes
2025-12-13 12:14:47,887 [Worker-16: Building] INFO  o.a.m.s.f.DefaultMavenResourcesFiltering - skip non existing resourceDirectory E:\Full-stack\E_commerce\Customer_Api\src\test\resources
2025-12-13 12:15:04,586 [Worker-25: Building] INFO  o.a.m.s.f.DefaultMavenResourcesFiltering - Copying 1 resource from src\main\resources to target\classes
2025-12-13 12:15:04,591 [Worker-25: Building] INFO  o.a.m.s.f.DefaultMavenResourcesFiltering - Copying 0 resource from src\main\resources to target\classes
2025-12-13 12:15:04,595 [Worker-25: Building] INFO  o.a.m.s.f.DefaultMavenResourcesFiltering - skip non existing resourceDirectory E:\Full-stack\E_commerce\Customer_Api\src\test\resources
2025-12-13 12:21:31,856 [Worker-16: Loading available Gradle versions] INFO  o.e.b.c.i.u.g.PublishedGradleVersions - Gradle version information cache is up-to-date. Trying to read.
2025-12-13 12:37:11,833 [Worker-26: Building] INFO  o.a.m.s.f.DefaultMavenResourcesFiltering - Copying 1 resource from src\main\resources to target\classes
2025-12-13 12:37:11,839 [Worker-26: Building] INFO  o.a.m.s.f.DefaultMavenResourcesFiltering - Copying 0 resource from src\main\resources to target\classes
2025-12-13 12:37:11,842 [Worker-26: Building] INFO  o.a.m.s.f.DefaultMavenResourcesFiltering - skip non existing resourceDirectory E:\Full-stack\E_commerce\Customer_Api\src\test\resources
2025-12-13 12:38:32,400 [Worker-26: Building] INFO  o.a.m.s.f.DefaultMavenResourcesFiltering - Copying 1 resource from src\main\resources to target\classes
2025-12-13 12:38:32,406 [Worker-26: Building] INFO  o.a.m.s.f.DefaultMavenResourcesFiltering - Copying 0 resource from src\main\resources to target\classes
2025-12-13 12:38:32,410 [Worker-26: Building] INFO  o.a.m.s.f.DefaultMavenResourcesFiltering - skip non existing resourceDirectory E:\Full-stack\E_commerce\Customer_Api\src\test\resources
2025-12-13 12:38:36,925 [Worker-26: Building] INFO  o.a.m.s.f.DefaultMavenResourcesFiltering - Copying 1 resource from src\main\resources to target\classes
2025-12-13 12:38:36,932 [Worker-26: Building] INFO  o.a.m.s.f.DefaultMavenResourcesFiltering - Copying 0 resource from src\main\resources to target\classes
2025-12-13 12:38:36,935 [Worker-26: Building] INFO  o.a.m.s.f.DefaultMavenResourcesFiltering - skip non existing resourceDirectory E:\Full-stack\E_commerce\Customer_Api\src\test\resources
2025-12-13 12:38:44,389 [Worker-31: Building] INFO  o.a.m.s.f.DefaultMavenResourcesFiltering - Copying 1 resource from src\main\resources to target\classes
2025-12-13 12:38:44,393 [Worker-31: Building] INFO  o.a.m.s.f.DefaultMavenResourcesFiltering - Copying 0 resource from src\main\resources to target\classes
2025-12-13 12:38:44,395 [Worker-31: Building] INFO  o.a.m.s.f.DefaultMavenResourcesFiltering - skip non existing resourceDirectory E:\Full-stack\E_commerce\Customer_Api\src\test\resources
2025-12-13 12:38:57,910 [Worker-30: Building] INFO  o.a.m.s.f.DefaultMavenResourcesFiltering - Copying 1 resource from src\main\resources to target\classes
2025-12-13 12:38:57,914 [Worker-30: Building] INFO  o.a.m.s.f.DefaultMavenResourcesFiltering - Copying 0 resource from src\main\resources to target\classes
2025-12-13 12:38:57,916 [Worker-30: Building] INFO  o.a.m.s.f.DefaultMavenResourcesFiltering - skip non existing resourceDirectory E:\Full-stack\E_commerce\Customer_Api\src\test\resources
2025-12-15 08:39:42,478 [Worker-9: Loading available Gradle versions] INFO  o.e.b.c.i.u.g.PublishedGradleVersions - Gradle version information cache is out-of-date. Trying to update.
2025-12-15 12:11:02,587 [Worker-6: Loading available Gradle versions] INFO  o.e.b.c.i.u.g.PublishedGradleVersions - Gradle version information cache is up-to-date. Trying to read.
2025-12-15 12:12:53,582 [Worker-3: Building] INFO  o.a.m.s.f.DefaultMavenResourcesFiltering - Copying 1 resource from src\main\resources to target\classes
2025-12-15 12:12:53,600 [Worker-3: Building] INFO  o.a.m.s.f.DefaultMavenResourcesFiltering - Copying 0 resource from src\main\resources to target\classes
2025-12-15 12:12:53,604 [Worker-3: Building] INFO  o.a.m.s.f.DefaultMavenResourcesFiltering - skip non existing resourceDirectory E:\Full-stack\E_commerce\Customer_Api\src\test\resources
2025-12-15 12:13:08,111 [Worker-1: Building] INFO  o.a.m.s.f.DefaultMavenResourcesFiltering - Copying 1 resource from src\main\resources to target\classes
2025-12-15 12:13:08,117 [Worker-1: Building] INFO  o.a.m.s.f.DefaultMavenResourcesFiltering - Copying 0 resource from src\main\resources to target\classes
2025-12-15 12:13:08,120 [Worker-1: Building] INFO  o.a.m.s.f.DefaultMavenResourcesFiltering - skip non existing resourceDirectory E:\Full-stack\E_commerce\Customer_Api\src\test\resources
2025-12-15 12:15:31,803 [Worker-12: Building] INFO  o.a.m.s.f.DefaultMavenResourcesFiltering - Copying 1 resource from src\main\resources to target\classes
2025-12-15 12:15:31,808 [Worker-12: Building] INFO  o.a.m.s.f.DefaultMavenResourcesFiltering - Copying 0 resource from src\main\resources to target\classes
2025-12-15 12:15:31,811 [Worker-12: Building] INFO  o.a.m.s.f.DefaultMavenResourcesFiltering - skip non existing resourceDirectory E:\Full-stack\E_commerce\Customer_Api\src\test\resources
2025-12-15 12:15:41,270 [Worker-2: Building] INFO  o.a.m.s.f.DefaultMavenResourcesFiltering - Copying 1 resource from src\main\resources to target\classes
2025-12-15 12:15:41,276 [Worker-2: Building] INFO  o.a.m.s.f.DefaultMavenResourcesFiltering - Copying 0 resource from src\main\resources to target\classes
2025-12-15 12:15:41,279 [Worker-2: Building] INFO  o.a.m.s.f.DefaultMavenResourcesFiltering - skip non existing resourceDirectory E:\Full-stack\E_commerce\Customer_Api\src\test\resources
2025-12-15 12:15:52,557 [Worker-13: Building] INFO  o.a.m.s.f.DefaultMavenResourcesFiltering - Copying 1 resource from src\main\resources to target\classes
2025-12-15 12:15:52,561 [Worker-13: Building] INFO  o.a.m.s.f.DefaultMavenResourcesFiltering - Copying 0 resource from src\main\resources to target\classes
2025-12-15 12:15:52,565 [Worker-13: Building] INFO  o.a.m.s.f.DefaultMavenResourcesFiltering - skip non existing resourceDirectory E:\Full-stack\E_commerce\Customer_Api\src\test\resources
2025-12-15 12:16:01,033 [Worker-14: Building] INFO  o.a.m.s.f.DefaultMavenResourcesFiltering - Copying 1 resource from src\main\resources to target\classes
2025-12-15 12:16:01,039 [Worker-14: Building] INFO  o.a.m.s.f.DefaultMavenResourcesFiltering - Copying 0 resource from src\main\resources to target\classes
2025-12-15 12:16:01,042 [Worker-14: Building] INFO  o.a.m.s.f.DefaultMavenResourcesFiltering - skip non existing resourceDirectory E:\Full-stack\E_commerce\Customer_Api\src\test\resources
2025-12-15 12:16:18,672 [Worker-12: Building] INFO  o.a.m.s.f.DefaultMavenResourcesFiltering - Copying 1 resource from src\main\resources to target\classes
2025-12-15 12:16:18,677 [Worker-12: Building] INFO  o.a.m.s.f.DefaultMavenResourcesFiltering - Copying 0 resource from src\main\resources to target\classes
2025-12-15 12:16:18,680 [Worker-12: Building] INFO  o.a.m.s.f.DefaultMavenResourcesFiltering - skip non existing resourceDirectory E:\Full-stack\E_commerce\Customer_Api\src\test\resources
2025-12-15 12:17:38,292 [Worker-13: Building] INFO  o.a.m.s.f.DefaultMavenResourcesFiltering - Copying 1 resource from src\main\resources to target\classes
2025-12-15 12:17:38,299 [Worker-13: Building] INFO  o.a.m.s.f.DefaultMavenResourcesFiltering - Copying 0 resource from src\main\resources to target\classes
2025-12-15 12:17:38,301 [Worker-13: Building] INFO  o.a.m.s.f.DefaultMavenResourcesFiltering - skip non existing resourceDirectory E:\Full-stack\E_commerce\Customer_Api\src\test\resources
2025-12-15 12:18:21,298 [Worker-16: Building] INFO  o.a.m.s.f.DefaultMavenResourcesFiltering - Copying 1 resource from src\main\resources to target\classes
2025-12-15 12:18:21,304 [Worker-16: Building] INFO  o.a.m.s.f.DefaultMavenResourcesFiltering - Copying 0 resource from src\main\resources to target\classes
2025-12-15 12:18:21,307 [Worker-16: Building] INFO  o.a.m.s.f.DefaultMavenResourcesFiltering - skip non existing resourceDirectory E:\Full-stack\E_commerce\Customer_Api\src\test\resources
2025-12-15 12:19:14,076 [Worker-16: Building] INFO  o.a.m.s.f.DefaultMavenResourcesFiltering - Copying 1 resource from src\main\resources to target\classes
2025-12-15 12:19:14,081 [Worker-16: Building] INFO  o.a.m.s.f.DefaultMavenResourcesFiltering - Copying 0 resource from src\main\resources to target\classes
2025-12-15 12:19:14,083 [Worker-16: Building] INFO  o.a.m.s.f.DefaultMavenResourcesFiltering - skip non existing resourceDirectory E:\Full-stack\E_commerce\Customer_Api\src\test\resources
2025-12-15 12:19:26,480 [Worker-13: Building] INFO  o.a.m.s.f.DefaultMavenResourcesFiltering - Copying 1 resource from src\main\resources to target\classes
2025-12-15 12:19:26,484 [Worker-13: Building] INFO  o.a.m.s.f.DefaultMavenResourcesFiltering - Copying 0 resource from src\main\resources to target\classes
2025-12-15 12:19:26,487 [Worker-13: Building] INFO  o.a.m.s.f.DefaultMavenResourcesFiltering - skip non existing resourceDirectory E:\Full-stack\E_commerce\Customer_Api\src\test\resources
2025-12-15 12:19:45,510 [Worker-15: Building] INFO  o.a.m.s.f.DefaultMavenResourcesFiltering - Copying 1 resource from src\main\resources to target\classes
2025-12-15 12:19:45,516 [Worker-15: Building] INFO  o.a.m.s.f.DefaultMavenResourcesFiltering - Copying 0 resource from src\main\resources to target\classes
2025-12-15 12:19:45,518 [Worker-15: Building] INFO  o.a.m.s.f.DefaultMavenResourcesFiltering - skip non existing resourceDirectory E:\Full-stack\E_commerce\Customer_Api\src\test\resources
2025-12-15 13:02:26,602 [Worker-19: Building] INFO  o.a.m.s.f.DefaultMavenResourcesFiltering - Copying 1 resource from src\main\resources to target\classes
2025-12-15 13:02:26,608 [Worker-19: Building] INFO  o.a.m.s.f.DefaultMavenResourcesFiltering - Copying 0 resource from src\main\resources to target\classes
2025-12-15 13:02:26,610 [Worker-19: Building] INFO  o.a.m.s.f.DefaultMavenResourcesFiltering - skip non existing resourceDirectory E:\Full-stack\E_commerce\Customer_Api\src\test\resources
2025-12-15 13:02:34,614 [Worker-21: Building] INFO  o.a.m.s.f.DefaultMavenResourcesFiltering - Copying 1 resource from src\main\resources to target\classes
2025-12-15 13:02:34,619 [Worker-21: Building] INFO  o.a.m.s.f.DefaultMavenResourcesFiltering - Copying 0 resource from src\main\resources to target\classes
2025-12-15 13:02:34,622 [Worker-21: Building] INFO  o.a.m.s.f.DefaultMavenResourcesFiltering - skip non existing resourceDirectory E:\Full-stack\E_commerce\Customer_Api\src\test\resources
2025-12-15 13:02:41,433 [Worker-16: Building] INFO  o.a.m.s.f.DefaultMavenResourcesFiltering - Copying 1 resource from src\main\resources to target\classes
2025-12-15 13:02:41,439 [Worker-16: Building] INFO  o.a.m.s.f.DefaultMavenResourcesFiltering - Copying 0 resource from src\main\resources to target\classes
2025-12-15 13:02:41,443 [Worker-16: Building] INFO  o.a.m.s.f.DefaultMavenResourcesFiltering - skip non existing resourceDirectory E:\Full-stack\E_commerce\Customer_Api\src\test\resources
2025-12-15 13:03:39,462 [Worker-20: Building] INFO  o.a.m.s.f.DefaultMavenResourcesFiltering - Copying 1 resource from src\main\resources to target\classes
2025-12-15 13:03:39,467 [Worker-20: Building] INFO  o.a.m.s.f.DefaultMavenResourcesFiltering - Copying 0 resource from src\main\resources to target\classes
2025-12-15 13:03:39,469 [Worker-20: Building] INFO  o.a.m.s.f.DefaultMavenResourcesFiltering - skip non existing resourceDirectory E:\Full-stack\E_commerce\Customer_Api\src\test\resources
2025-12-15 14:07:03,010 [Worker-23: Building] INFO  o.a.m.s.f.DefaultMavenResourcesFiltering - Copying 1 resource from src\main\resources to target\classes
2025-12-15 14:07:03,018 [Worker-23: Building] INFO  o.a.m.s.f.DefaultMavenResourcesFiltering - Copying 0 resource from src\main\resources to target\classes
2025-12-15 14:07:03,022 [Worker-23: Building] INFO  o.a.m.s.f.DefaultMavenResourcesFiltering - skip non existing resourceDirectory E:\Full-stack\E_commerce\Customer_Api\src\test\resources
2025-12-15 14:12:35,997 [Worker-31: Building] INFO  o.a.m.s.f.DefaultMavenResourcesFiltering - Copying 1 resource from src\main\resources to target\classes
2025-12-15 14:12:36,004 [Worker-31: Building] INFO  o.a.m.s.f.DefaultMavenResourcesFiltering - Copying 0 resource from src\main\resources to target\classes
2025-12-15 14:12:36,007 [Worker-31: Building] INFO  o.a.m.s.f.DefaultMavenResourcesFiltering - skip non existing resourceDirectory E:\Full-stack\E_commerce\Customer_Api\src\test\resources
2025-12-15 14:23:32,982 [Worker-35: Building] INFO  o.a.m.s.f.DefaultMavenResourcesFiltering - Copying 1 resource from src\main\resources to target\classes
2025-12-15 14:23:32,990 [Worker-35: Building] INFO  o.a.m.s.f.DefaultMavenResourcesFiltering - Copying 0 resource from src\main\resources to target\classes
2025-12-15 14:23:32,993 [Worker-35: Building] INFO  o.a.m.s.f.DefaultMavenResourcesFiltering - skip non existing resourceDirectory E:\Full-stack\E_commerce\Customer_Api\src\test\resources
2025-12-15 14:23:41,877 [Worker-37: Building] INFO  o.a.m.s.f.DefaultMavenResourcesFiltering - Copying 1 resource from src\main\resources to target\classes
2025-12-15 14:23:41,882 [Worker-37: Building] INFO  o.a.m.s.f.DefaultMavenResourcesFiltering - Copying 0 resource from src\main\resources to target\classes
2025-12-15 14:23:41,886 [Worker-37: Building] INFO  o.a.m.s.f.DefaultMavenResourcesFiltering - skip non existing resourceDirectory E:\Full-stack\E_commerce\Customer_Api\src\test\resources
2025-12-15 14:23:46,154 [Worker-32: Building] INFO  o.a.m.s.f.DefaultMavenResourcesFiltering - Copying 1 resource from src\main\resources to target\classes
2025-12-15 14:23:46,160 [Worker-32: Building] INFO  o.a.m.s.f.DefaultMavenResourcesFiltering - Copying 0 resource from src\main\resources to target\classes
2025-12-15 14:23:46,164 [Worker-32: Building] INFO  o.a.m.s.f.DefaultMavenResourcesFiltering - skip non existing resourceDirectory E:\Full-stack\E_commerce\Customer_Api\src\test\resources
2025-12-15 14:57:32,839 [Worker-42: Building] INFO  o.a.m.s.f.DefaultMavenResourcesFiltering - Copying 1 resource from src\main\resources to target\classes
2025-12-15 14:57:32,855 [Worker-42: Building] INFO  o.a.m.s.f.DefaultMavenResourcesFiltering - Copying 0 resource from src\main\resources to target\classes
2025-12-15 14:57:32,862 [Worker-42: Building] INFO  o.a.m.s.f.DefaultMavenResourcesFiltering - skip non existing resourceDirectory E:\Full-stack\E_commerce\Customer_Api\src\test\resources
2025-12-15 15:04:05,578 [Worker-50: Building] INFO  o.a.m.s.f.DefaultMavenResourcesFiltering - Copying 1 resource from src\main\resources to target\classes
2025-12-15 15:04:05,590 [Worker-50: Building] INFO  o.a.m.s.f.DefaultMavenResourcesFiltering - Copying 0 resource from src\main\resources to target\classes
2025-12-15 15:04:05,592 [Worker-50: Building] INFO  o.a.m.s.f.DefaultMavenResourcesFiltering - skip non existing resourceDirectory E:\Full-stack\E_commerce\Customer_Api\src\test\resources
2025-12-15 15:04:25,490 [Worker-49: Building] INFO  o.a.m.s.f.DefaultMavenResourcesFiltering - Copying 1 resource from src\main\resources to target\classes
2025-12-15 15:04:25,501 [Worker-49: Building] INFO  o.a.m.s.f.DefaultMavenResourcesFiltering - Copying 0 resource from src\main\resources to target\classes
2025-12-15 15:04:25,503 [Worker-49: Building] INFO  o.a.m.s.f.DefaultMavenResourcesFiltering - skip non existing resourceDirectory E:\Full-stack\E_commerce\Customer_Api\src\test\resources
2025-12-15 15:06:51,795 [Worker-53: Building] INFO  o.a.m.s.f.DefaultMavenResourcesFiltering - Copying 1 resource from src\main\resources to target\classes
2025-12-15 15:06:51,802 [Worker-53: Building] INFO  o.a.m.s.f.DefaultMavenResourcesFiltering - Copying 0 resource from src\main\resources to target\classes
2025-12-15 15:06:51,806 [Worker-53: Building] INFO  o.a.m.s.f.DefaultMavenResourcesFiltering - skip non existing resourceDirectory E:\Full-stack\E_commerce\Customer_Api\src\test\resources
2025-12-15 15:08:26,022 [Worker-55: Building] INFO  o.a.m.s.f.DefaultMavenResourcesFiltering - Copying 1 resource from src\main\resources to target\classes
2025-12-15 15:08:26,027 [Worker-55: Building] INFO  o.a.m.s.f.DefaultMavenResourcesFiltering - Copying 0 resource from src\main\resources to target\classes
2025-12-15 15:08:26,030 [Worker-55: Building] INFO  o.a.m.s.f.DefaultMavenResourcesFiltering - skip non existing resourceDirectory E:\Full-stack\E_commerce\Customer_Api\src\test\resources
2025-12-15 15:08:47,534 [Worker-56: Building] INFO  o.a.m.s.f.DefaultMavenResourcesFiltering - Copying 1 resource from src\main\resources to target\classes
2025-12-15 15:08:47,539 [Worker-56: Building] INFO  o.a.m.s.f.DefaultMavenResourcesFiltering - Copying 0 resource from src\main\resources to target\classes
2025-12-15 15:08:47,542 [Worker-56: Building] INFO  o.a.m.s.f.DefaultMavenResourcesFiltering - skip non existing resourceDirectory E:\Full-stack\E_commerce\Customer_Api\src\test\resources
2025-12-15 15:09:12,555 [Worker-56: Building] INFO  o.a.m.s.f.DefaultMavenResourcesFiltering - Copying 1 resource from src\main\resources to target\classes
2025-12-15 15:09:12,561 [Worker-56: Building] INFO  o.a.m.s.f.DefaultMavenResourcesFiltering - Copying 0 resource from src\main\resources to target\classes
2025-12-15 15:09:12,563 [Worker-56: Building] INFO  o.a.m.s.f.DefaultMavenResourcesFiltering - skip non existing resourceDirectory E:\Full-stack\E_commerce\Customer_Api\src\test\resources
2025-12-15 15:10:12,637 [Worker-56: Building] INFO  o.a.m.s.f.DefaultMavenResourcesFiltering - Copying 1 resource from src\main\resources to target\classes
2025-12-15 15:10:12,641 [Worker-56: Building] INFO  o.a.m.s.f.DefaultMavenResourcesFiltering - Copying 0 resource from src\main\resources to target\classes
2025-12-15 15:10:12,643 [Worker-56: Building] INFO  o.a.m.s.f.DefaultMavenResourcesFiltering - skip non existing resourceDirectory E:\Full-stack\E_commerce\Customer_Api\src\test\resources
2025-12-15 15:12:17,063 [Worker-61: Building] INFO  o.a.m.s.f.DefaultMavenResourcesFiltering - Copying 1 resource from src\main\resources to target\classes
2025-12-15 15:12:17,090 [Worker-61: Building] INFO  o.a.m.s.f.DefaultMavenResourcesFiltering - Copying 0 resource from src\main\resources to target\classes
2025-12-15 15:12:17,095 [Worker-61: Building] INFO  o.a.m.s.f.DefaultMavenResourcesFiltering - skip non existing resourceDirectory E:\Full-stack\E_commerce\Customer_Api\src\test\resources
2025-12-15 15:31:27,713 [Worker-51: Building] INFO  o.a.m.s.f.DefaultMavenResourcesFiltering - Copying 1 resource from src\main\resources to target\classes
2025-12-15 15:31:27,719 [Worker-51: Building] INFO  o.a.m.s.f.DefaultMavenResourcesFiltering - Copying 0 resource from src\main\resources to target\classes
2025-12-15 15:31:27,721 [Worker-51: Building] INFO  o.a.m.s.f.DefaultMavenResourcesFiltering - skip non existing resourceDirectory E:\Full-stack\E_commerce\Customer_Api\src\test\resources
2025-12-15 15:46:46,506 [Worker-74: Building] INFO  o.a.m.s.f.DefaultMavenResourcesFiltering - Copying 1 resource from src\main\resources to target\classes
2025-12-15 15:46:46,520 [Worker-74: Building] INFO  o.a.m.s.f.DefaultMavenResourcesFiltering - Copying 0 resource from src\main\resources to target\classes
2025-12-15 15:46:46,522 [Worker-74: Building] INFO  o.a.m.s.f.DefaultMavenResourcesFiltering - skip non existing resourceDirectory E:\Full-stack\E_commerce\Customer_Api\src\test\resources
2025-12-16 08:33:43,362 [Worker-4: Loading available Gradle versions] INFO  o.e.b.c.i.u.g.PublishedGradleVersions - Gradle version information cache is up-to-date. Trying to read.
2025-12-16 11:29:01,456 [Worker-6: Loading available Gradle versions] INFO  o.e.b.c.i.u.g.PublishedGradleVersions - Gradle version information cache is up-to-date. Trying to read.
2025-12-16 11:31:24,975 [Worker-1: Import Getting Started Content] INFO  o.e.m.c.i.l.LifecycleMappingFactory - Using org.eclipse.m2e.jdt.JarLifecycleMapping lifecycle mapping for MavenProject: com.example:Order_Api:0.0.1-SNAPSHOT @ E:\Full-stack\E_commerce\Order_Api\pom.xml.
2025-12-16 11:31:25,188 [Worker-1: Import Getting Started Content] INFO  o.e.m.c.i.e.AbstractTransferListenerAdapter - Downloading https://repo.maven.apache.org/maven2/org/springframework/boot/spring-boot-starter-data-jpa/4.0.0/spring-boot-starter-data-jpa-4.0.0.pom
2025-12-16 11:31:25,221 [Worker-1: Import Getting Started Content] INFO  o.e.m.c.i.e.AbstractTransferListenerAdapter - Downloaded https://repo.maven.apache.org/maven2/org/springframework/boot/spring-boot-starter-data-jpa/4.0.0/spring-boot-starter-data-jpa-4.0.0.pom
2025-12-16 11:31:25,785 [Worker-1: Import Getting Started Content] INFO  o.e.m.c.i.e.AbstractTransferListenerAdapter - Downloading https://repo.maven.apache.org/maven2/org/springframework/boot/spring-boot-starter-jdbc/4.0.0/spring-boot-starter-jdbc-4.0.0.pom
2025-12-16 11:31:25,810 [Worker-1: Import Getting Started Content] INFO  o.e.m.c.i.e.AbstractTransferListenerAdapter - Downloaded https://repo.maven.apache.org/maven2/org/springframework/boot/spring-boot-starter-jdbc/4.0.0/spring-boot-starter-jdbc-4.0.0.pom
2025-12-16 11:31:25,870 [Worker-1: Import Getting Started Content] INFO  o.e.m.c.i.e.AbstractTransferListenerAdapter - Downloading https://repo.maven.apache.org/maven2/org/springframework/boot/spring-boot-jdbc/4.0.0/spring-boot-jdbc-4.0.0.pom
2025-12-16 11:31:25,896 [Worker-1: Import Getting Started Content] INFO  o.e.m.c.i.e.AbstractTransferListenerAdapter - Downloaded https://repo.maven.apache.org/maven2/org/springframework/boot/spring-boot-jdbc/4.0.0/spring-boot-jdbc-4.0.0.pom
2025-12-16 11:31:25,952 [Worker-1: Import Getting Started Content] INFO  o.e.m.c.i.e.AbstractTransferListenerAdapter - Downloading https://repo.maven.apache.org/maven2/org/springframework/boot/spring-boot-sql/4.0.0/spring-boot-sql-4.0.0.pom
2025-12-16 11:31:25,978 [Worker-1: Import Getting Started Content] INFO  o.e.m.c.i.e.AbstractTransferListenerAdapter - Downloaded https://repo.maven.apache.org/maven2/org/springframework/boot/spring-boot-sql/4.0.0/spring-boot-sql-4.0.0.pom
2025-12-16 11:31:26,015 [Worker-1: Import Getting Started Content] INFO  o.e.m.c.i.e.AbstractTransferListenerAdapter - Downloading https://repo.maven.apache.org/maven2/org/springframework/boot/spring-boot-transaction/4.0.0/spring-boot-transaction-4.0.0.pom
2025-12-16 11:31:26,040 [Worker-1: Import Getting Started Content] INFO  o.e.m.c.i.e.AbstractTransferListenerAdapter - Downloaded https://repo.maven.apache.org/maven2/org/springframework/boot/spring-boot-transaction/4.0.0/spring-boot-transaction-4.0.0.pom
2025-12-16 11:31:26,084 [Worker-1: Import Getting Started Content] INFO  o.e.m.c.i.e.AbstractTransferListenerAdapter - Downloading https://repo.maven.apache.org/maven2/org/springframework/boot/spring-boot-persistence/4.0.0/spring-boot-persistence-4.0.0.pom
2025-12-16 11:31:26,117 [Worker-1: Import Getting Started Content] INFO  o.e.m.c.i.e.AbstractTransferListenerAdapter - Downloaded https://repo.maven.apache.org/maven2/org/springframework/boot/spring-boot-persistence/4.0.0/spring-boot-persistence-4.0.0.pom
2025-12-16 11:31:26,167 [Worker-1: Import Getting Started Content] INFO  o.e.m.c.i.e.AbstractTransferListenerAdapter - Downloading https://repo.maven.apache.org/maven2/org/springframework/spring-tx/7.0.1/spring-tx-7.0.1.pom
2025-12-16 11:31:26,193 [Worker-1: Import Getting Started Content] INFO  o.e.m.c.i.e.AbstractTransferListenerAdapter - Downloaded https://repo.maven.apache.org/maven2/org/springframework/spring-tx/7.0.1/spring-tx-7.0.1.pom
2025-12-16 11:31:26,232 [Worker-1: Import Getting Started Content] INFO  o.e.m.c.i.e.AbstractTransferListenerAdapter - Downloading https://repo.maven.apache.org/maven2/org/springframework/spring-jdbc/7.0.1/spring-jdbc-7.0.1.pom
2025-12-16 11:31:26,257 [Worker-1: Import Getting Started Content] INFO  o.e.m.c.i.e.AbstractTransferListenerAdapter - Downloaded https://repo.maven.apache.org/maven2/org/springframework/spring-jdbc/7.0.1/spring-jdbc-7.0.1.pom
2025-12-16 11:31:26,338 [Worker-1: Import Getting Started Content] INFO  o.e.m.c.i.e.AbstractTransferListenerAdapter - Downloading https://repo.maven.apache.org/maven2/com/zaxxer/HikariCP/7.0.2/HikariCP-7.0.2.pom
2025-12-16 11:31:26,372 [Worker-1: Import Getting Started Content] INFO  o.e.m.c.i.e.AbstractTransferListenerAdapter - Downloaded https://repo.maven.apache.org/maven2/com/zaxxer/HikariCP/7.0.2/HikariCP-7.0.2.pom
2025-12-16 11:31:26,422 [Worker-1: Import Getting Started Content] INFO  o.e.m.c.i.e.AbstractTransferListenerAdapter - Downloading https://repo.maven.apache.org/maven2/org/springframework/boot/spring-boot-data-jpa/4.0.0/spring-boot-data-jpa-4.0.0.pom
2025-12-16 11:31:26,450 [Worker-1: Import Getting Started Content] INFO  o.e.m.c.i.e.AbstractTransferListenerAdapter - Downloaded https://repo.maven.apache.org/maven2/org/springframework/boot/spring-boot-data-jpa/4.0.0/spring-boot-data-jpa-4.0.0.pom
2025-12-16 11:31:26,489 [Worker-1: Import Getting Started Content] INFO  o.e.m.c.i.e.AbstractTransferListenerAdapter - Downloading https://repo.maven.apache.org/maven2/org/springframework/boot/spring-boot-data-commons/4.0.0/spring-boot-data-commons-4.0.0.pom
2025-12-16 11:31:26,514 [Worker-1: Import Getting Started Content] INFO  o.e.m.c.i.e.AbstractTransferListenerAdapter - Downloaded https://repo.maven.apache.org/maven2/org/springframework/boot/spring-boot-data-commons/4.0.0/spring-boot-data-commons-4.0.0.pom
2025-12-16 11:31:26,556 [Worker-1: Import Getting Started Content] INFO  o.e.m.c.i.e.AbstractTransferListenerAdapter - Downloading https://repo.maven.apache.org/maven2/org/springframework/data/spring-data-commons/4.0.0/spring-data-commons-4.0.0.pom
2025-12-16 11:31:26,594 [Worker-1: Import Getting Started Content] INFO  o.e.m.c.i.e.AbstractTransferListenerAdapter - Downloaded https://repo.maven.apache.org/maven2/org/springframework/data/spring-data-commons/4.0.0/spring-data-commons-4.0.0.pom
2025-12-16 11:31:26,660 [Worker-1: Import Getting Started Content] INFO  o.e.m.c.i.e.AbstractTransferListenerAdapter - Downloading https://repo.maven.apache.org/maven2/org/springframework/data/build/spring-data-parent/4.0.0/spring-data-parent-4.0.0.pom
2025-12-16 11:31:26,705 [Worker-1: Import Getting Started Content] INFO  o.e.m.c.i.e.AbstractTransferListenerAdapter - Downloaded https://repo.maven.apache.org/maven2/org/springframework/data/build/spring-data-parent/4.0.0/spring-data-parent-4.0.0.pom
2025-12-16 11:31:26,756 [Worker-1: Import Getting Started Content] INFO  o.e.m.c.i.e.AbstractTransferListenerAdapter - Downloading https://repo.maven.apache.org/maven2/org/springframework/data/build/spring-data-build/4.0.0/spring-data-build-4.0.0.pom
2025-12-16 11:31:26,779 [Worker-1: Import Getting Started Content] INFO  o.e.m.c.i.e.AbstractTransferListenerAdapter - Downloaded https://repo.maven.apache.org/maven2/org/springframework/data/build/spring-data-build/4.0.0/spring-data-build-4.0.0.pom
2025-12-16 11:31:26,820 [Worker-1: Import Getting Started Content] INFO  o.e.m.c.i.e.AbstractTransferListenerAdapter - Downloading https://repo.maven.apache.org/maven2/org/springframework/spring-framework-bom/7.0.0/spring-framework-bom-7.0.0.pom
2025-12-16 11:31:26,847 [Worker-1: Import Getting Started Content] INFO  o.e.m.c.i.e.AbstractTransferListenerAdapter - Downloaded https://repo.maven.apache.org/maven2/org/springframework/spring-framework-bom/7.0.0/spring-framework-bom-7.0.0.pom
2025-12-16 11:31:26,895 [Worker-1: Import Getting Started Content] INFO  o.e.m.c.i.e.AbstractTransferListenerAdapter - Downloading https://repo.maven.apache.org/maven2/org/jmolecules/jmolecules-bom/2025.0.0/jmolecules-bom-2025.0.0.pom
2025-12-16 11:31:26,918 [Worker-1: Import Getting Started Content] INFO  o.e.m.c.i.e.AbstractTransferListenerAdapter - Downloaded https://repo.maven.apache.org/maven2/org/jmolecules/jmolecules-bom/2025.0.0/jmolecules-bom-2025.0.0.pom
2025-12-16 11:31:26,961 [Worker-1: Import Getting Started Content] INFO  o.e.m.c.i.e.AbstractTransferListenerAdapter - Downloading https://repo.maven.apache.org/maven2/org/junit/junit-bom/6.0.0/junit-bom-6.0.0.pom
2025-12-16 11:31:26,984 [Worker-1: Import Getting Started Content] INFO  o.e.m.c.i.e.AbstractTransferListenerAdapter - Downloaded https://repo.maven.apache.org/maven2/org/junit/junit-bom/6.0.0/junit-bom-6.0.0.pom
2025-12-16 11:31:27,027 [Worker-1: Import Getting Started Content] INFO  o.e.m.c.i.e.AbstractTransferListenerAdapter - Downloading https://repo.maven.apache.org/maven2/org/testcontainers/testcontainers-bom/2.0.1/testcontainers-bom-2.0.1.pom
2025-12-16 11:31:27,054 [Worker-1: Import Getting Started Content] INFO  o.e.m.c.i.e.AbstractTransferListenerAdapter - Downloaded https://repo.maven.apache.org/maven2/org/testcontainers/testcontainers-bom/2.0.1/testcontainers-bom-2.0.1.pom
2025-12-16 11:31:27,096 [Worker-1: Import Getting Started Content] INFO  o.e.m.c.i.e.AbstractTransferListenerAdapter - Downloading https://repo.maven.apache.org/maven2/org/springframework/boot/spring-boot-hibernate/4.0.0/spring-boot-hibernate-4.0.0.pom
2025-12-16 11:31:27,120 [Worker-1: Import Getting Started Content] INFO  o.e.m.c.i.e.AbstractTransferListenerAdapter - Downloaded https://repo.maven.apache.org/maven2/org/springframework/boot/spring-boot-hibernate/4.0.0/spring-boot-hibernate-4.0.0.pom
2025-12-16 11:31:27,160 [Worker-1: Import Getting Started Content] INFO  o.e.m.c.i.e.AbstractTransferListenerAdapter - Downloading https://repo.maven.apache.org/maven2/org/springframework/boot/spring-boot-jpa/4.0.0/spring-boot-jpa-4.0.0.pom
2025-12-16 11:31:27,185 [Worker-1: Import Getting Started Content] INFO  o.e.m.c.i.e.AbstractTransferListenerAdapter - Downloaded https://repo.maven.apache.org/maven2/org/springframework/boot/spring-boot-jpa/4.0.0/spring-boot-jpa-4.0.0.pom
2025-12-16 11:31:27,224 [Worker-1: Import Getting Started Content] INFO  o.e.m.c.i.e.AbstractTransferListenerAdapter - Downloading https://repo.maven.apache.org/maven2/jakarta/persistence/jakarta.persistence-api/3.2.0/jakarta.persistence-api-3.2.0.pom
2025-12-16 11:31:27,252 [Worker-1: Import Getting Started Content] INFO  o.e.m.c.i.e.AbstractTransferListenerAdapter - Downloaded https://repo.maven.apache.org/maven2/jakarta/persistence/jakarta.persistence-api/3.2.0/jakarta.persistence-api-3.2.0.pom
2025-12-16 11:31:27,311 [Worker-1: Import Getting Started Content] INFO  o.e.m.c.i.e.AbstractTransferListenerAdapter - Downloading https://repo.maven.apache.org/maven2/org/springframework/spring-orm/7.0.1/spring-orm-7.0.1.pom
2025-12-16 11:31:27,336 [Worker-1: Import Getting Started Content] INFO  o.e.m.c.i.e.AbstractTransferListenerAdapter - Downloaded https://repo.maven.apache.org/maven2/org/springframework/spring-orm/7.0.1/spring-orm-7.0.1.pom
2025-12-16 11:31:27,371 [Worker-1: Import Getting Started Content] INFO  o.e.m.c.i.e.AbstractTransferListenerAdapter - Downloading https://repo.maven.apache.org/maven2/org/hibernate/orm/hibernate-core/7.1.8.Final/hibernate-core-7.1.8.Final.pom
2025-12-16 11:31:27,396 [Worker-1: Import Getting Started Content] INFO  o.e.m.c.i.e.AbstractTransferListenerAdapter - Downloaded https://repo.maven.apache.org/maven2/org/hibernate/orm/hibernate-core/7.1.8.Final/hibernate-core-7.1.8.Final.pom
2025-12-16 11:31:27,445 [Worker-1: Import Getting Started Content] INFO  o.e.m.c.i.e.AbstractTransferListenerAdapter - Downloading https://repo.maven.apache.org/maven2/org/hibernate/models/hibernate-models/1.0.1/hibernate-models-1.0.1.pom
2025-12-16 11:31:27,471 [Worker-1: Import Getting Started Content] INFO  o.e.m.c.i.e.AbstractTransferListenerAdapter - Downloaded https://repo.maven.apache.org/maven2/org/hibernate/models/hibernate-models/1.0.1/hibernate-models-1.0.1.pom
2025-12-16 11:31:27,536 [Worker-1: Import Getting Started Content] INFO  o.e.m.c.i.e.AbstractTransferListenerAdapter - Downloading https://repo.maven.apache.org/maven2/org/antlr/antlr4-runtime/4.13.2/antlr4-runtime-4.13.2.pom
2025-12-16 11:31:27,560 [Worker-1: Import Getting Started Content] INFO  o.e.m.c.i.e.AbstractTransferListenerAdapter - Downloaded https://repo.maven.apache.org/maven2/org/antlr/antlr4-runtime/4.13.2/antlr4-runtime-4.13.2.pom
2025-12-16 11:31:27,607 [Worker-1: Import Getting Started Content] INFO  o.e.m.c.i.e.AbstractTransferListenerAdapter - Downloading https://repo.maven.apache.org/maven2/org/antlr/antlr4-master/4.13.2/antlr4-master-4.13.2.pom
2025-12-16 11:31:27,632 [Worker-1: Import Getting Started Content] INFO  o.e.m.c.i.e.AbstractTransferListenerAdapter - Downloaded https://repo.maven.apache.org/maven2/org/antlr/antlr4-master/4.13.2/antlr4-master-4.13.2.pom
2025-12-16 11:31:27,675 [Worker-1: Import Getting Started Content] INFO  o.e.m.c.i.e.AbstractTransferListenerAdapter - Downloading https://repo.maven.apache.org/maven2/org/springframework/data/spring-data-jpa/4.0.0/spring-data-jpa-4.0.0.pom
2025-12-16 11:31:27,699 [Worker-1: Import Getting Started Content] INFO  o.e.m.c.i.e.AbstractTransferListenerAdapter - Downloaded https://repo.maven.apache.org/maven2/org/springframework/data/spring-data-jpa/4.0.0/spring-data-jpa-4.0.0.pom
2025-12-16 11:31:27,754 [Worker-1: Import Getting Started Content] INFO  o.e.m.c.i.e.AbstractTransferListenerAdapter - Downloading https://repo.maven.apache.org/maven2/org/springframework/data/spring-data-jpa-parent/4.0.0/spring-data-jpa-parent-4.0.0.pom
2025-12-16 11:31:27,778 [Worker-1: Import Getting Started Content] INFO  o.e.m.c.i.e.AbstractTransferListenerAdapter - Downloaded https://repo.maven.apache.org/maven2/org/springframework/data/spring-data-jpa-parent/4.0.0/spring-data-jpa-parent-4.0.0.pom
2025-12-16 11:31:27,821 [Worker-1: Import Getting Started Content] INFO  o.e.m.c.i.e.AbstractTransferListenerAdapter - Downloading https://repo.maven.apache.org/maven2/org/springframework/spring-aspects/7.0.1/spring-aspects-7.0.1.pom
2025-12-16 11:31:27,846 [Worker-1: Import Getting Started Content] INFO  o.e.m.c.i.e.AbstractTransferListenerAdapter - Downloaded https://repo.maven.apache.org/maven2/org/springframework/spring-aspects/7.0.1/spring-aspects-7.0.1.pom
2025-12-16 11:31:27,887 [Worker-1: Import Getting Started Content] INFO  o.e.m.c.i.e.AbstractTransferListenerAdapter - Downloading https://repo.maven.apache.org/maven2/org/aspectj/aspectjweaver/1.9.25/aspectjweaver-1.9.25.pom
2025-12-16 11:31:27,914 [Worker-1: Import Getting Started Content] INFO  o.e.m.c.i.e.AbstractTransferListenerAdapter - Downloaded https://repo.maven.apache.org/maven2/org/aspectj/aspectjweaver/1.9.25/aspectjweaver-1.9.25.pom
2025-12-16 11:31:27,953 [Worker-1: Import Getting Started Content] INFO  o.e.m.c.i.e.AbstractTransferListenerAdapter - Downloading https://repo.maven.apache.org/maven2/org/springframework/boot/spring-boot-starter-webmvc/4.0.0/spring-boot-starter-webmvc-4.0.0.pom
2025-12-16 11:31:27,979 [Worker-1: Import Getting Started Content] INFO  o.e.m.c.i.e.AbstractTransferListenerAdapter - Downloaded https://repo.maven.apache.org/maven2/org/springframework/boot/spring-boot-starter-webmvc/4.0.0/spring-boot-starter-webmvc-4.0.0.pom
2025-12-16 11:31:28,020 [Worker-1: Import Getting Started Content] INFO  o.e.m.c.i.e.AbstractTransferListenerAdapter - Downloading https://repo.maven.apache.org/maven2/org/springframework/boot/spring-boot-starter-jackson/4.0.0/spring-boot-starter-jackson-4.0.0.pom
2025-12-16 11:31:28,044 [Worker-1: Import Getting Started Content] INFO  o.e.m.c.i.e.AbstractTransferListenerAdapter - Downloaded https://repo.maven.apache.org/maven2/org/springframework/boot/spring-boot-starter-jackson/4.0.0/spring-boot-starter-jackson-4.0.0.pom
2025-12-16 11:31:28,082 [Worker-1: Import Getting Started Content] INFO  o.e.m.c.i.e.AbstractTransferListenerAdapter - Downloading https://repo.maven.apache.org/maven2/org/springframework/boot/spring-boot-jackson/4.0.0/spring-boot-jackson-4.0.0.pom
2025-12-16 11:31:28,107 [Worker-1: Import Getting Started Content] INFO  o.e.m.c.i.e.AbstractTransferListenerAdapter - Downloaded https://repo.maven.apache.org/maven2/org/springframework/boot/spring-boot-jackson/4.0.0/spring-boot-jackson-4.0.0.pom
2025-12-16 11:31:28,146 [Worker-1: Import Getting Started Content] INFO  o.e.m.c.i.e.AbstractTransferListenerAdapter - Downloading https://repo.maven.apache.org/maven2/tools/jackson/core/jackson-databind/3.0.2/jackson-databind-3.0.2.pom
2025-12-16 11:31:28,174 [Worker-1: Import Getting Started Content] INFO  o.e.m.c.i.e.AbstractTransferListenerAdapter - Downloaded https://repo.maven.apache.org/maven2/tools/jackson/core/jackson-databind/3.0.2/jackson-databind-3.0.2.pom
2025-12-16 11:31:28,219 [Worker-1: Import Getting Started Content] INFO  o.e.m.c.i.e.AbstractTransferListenerAdapter - Downloading https://repo.maven.apache.org/maven2/tools/jackson/jackson-base/3.0.2/jackson-base-3.0.2.pom
2025-12-16 11:31:28,248 [Worker-1: Import Getting Started Content] INFO  o.e.m.c.i.e.AbstractTransferListenerAdapter - Downloaded https://repo.maven.apache.org/maven2/tools/jackson/jackson-base/3.0.2/jackson-base-3.0.2.pom
2025-12-16 11:31:28,320 [Worker-1: Import Getting Started Content] INFO  o.e.m.c.i.e.AbstractTransferListenerAdapter - Downloading https://repo.maven.apache.org/maven2/com/fasterxml/jackson/core/jackson-annotations/2.20/jackson-annotations-2.20.pom
2025-12-16 11:31:28,344 [Worker-1: Import Getting Started Content] INFO  o.e.m.c.i.e.AbstractTransferListenerAdapter - Downloaded https://repo.maven.apache.org/maven2/com/fasterxml/jackson/core/jackson-annotations/2.20/jackson-annotations-2.20.pom
2025-12-16 11:31:28,390 [Worker-1: Import Getting Started Content] INFO  o.e.m.c.i.e.AbstractTransferListenerAdapter - Downloading https://repo.maven.apache.org/maven2/tools/jackson/core/jackson-core/3.0.2/jackson-core-3.0.2.pom
2025-12-16 11:31:28,417 [Worker-1: Import Getting Started Content] INFO  o.e.m.c.i.e.AbstractTransferListenerAdapter - Downloaded https://repo.maven.apache.org/maven2/tools/jackson/core/jackson-core/3.0.2/jackson-core-3.0.2.pom
2025-12-16 11:31:28,465 [Worker-1: Import Getting Started Content] INFO  o.e.m.c.i.e.AbstractTransferListenerAdapter - Downloading https://repo.maven.apache.org/maven2/org/springframework/boot/spring-boot-starter-tomcat/4.0.0/spring-boot-starter-tomcat-4.0.0.pom
2025-12-16 11:31:28,490 [Worker-1: Import Getting Started Content] INFO  o.e.m.c.i.e.AbstractTransferListenerAdapter - Downloaded https://repo.maven.apache.org/maven2/org/springframework/boot/spring-boot-starter-tomcat/4.0.0/spring-boot-starter-tomcat-4.0.0.pom
2025-12-16 11:31:28,530 [Worker-1: Import Getting Started Content] INFO  o.e.m.c.i.e.AbstractTransferListenerAdapter - Downloading https://repo.maven.apache.org/maven2/org/springframework/boot/spring-boot-starter-tomcat-runtime/4.0.0/spring-boot-starter-tomcat-runtime-4.0.0.pom
2025-12-16 11:31:28,555 [Worker-1: Import Getting Started Content] INFO  o.e.m.c.i.e.AbstractTransferListenerAdapter - Downloaded https://repo.maven.apache.org/maven2/org/springframework/boot/spring-boot-starter-tomcat-runtime/4.0.0/spring-boot-starter-tomcat-runtime-4.0.0.pom
2025-12-16 11:31:28,595 [Worker-1: Import Getting Started Content] INFO  o.e.m.c.i.e.AbstractTransferListenerAdapter - Downloading https://repo.maven.apache.org/maven2/org/springframework/boot/spring-boot-tomcat/4.0.0/spring-boot-tomcat-4.0.0.pom
2025-12-16 11:31:28,621 [Worker-1: Import Getting Started Content] INFO  o.e.m.c.i.e.AbstractTransferListenerAdapter - Downloaded https://repo.maven.apache.org/maven2/org/springframework/boot/spring-boot-tomcat/4.0.0/spring-boot-tomcat-4.0.0.pom
2025-12-16 11:31:28,661 [Worker-1: Import Getting Started Content] INFO  o.e.m.c.i.e.AbstractTransferListenerAdapter - Downloading https://repo.maven.apache.org/maven2/org/springframework/boot/spring-boot-web-server/4.0.0/spring-boot-web-server-4.0.0.pom
2025-12-16 11:31:28,685 [Worker-1: Import Getting Started Content] INFO  o.e.m.c.i.e.AbstractTransferListenerAdapter - Downloaded https://repo.maven.apache.org/maven2/org/springframework/boot/spring-boot-web-server/4.0.0/spring-boot-web-server-4.0.0.pom
2025-12-16 11:31:28,738 [Worker-1: Import Getting Started Content] INFO  o.e.m.c.i.e.AbstractTransferListenerAdapter - Downloading https://repo.maven.apache.org/maven2/org/apache/tomcat/embed/tomcat-embed-core/11.0.14/tomcat-embed-core-11.0.14.pom
2025-12-16 11:31:28,764 [Worker-1: Import Getting Started Content] INFO  o.e.m.c.i.e.AbstractTransferListenerAdapter - Downloaded https://repo.maven.apache.org/maven2/org/apache/tomcat/embed/tomcat-embed-core/11.0.14/tomcat-embed-core-11.0.14.pom
2025-12-16 11:31:28,800 [Worker-1: Import Getting Started Content] INFO  o.e.m.c.i.e.AbstractTransferListenerAdapter - Downloading https://repo.maven.apache.org/maven2/org/apache/tomcat/embed/tomcat-embed-el/11.0.14/tomcat-embed-el-11.0.14.pom
2025-12-16 11:31:28,825 [Worker-1: Import Getting Started Content] INFO  o.e.m.c.i.e.AbstractTransferListenerAdapter - Downloaded https://repo.maven.apache.org/maven2/org/apache/tomcat/embed/tomcat-embed-el/11.0.14/tomcat-embed-el-11.0.14.pom
2025-12-16 11:31:28,865 [Worker-1: Import Getting Started Content] INFO  o.e.m.c.i.e.AbstractTransferListenerAdapter - Downloading https://repo.maven.apache.org/maven2/org/apache/tomcat/embed/tomcat-embed-websocket/11.0.14/tomcat-embed-websocket-11.0.14.pom
2025-12-16 11:31:28,889 [Worker-1: Import Getting Started Content] INFO  o.e.m.c.i.e.AbstractTransferListenerAdapter - Downloaded https://repo.maven.apache.org/maven2/org/apache/tomcat/embed/tomcat-embed-websocket/11.0.14/tomcat-embed-websocket-11.0.14.pom
2025-12-16 11:31:29,026 [Worker-1: Import Getting Started Content] INFO  o.e.m.c.i.e.AbstractTransferListenerAdapter - Downloading https://repo.maven.apache.org/maven2/org/springframework/spring-web/7.0.1/spring-web-7.0.1.pom
2025-12-16 11:31:29,052 [Worker-1: Import Getting Started Content] INFO  o.e.m.c.i.e.AbstractTransferListenerAdapter - Downloaded https://repo.maven.apache.org/maven2/org/springframework/spring-web/7.0.1/spring-web-7.0.1.pom
2025-12-16 11:31:29,196 [Worker-1: Import Getting Started Content] INFO  o.e.m.c.i.e.AbstractTransferListenerAdapter - Downloading https://repo.maven.apache.org/maven2/org/springframework/boot/spring-boot-http-converter/4.0.0/spring-boot-http-converter-4.0.0.pom
2025-12-16 11:31:29,222 [Worker-1: Import Getting Started Content] INFO  o.e.m.c.i.e.AbstractTransferListenerAdapter - Downloaded https://repo.maven.apache.org/maven2/org/springframework/boot/spring-boot-http-converter/4.0.0/spring-boot-http-converter-4.0.0.pom
2025-12-16 11:31:29,268 [Worker-1: Import Getting Started Content] INFO  o.e.m.c.i.e.AbstractTransferListenerAdapter - Downloading https://repo.maven.apache.org/maven2/org/springframework/boot/spring-boot-webmvc/4.0.0/spring-boot-webmvc-4.0.0.pom
2025-12-16 11:31:29,293 [Worker-1: Import Getting Started Content] INFO  o.e.m.c.i.e.AbstractTransferListenerAdapter - Downloaded https://repo.maven.apache.org/maven2/org/springframework/boot/spring-boot-webmvc/4.0.0/spring-boot-webmvc-4.0.0.pom
2025-12-16 11:31:29,338 [Worker-1: Import Getting Started Content] INFO  o.e.m.c.i.e.AbstractTransferListenerAdapter - Downloading https://repo.maven.apache.org/maven2/org/springframework/boot/spring-boot-servlet/4.0.0/spring-boot-servlet-4.0.0.pom
2025-12-16 11:31:29,363 [Worker-1: Import Getting Started Content] INFO  o.e.m.c.i.e.AbstractTransferListenerAdapter - Downloaded https://repo.maven.apache.org/maven2/org/springframework/boot/spring-boot-servlet/4.0.0/spring-boot-servlet-4.0.0.pom
2025-12-16 11:31:29,426 [Worker-1: Import Getting Started Content] INFO  o.e.m.c.i.e.AbstractTransferListenerAdapter - Downloading https://repo.maven.apache.org/maven2/org/springframework/spring-webmvc/7.0.1/spring-webmvc-7.0.1.pom
2025-12-16 11:31:29,451 [Worker-1: Import Getting Started Content] INFO  o.e.m.c.i.e.AbstractTransferListenerAdapter - Downloaded https://repo.maven.apache.org/maven2/org/springframework/spring-webmvc/7.0.1/spring-webmvc-7.0.1.pom
2025-12-16 11:31:29,493 [Worker-1: Import Getting Started Content] INFO  o.e.m.c.i.e.AbstractTransferListenerAdapter - Downloading https://repo.maven.apache.org/maven2/org/springframework/boot/spring-boot-devtools/4.0.0/spring-boot-devtools-4.0.0.pom
2025-12-16 11:31:29,518 [Worker-1: Import Getting Started Content] INFO  o.e.m.c.i.e.AbstractTransferListenerAdapter - Downloaded https://repo.maven.apache.org/maven2/org/springframework/boot/spring-boot-devtools/4.0.0/spring-boot-devtools-4.0.0.pom
2025-12-16 11:31:29,554 [Worker-1: Import Getting Started Content] INFO  o.e.m.c.i.e.AbstractTransferListenerAdapter - Downloading https://repo.maven.apache.org/maven2/com/mysql/mysql-connector-j/9.5.0/mysql-connector-j-9.5.0.pom
2025-12-16 11:31:29,580 [Worker-1: Import Getting Started Content] INFO  o.e.m.c.i.e.AbstractTransferListenerAdapter - Downloaded https://repo.maven.apache.org/maven2/com/mysql/mysql-connector-j/9.5.0/mysql-connector-j-9.5.0.pom
2025-12-16 11:31:29,619 [Worker-1: Import Getting Started Content] INFO  o.e.m.c.i.e.AbstractTransferListenerAdapter - Downloading https://repo.maven.apache.org/maven2/org/springframework/boot/spring-boot-starter-data-jpa-test/4.0.0/spring-boot-starter-data-jpa-test-4.0.0.pom
2025-12-16 11:31:29,644 [Worker-1: Import Getting Started Content] INFO  o.e.m.c.i.e.AbstractTransferListenerAdapter - Downloaded https://repo.maven.apache.org/maven2/org/springframework/boot/spring-boot-starter-data-jpa-test/4.0.0/spring-boot-starter-data-jpa-test-4.0.0.pom
2025-12-16 11:31:30,012 [Worker-1: Import Getting Started Content] INFO  o.e.m.c.i.e.AbstractTransferListenerAdapter - Downloading https://repo.maven.apache.org/maven2/org/springframework/boot/spring-boot-starter-jdbc-test/4.0.0/spring-boot-starter-jdbc-test-4.0.0.pom
2025-12-16 11:31:30,039 [Worker-1: Import Getting Started Content] INFO  o.e.m.c.i.e.AbstractTransferListenerAdapter - Downloaded https://repo.maven.apache.org/maven2/org/springframework/boot/spring-boot-starter-jdbc-test/4.0.0/spring-boot-starter-jdbc-test-4.0.0.pom
2025-12-16 11:31:30,097 [Worker-1: Import Getting Started Content] INFO  o.e.m.c.i.e.AbstractTransferListenerAdapter - Downloading https://repo.maven.apache.org/maven2/org/springframework/boot/spring-boot-jdbc-test/4.0.0/spring-boot-jdbc-test-4.0.0.pom
2025-12-16 11:31:30,125 [Worker-1: Import Getting Started Content] INFO  o.e.m.c.i.e.AbstractTransferListenerAdapter - Downloaded https://repo.maven.apache.org/maven2/org/springframework/boot/spring-boot-jdbc-test/4.0.0/spring-boot-jdbc-test-4.0.0.pom
2025-12-16 11:31:30,172 [Worker-1: Import Getting Started Content] INFO  o.e.m.c.i.e.AbstractTransferListenerAdapter - Downloading https://repo.maven.apache.org/maven2/org/springframework/boot/spring-boot-data-jpa-test/4.0.0/spring-boot-data-jpa-test-4.0.0.pom
2025-12-16 11:31:30,205 [Worker-1: Import Getting Started Content] INFO  o.e.m.c.i.e.AbstractTransferListenerAdapter - Downloaded https://repo.maven.apache.org/maven2/org/springframework/boot/spring-boot-data-jpa-test/4.0.0/spring-boot-data-jpa-test-4.0.0.pom
2025-12-16 11:31:30,297 [Worker-1: Import Getting Started Content] INFO  o.e.m.c.i.e.AbstractTransferListenerAdapter - Downloading https://repo.maven.apache.org/maven2/org/springframework/boot/spring-boot-jpa-test/4.0.0/spring-boot-jpa-test-4.0.0.pom
2025-12-16 11:31:30,335 [Worker-1: Import Getting Started Content] INFO  o.e.m.c.i.e.AbstractTransferListenerAdapter - Downloaded https://repo.maven.apache.org/maven2/org/springframework/boot/spring-boot-jpa-test/4.0.0/spring-boot-jpa-test-4.0.0.pom
2025-12-16 11:31:30,400 [Worker-1: Import Getting Started Content] INFO  o.e.m.c.i.e.AbstractTransferListenerAdapter - Downloading https://repo.maven.apache.org/maven2/org/springframework/boot/spring-boot-starter-webmvc-test/4.0.0/spring-boot-starter-webmvc-test-4.0.0.pom
2025-12-16 11:31:30,426 [Worker-1: Import Getting Started Content] INFO  o.e.m.c.i.e.AbstractTransferListenerAdapter - Downloaded https://repo.maven.apache.org/maven2/org/springframework/boot/spring-boot-starter-webmvc-test/4.0.0/spring-boot-starter-webmvc-test-4.0.0.pom
2025-12-16 11:31:30,482 [Worker-1: Import Getting Started Content] INFO  o.e.m.c.i.e.AbstractTransferListenerAdapter - Downloading https://repo.maven.apache.org/maven2/org/springframework/boot/spring-boot-starter-jackson-test/4.0.0/spring-boot-starter-jackson-test-4.0.0.pom
2025-12-16 11:31:30,508 [Worker-1: Import Getting Started Content] INFO  o.e.m.c.i.e.AbstractTransferListenerAdapter - Downloaded https://repo.maven.apache.org/maven2/org/springframework/boot/spring-boot-starter-jackson-test/4.0.0/spring-boot-starter-jackson-test-4.0.0.pom
2025-12-16 11:31:30,573 [Worker-1: Import Getting Started Content] INFO  o.e.m.c.i.e.AbstractTransferListenerAdapter - Downloading https://repo.maven.apache.org/maven2/org/springframework/boot/spring-boot-webmvc-test/4.0.0/spring-boot-webmvc-test-4.0.0.pom
2025-12-16 11:31:30,600 [Worker-1: Import Getting Started Content] INFO  o.e.m.c.i.e.AbstractTransferListenerAdapter - Downloaded https://repo.maven.apache.org/maven2/org/springframework/boot/spring-boot-webmvc-test/4.0.0/spring-boot-webmvc-test-4.0.0.pom
2025-12-16 11:31:30,668 [Worker-1: Import Getting Started Content] INFO  o.e.m.c.i.e.AbstractTransferListenerAdapter - Downloading https://repo.maven.apache.org/maven2/org/springframework/boot/spring-boot-resttestclient/4.0.0/spring-boot-resttestclient-4.0.0.pom
2025-12-16 11:31:30,709 [Worker-1: Import Getting Started Content] INFO  o.e.m.c.i.e.AbstractTransferListenerAdapter - Downloaded https://repo.maven.apache.org/maven2/org/springframework/boot/spring-boot-resttestclient/4.0.0/spring-boot-resttestclient-4.0.0.pom
2025-12-16 11:31:30,788 [Worker-1: Import Getting Started Content] INFO  o.e.m.c.i.e.AbstractTransferListenerAdapter - Downloading https://repo.maven.apache.org/maven2/org/springframework/boot/spring-boot-restclient/4.0.0/spring-boot-restclient-4.0.0.pom
2025-12-16 11:31:30,813 [Worker-1: Import Getting Started Content] INFO  o.e.m.c.i.e.AbstractTransferListenerAdapter - Downloaded https://repo.maven.apache.org/maven2/org/springframework/boot/spring-boot-restclient/4.0.0/spring-boot-restclient-4.0.0.pom
2025-12-16 11:31:30,896 [Worker-1: Import Getting Started Content] INFO  o.e.m.c.i.e.AbstractTransferListenerAdapter - Downloading https://repo.maven.apache.org/maven2/org/springframework/boot/spring-boot-http-client/4.0.0/spring-boot-http-client-4.0.0.pom
2025-12-16 11:31:30,924 [Worker-1: Import Getting Started Content] INFO  o.e.m.c.i.e.AbstractTransferListenerAdapter - Downloaded https://repo.maven.apache.org/maven2/org/springframework/boot/spring-boot-http-client/4.0.0/spring-boot-http-client-4.0.0.pom
2025-12-16 11:31:31,078 [Worker-1: Import Getting Started Content] INFO  o.e.m.c.i.e.AbstractTransferListenerAdapter - Downloading https://repo.maven.apache.org/maven2/org/springframework/boot/spring-boot-starter-data-jpa/4.0.0/spring-boot-starter-data-jpa-4.0.0.jar
2025-12-16 11:31:31,150 [Worker-1: Import Getting Started Content] INFO  o.e.m.c.i.e.AbstractTransferListenerAdapter - Downloaded https://repo.maven.apache.org/maven2/org/springframework/boot/spring-boot-starter-data-jpa/4.0.0/spring-boot-starter-data-jpa-4.0.0.jar
2025-12-16 11:31:31,204 [BasicRepositoryConnector-repo.maven.apache.org-0-3] INFO  o.e.m.c.i.e.AbstractTransferListenerAdapter - Downloading https://repo.maven.apache.org/maven2/org/springframework/boot/spring-boot-data-commons/4.0.0/spring-boot-data-commons-4.0.0.jar
2025-12-16 11:31:31,367 [BasicRepositoryConnector-repo.maven.apache.org-0-4] INFO  o.e.m.c.i.e.AbstractTransferListenerAdapter - Downloading https://repo.maven.apache.org/maven2/org/springframework/boot/spring-boot-persistence/4.0.0/spring-boot-persistence-4.0.0.jar
2025-12-16 11:31:31,371 [BasicRepositoryConnector-repo.maven.apache.org-0-2] INFO  o.e.m.c.i.e.AbstractTransferListenerAdapter - Downloading https://repo.maven.apache.org/maven2/org/springframework/boot/spring-boot-data-jpa/4.0.0/spring-boot-data-jpa-4.0.0.jar
2025-12-16 11:31:31,371 [BasicRepositoryConnector-repo.maven.apache.org-0-1] INFO  o.e.m.c.i.e.AbstractTransferListenerAdapter - Downloading https://repo.maven.apache.org/maven2/com/zaxxer/HikariCP/7.0.2/HikariCP-7.0.2.jar
2025-12-16 11:31:31,481 [BasicRepositoryConnector-repo.maven.apache.org-0-1] INFO  o.e.m.c.i.e.AbstractTransferListenerAdapter - Downloaded https://repo.maven.apache.org/maven2/com/zaxxer/HikariCP/7.0.2/HikariCP-7.0.2.jar
2025-12-16 11:31:31,546 [BasicRepositoryConnector-repo.maven.apache.org-0-4] INFO  o.e.m.c.i.e.AbstractTransferListenerAdapter - Downloaded https://repo.maven.apache.org/maven2/org/springframework/boot/spring-boot-persistence/4.0.0/spring-boot-persistence-4.0.0.jar
2025-12-16 11:31:31,546 [BasicRepositoryConnector-repo.maven.apache.org-0-3] INFO  o.e.m.c.i.e.AbstractTransferListenerAdapter - Downloaded https://repo.maven.apache.org/maven2/org/springframework/boot/spring-boot-data-commons/4.0.0/spring-boot-data-commons-4.0.0.jar
2025-12-16 11:31:31,556 [BasicRepositoryConnector-repo.maven.apache.org-0-1] INFO  o.e.m.c.i.e.AbstractTransferListenerAdapter - Downloading https://repo.maven.apache.org/maven2/org/springframework/data/spring-data-commons/4.0.0/spring-data-commons-4.0.0.jar
2025-12-16 11:31:31,578 [BasicRepositoryConnector-repo.maven.apache.org-0-2] INFO  o.e.m.c.i.e.AbstractTransferListenerAdapter - Downloaded https://repo.maven.apache.org/maven2/org/springframework/boot/spring-boot-data-jpa/4.0.0/spring-boot-data-jpa-4.0.0.jar
2025-12-16 11:31:31,629 [BasicRepositoryConnector-repo.maven.apache.org-0-3] INFO  o.e.m.c.i.e.AbstractTransferListenerAdapter - Downloading https://repo.maven.apache.org/maven2/org/springframework/boot/spring-boot-hibernate/4.0.0/spring-boot-hibernate-4.0.0.jar
2025-12-16 11:31:31,629 [BasicRepositoryConnector-repo.maven.apache.org-0-2] INFO  o.e.m.c.i.e.AbstractTransferListenerAdapter - Downloading https://repo.maven.apache.org/maven2/jakarta/persistence/jakarta.persistence-api/3.2.0/jakarta.persistence-api-3.2.0.jar
2025-12-16 11:31:31,689 [BasicRepositoryConnector-repo.maven.apache.org-0-4] INFO  o.e.m.c.i.e.AbstractTransferListenerAdapter - Downloading https://repo.maven.apache.org/maven2/org/springframework/boot/spring-boot-jpa/4.0.0/spring-boot-jpa-4.0.0.jar
2025-12-16 11:31:31,785 [BasicRepositoryConnector-repo.maven.apache.org-0-2] INFO  o.e.m.c.i.e.AbstractTransferListenerAdapter - Downloaded https://repo.maven.apache.org/maven2/jakarta/persistence/jakarta.persistence-api/3.2.0/jakarta.persistence-api-3.2.0.jar
2025-12-16 11:31:31,879 [BasicRepositoryConnector-repo.maven.apache.org-0-3] INFO  o.e.m.c.i.e.AbstractTransferListenerAdapter - Downloaded https://repo.maven.apache.org/maven2/org/springframework/boot/spring-boot-hibernate/4.0.0/spring-boot-hibernate-4.0.0.jar
2025-12-16 11:31:31,916 [BasicRepositoryConnector-repo.maven.apache.org-0-4] INFO  o.e.m.c.i.e.AbstractTransferListenerAdapter - Downloaded https://repo.maven.apache.org/maven2/org/springframework/boot/spring-boot-jpa/4.0.0/spring-boot-jpa-4.0.0.jar
2025-12-16 11:31:31,972 [BasicRepositoryConnector-repo.maven.apache.org-0-2] INFO  o.e.m.c.i.e.AbstractTransferListenerAdapter - Downloading https://repo.maven.apache.org/maven2/org/hibernate/orm/hibernate-core/7.1.8.Final/hibernate-core-7.1.8.Final.jar
2025-12-16 11:31:32,018 [BasicRepositoryConnector-repo.maven.apache.org-0-3] INFO  o.e.m.c.i.e.AbstractTransferListenerAdapter - Downloading https://repo.maven.apache.org/maven2/org/hibernate/models/hibernate-models/1.0.1/hibernate-models-1.0.1.jar
2025-12-16 11:31:32,024 [BasicRepositoryConnector-repo.maven.apache.org-0-4] INFO  o.e.m.c.i.e.AbstractTransferListenerAdapter - Downloading https://repo.maven.apache.org/maven2/org/springframework/spring-orm/7.0.1/spring-orm-7.0.1.jar
2025-12-16 11:31:32,148 [BasicRepositoryConnector-repo.maven.apache.org-0-1] INFO  o.e.m.c.i.e.AbstractTransferListenerAdapter - Downloaded https://repo.maven.apache.org/maven2/org/springframework/data/spring-data-commons/4.0.0/spring-data-commons-4.0.0.jar
2025-12-16 11:31:32,236 [BasicRepositoryConnector-repo.maven.apache.org-0-1] INFO  o.e.m.c.i.e.AbstractTransferListenerAdapter - Downloading https://repo.maven.apache.org/maven2/org/springframework/data/spring-data-jpa/4.0.0/spring-data-jpa-4.0.0.jar
2025-12-16 11:31:32,245 [BasicRepositoryConnector-repo.maven.apache.org-0-4] INFO  o.e.m.c.i.e.AbstractTransferListenerAdapter - Downloaded https://repo.maven.apache.org/maven2/org/springframework/spring-orm/7.0.1/spring-orm-7.0.1.jar
2025-12-16 11:31:32,253 [BasicRepositoryConnector-repo.maven.apache.org-0-3] INFO  o.e.m.c.i.e.AbstractTransferListenerAdapter - Downloaded https://repo.maven.apache.org/maven2/org/hibernate/models/hibernate-models/1.0.1/hibernate-models-1.0.1.jar
2025-12-16 11:31:32,337 [BasicRepositoryConnector-repo.maven.apache.org-0-4] INFO  o.e.m.c.i.e.AbstractTransferListenerAdapter - Downloading https://repo.maven.apache.org/maven2/org/springframework/spring-tx/7.0.1/spring-tx-7.0.1.jar
2025-12-16 11:31:32,371 [BasicRepositoryConnector-repo.maven.apache.org-0-3] INFO  o.e.m.c.i.e.AbstractTransferListenerAdapter - Downloading https://repo.maven.apache.org/maven2/org/antlr/antlr4-runtime/4.13.2/antlr4-runtime-4.13.2.jar
2025-12-16 11:31:32,543 [BasicRepositoryConnector-repo.maven.apache.org-0-4] INFO  o.e.m.c.i.e.AbstractTransferListenerAdapter - Downloaded https://repo.maven.apache.org/maven2/org/springframework/spring-tx/7.0.1/spring-tx-7.0.1.jar
2025-12-16 11:31:32,667 [BasicRepositoryConnector-repo.maven.apache.org-0-3] INFO  o.e.m.c.i.e.AbstractTransferListenerAdapter - Downloaded https://repo.maven.apache.org/maven2/org/antlr/antlr4-runtime/4.13.2/antlr4-runtime-4.13.2.jar
2025-12-16 11:31:32,692 [BasicRepositoryConnector-repo.maven.apache.org-0-4] INFO  o.e.m.c.i.e.AbstractTransferListenerAdapter - Downloading https://repo.maven.apache.org/maven2/org/springframework/spring-aspects/7.0.1/spring-aspects-7.0.1.jar
2025-12-16 11:31:32,727 [BasicRepositoryConnector-repo.maven.apache.org-0-4] INFO  o.e.m.c.i.e.AbstractTransferListenerAdapter - Downloaded https://repo.maven.apache.org/maven2/org/springframework/spring-aspects/7.0.1/spring-aspects-7.0.1.jar
2025-12-16 11:31:32,756 [BasicRepositoryConnector-repo.maven.apache.org-0-3] INFO  o.e.m.c.i.e.AbstractTransferListenerAdapter - Downloading https://repo.maven.apache.org/maven2/org/aspectj/aspectjweaver/1.9.25/aspectjweaver-1.9.25.jar
2025-12-16 11:31:32,821 [BasicRepositoryConnector-repo.maven.apache.org-0-4] INFO  o.e.m.c.i.e.AbstractTransferListenerAdapter - Downloading https://repo.maven.apache.org/maven2/org/springframework/boot/spring-boot-jdbc/4.0.0/spring-boot-jdbc-4.0.0.jar
2025-12-16 11:31:32,847 [BasicRepositoryConnector-repo.maven.apache.org-0-1] INFO  o.e.m.c.i.e.AbstractTransferListenerAdapter - Downloaded https://repo.maven.apache.org/maven2/org/springframework/data/spring-data-jpa/4.0.0/spring-data-jpa-4.0.0.jar
2025-12-16 11:31:32,952 [BasicRepositoryConnector-repo.maven.apache.org-0-4] INFO  o.e.m.c.i.e.AbstractTransferListenerAdapter - Downloaded https://repo.maven.apache.org/maven2/org/springframework/boot/spring-boot-jdbc/4.0.0/spring-boot-jdbc-4.0.0.jar
2025-12-16 11:31:32,975 [BasicRepositoryConnector-repo.maven.apache.org-0-1] INFO  o.e.m.c.i.e.AbstractTransferListenerAdapter - Downloading https://repo.maven.apache.org/maven2/org/springframework/boot/spring-boot-sql/4.0.0/spring-boot-sql-4.0.0.jar
2025-12-16 11:31:33,039 [BasicRepositoryConnector-repo.maven.apache.org-0-4] INFO  o.e.m.c.i.e.AbstractTransferListenerAdapter - Downloading https://repo.maven.apache.org/maven2/org/springframework/boot/spring-boot-transaction/4.0.0/spring-boot-transaction-4.0.0.jar
2025-12-16 11:31:33,174 [BasicRepositoryConnector-repo.maven.apache.org-0-3] INFO  o.e.m.c.i.e.AbstractTransferListenerAdapter - Downloaded https://repo.maven.apache.org/maven2/org/aspectj/aspectjweaver/1.9.25/aspectjweaver-1.9.25.jar
2025-12-16 11:31:33,239 [BasicRepositoryConnector-repo.maven.apache.org-0-3] INFO  o.e.m.c.i.e.AbstractTransferListenerAdapter - Downloading https://repo.maven.apache.org/maven2/org/springframework/spring-jdbc/7.0.1/spring-jdbc-7.0.1.jar
2025-12-16 11:31:33,294 [BasicRepositoryConnector-repo.maven.apache.org-0-4] INFO  o.e.m.c.i.e.AbstractTransferListenerAdapter - Downloaded https://repo.maven.apache.org/maven2/org/springframework/boot/spring-boot-transaction/4.0.0/spring-boot-transaction-4.0.0.jar
2025-12-16 11:31:33,334 [BasicRepositoryConnector-repo.maven.apache.org-0-1] INFO  o.e.m.c.i.e.AbstractTransferListenerAdapter - Downloaded https://repo.maven.apache.org/maven2/org/springframework/boot/spring-boot-sql/4.0.0/spring-boot-sql-4.0.0.jar
2025-12-16 11:31:33,334 [BasicRepositoryConnector-repo.maven.apache.org-0-3] INFO  o.e.m.c.i.e.AbstractTransferListenerAdapter - Downloaded https://repo.maven.apache.org/maven2/org/springframework/spring-jdbc/7.0.1/spring-jdbc-7.0.1.jar
2025-12-16 11:31:33,418 [BasicRepositoryConnector-repo.maven.apache.org-0-4] INFO  o.e.m.c.i.e.AbstractTransferListenerAdapter - Downloading https://repo.maven.apache.org/maven2/org/springframework/boot/spring-boot-starter-webmvc/4.0.0/spring-boot-starter-webmvc-4.0.0.jar
2025-12-16 11:31:33,418 [BasicRepositoryConnector-repo.maven.apache.org-0-1] INFO  o.e.m.c.i.e.AbstractTransferListenerAdapter - Downloading https://repo.maven.apache.org/maven2/org/springframework/boot/spring-boot-starter-jackson/4.0.0/spring-boot-starter-jackson-4.0.0.jar
2025-12-16 11:31:33,418 [BasicRepositoryConnector-repo.maven.apache.org-0-3] INFO  o.e.m.c.i.e.AbstractTransferListenerAdapter - Downloading https://repo.maven.apache.org/maven2/org/springframework/boot/spring-boot-jackson/4.0.0/spring-boot-jackson-4.0.0.jar
2025-12-16 11:31:33,453 [BasicRepositoryConnector-repo.maven.apache.org-0-1] INFO  o.e.m.c.i.e.AbstractTransferListenerAdapter - Downloaded https://repo.maven.apache.org/maven2/org/springframework/boot/spring-boot-starter-jackson/4.0.0/spring-boot-starter-jackson-4.0.0.jar
2025-12-16 11:31:33,453 [BasicRepositoryConnector-repo.maven.apache.org-0-4] INFO  o.e.m.c.i.e.AbstractTransferListenerAdapter - Downloaded https://repo.maven.apache.org/maven2/org/springframework/boot/spring-boot-starter-webmvc/4.0.0/spring-boot-starter-webmvc-4.0.0.jar
2025-12-16 11:31:33,486 [BasicRepositoryConnector-repo.maven.apache.org-0-3] INFO  o.e.m.c.i.e.AbstractTransferListenerAdapter - Downloaded https://repo.maven.apache.org/maven2/org/springframework/boot/spring-boot-jackson/4.0.0/spring-boot-jackson-4.0.0.jar
2025-12-16 11:31:33,508 [BasicRepositoryConnector-repo.maven.apache.org-0-4] INFO  o.e.m.c.i.e.AbstractTransferListenerAdapter - Downloading https://repo.maven.apache.org/maven2/com/fasterxml/jackson/core/jackson-annotations/2.20/jackson-annotations-2.20.jar
2025-12-16 11:31:33,540 [BasicRepositoryConnector-repo.maven.apache.org-0-1] INFO  o.e.m.c.i.e.AbstractTransferListenerAdapter - Downloading https://repo.maven.apache.org/maven2/tools/jackson/core/jackson-databind/3.0.2/jackson-databind-3.0.2.jar
2025-12-16 11:31:33,542 [BasicRepositoryConnector-repo.maven.apache.org-0-4] INFO  o.e.m.c.i.e.AbstractTransferListenerAdapter - Downloaded https://repo.maven.apache.org/maven2/com/fasterxml/jackson/core/jackson-annotations/2.20/jackson-annotations-2.20.jar
2025-12-16 11:31:33,544 [BasicRepositoryConnector-repo.maven.apache.org-0-3] INFO  o.e.m.c.i.e.AbstractTransferListenerAdapter - Downloading https://repo.maven.apache.org/maven2/tools/jackson/core/jackson-core/3.0.2/jackson-core-3.0.2.jar
2025-12-16 11:31:33,722 [BasicRepositoryConnector-repo.maven.apache.org-0-4] INFO  o.e.m.c.i.e.AbstractTransferListenerAdapter - Downloading https://repo.maven.apache.org/maven2/org/springframework/boot/spring-boot-starter-tomcat/4.0.0/spring-boot-starter-tomcat-4.0.0.jar
2025-12-16 11:31:33,753 [BasicRepositoryConnector-repo.maven.apache.org-0-1] INFO  o.e.m.c.i.e.AbstractTransferListenerAdapter - Downloaded https://repo.maven.apache.org/maven2/tools/jackson/core/jackson-databind/3.0.2/jackson-databind-3.0.2.jar
2025-12-16 11:31:33,765 [BasicRepositoryConnector-repo.maven.apache.org-0-4] INFO  o.e.m.c.i.e.AbstractTransferListenerAdapter - Downloaded https://repo.maven.apache.org/maven2/org/springframework/boot/spring-boot-starter-tomcat/4.0.0/spring-boot-starter-tomcat-4.0.0.jar
2025-12-16 11:31:33,851 [BasicRepositoryConnector-repo.maven.apache.org-0-4] INFO  o.e.m.c.i.e.AbstractTransferListenerAdapter - Downloading https://repo.maven.apache.org/maven2/org/apache/tomcat/embed/tomcat-embed-core/11.0.14/tomcat-embed-core-11.0.14.jar
2025-12-16 11:31:33,851 [BasicRepositoryConnector-repo.maven.apache.org-0-1] INFO  o.e.m.c.i.e.AbstractTransferListenerAdapter - Downloading https://repo.maven.apache.org/maven2/org/springframework/boot/spring-boot-starter-tomcat-runtime/4.0.0/spring-boot-starter-tomcat-runtime-4.0.0.jar
2025-12-16 11:31:33,890 [BasicRepositoryConnector-repo.maven.apache.org-0-1] INFO  o.e.m.c.i.e.AbstractTransferListenerAdapter - Downloaded https://repo.maven.apache.org/maven2/org/springframework/boot/spring-boot-starter-tomcat-runtime/4.0.0/spring-boot-starter-tomcat-runtime-4.0.0.jar
2025-12-16 11:31:34,037 [BasicRepositoryConnector-repo.maven.apache.org-0-3] INFO  o.e.m.c.i.e.AbstractTransferListenerAdapter - Downloaded https://repo.maven.apache.org/maven2/tools/jackson/core/jackson-core/3.0.2/jackson-core-3.0.2.jar
2025-12-16 11:31:34,125 [BasicRepositoryConnector-repo.maven.apache.org-0-1] INFO  o.e.m.c.i.e.AbstractTransferListenerAdapter - Downloading https://repo.maven.apache.org/maven2/org/apache/tomcat/embed/tomcat-embed-el/11.0.14/tomcat-embed-el-11.0.14.jar
2025-12-16 11:31:34,202 [BasicRepositoryConnector-repo.maven.apache.org-0-1] INFO  o.e.m.c.i.e.AbstractTransferListenerAdapter - Downloaded https://repo.maven.apache.org/maven2/org/apache/tomcat/embed/tomcat-embed-el/11.0.14/tomcat-embed-el-11.0.14.jar
2025-12-16 11:31:34,223 [BasicRepositoryConnector-repo.maven.apache.org-0-3] INFO  o.e.m.c.i.e.AbstractTransferListenerAdapter - Downloading https://repo.maven.apache.org/maven2/org/apache/tomcat/embed/tomcat-embed-websocket/11.0.14/tomcat-embed-websocket-11.0.14.jar
2025-12-16 11:31:34,372 [BasicRepositoryConnector-repo.maven.apache.org-0-3] INFO  o.e.m.c.i.e.AbstractTransferListenerAdapter - Downloaded https://repo.maven.apache.org/maven2/org/apache/tomcat/embed/tomcat-embed-websocket/11.0.14/tomcat-embed-websocket-11.0.14.jar
2025-12-16 11:31:34,424 [BasicRepositoryConnector-repo.maven.apache.org-0-1] INFO  o.e.m.c.i.e.AbstractTransferListenerAdapter - Downloading https://repo.maven.apache.org/maven2/org/springframework/boot/spring-boot-tomcat/4.0.0/spring-boot-tomcat-4.0.0.jar
2025-12-16 11:31:34,523 [BasicRepositoryConnector-repo.maven.apache.org-0-1] INFO  o.e.m.c.i.e.AbstractTransferListenerAdapter - Downloaded https://repo.maven.apache.org/maven2/org/springframework/boot/spring-boot-tomcat/4.0.0/spring-boot-tomcat-4.0.0.jar
2025-12-16 11:31:34,570 [BasicRepositoryConnector-repo.maven.apache.org-0-3] INFO  o.e.m.c.i.e.AbstractTransferListenerAdapter - Downloading https://repo.maven.apache.org/maven2/org/springframework/boot/spring-boot-http-converter/4.0.0/spring-boot-http-converter-4.0.0.jar
2025-12-16 11:31:34,590 [BasicRepositoryConnector-repo.maven.apache.org-0-1] INFO  o.e.m.c.i.e.AbstractTransferListenerAdapter - Downloading https://repo.maven.apache.org/maven2/org/springframework/spring-web/7.0.1/spring-web-7.0.1.jar
2025-12-16 11:31:34,609 [BasicRepositoryConnector-repo.maven.apache.org-0-4] INFO  o.e.m.c.i.e.AbstractTransferListenerAdapter - Downloaded https://repo.maven.apache.org/maven2/org/apache/tomcat/embed/tomcat-embed-core/11.0.14/tomcat-embed-core-11.0.14.jar
2025-12-16 11:31:34,681 [BasicRepositoryConnector-repo.maven.apache.org-0-4] INFO  o.e.m.c.i.e.AbstractTransferListenerAdapter - Downloading https://repo.maven.apache.org/maven2/org/springframework/boot/spring-boot-webmvc/4.0.0/spring-boot-webmvc-4.0.0.jar
2025-12-16 11:31:34,788 [BasicRepositoryConnector-repo.maven.apache.org-0-4] INFO  o.e.m.c.i.e.AbstractTransferListenerAdapter - Downloaded https://repo.maven.apache.org/maven2/org/springframework/boot/spring-boot-webmvc/4.0.0/spring-boot-webmvc-4.0.0.jar
2025-12-16 11:31:34,796 [BasicRepositoryConnector-repo.maven.apache.org-0-1] INFO  o.e.m.c.i.e.AbstractTransferListenerAdapter - Downloaded https://repo.maven.apache.org/maven2/org/springframework/spring-web/7.0.1/spring-web-7.0.1.jar
2025-12-16 11:31:34,852 [BasicRepositoryConnector-repo.maven.apache.org-0-1] INFO  o.e.m.c.i.e.AbstractTransferListenerAdapter - Downloading https://repo.maven.apache.org/maven2/org/springframework/spring-webmvc/7.0.1/spring-webmvc-7.0.1.jar
2025-12-16 11:31:34,858 [BasicRepositoryConnector-repo.maven.apache.org-0-4] INFO  o.e.m.c.i.e.AbstractTransferListenerAdapter - Downloading https://repo.maven.apache.org/maven2/org/springframework/boot/spring-boot-servlet/4.0.0/spring-boot-servlet-4.0.0.jar
2025-12-16 11:31:34,941 [BasicRepositoryConnector-repo.maven.apache.org-0-1] INFO  o.e.m.c.i.e.AbstractTransferListenerAdapter - Downloaded https://repo.maven.apache.org/maven2/org/springframework/spring-webmvc/7.0.1/spring-webmvc-7.0.1.jar
2025-12-16 11:31:34,995 [BasicRepositoryConnector-repo.maven.apache.org-0-1] INFO  o.e.m.c.i.e.AbstractTransferListenerAdapter - Downloading https://repo.maven.apache.org/maven2/org/springframework/boot/spring-boot-devtools/4.0.0/spring-boot-devtools-4.0.0.jar
2025-12-16 11:31:35,050 [BasicRepositoryConnector-repo.maven.apache.org-0-1] INFO  o.e.m.c.i.e.AbstractTransferListenerAdapter - Downloaded https://repo.maven.apache.org/maven2/org/springframework/boot/spring-boot-devtools/4.0.0/spring-boot-devtools-4.0.0.jar
2025-12-16 11:31:35,094 [BasicRepositoryConnector-repo.maven.apache.org-0-1] INFO  o.e.m.c.i.e.AbstractTransferListenerAdapter - Downloading https://repo.maven.apache.org/maven2/com/mysql/mysql-connector-j/9.5.0/mysql-connector-j-9.5.0.jar
2025-12-16 11:31:35,393 [BasicRepositoryConnector-repo.maven.apache.org-0-1] INFO  o.e.m.c.i.e.AbstractTransferListenerAdapter - Downloaded https://repo.maven.apache.org/maven2/com/mysql/mysql-connector-j/9.5.0/mysql-connector-j-9.5.0.jar
2025-12-16 11:31:35,405 [BasicRepositoryConnector-repo.maven.apache.org-0-3] INFO  o.e.m.c.i.e.AbstractTransferListenerAdapter - Downloaded https://repo.maven.apache.org/maven2/org/springframework/boot/spring-boot-http-converter/4.0.0/spring-boot-http-converter-4.0.0.jar
2025-12-16 11:31:35,434 [BasicRepositoryConnector-repo.maven.apache.org-0-1] INFO  o.e.m.c.i.e.AbstractTransferListenerAdapter - Downloading https://repo.maven.apache.org/maven2/org/springframework/boot/spring-boot-starter-data-jpa-test/4.0.0/spring-boot-starter-data-jpa-test-4.0.0.jar
2025-12-16 11:31:35,444 [BasicRepositoryConnector-repo.maven.apache.org-0-3] INFO  o.e.m.c.i.e.AbstractTransferListenerAdapter - Downloading https://repo.maven.apache.org/maven2/org/springframework/boot/spring-boot-starter-jdbc-test/4.0.0/spring-boot-starter-jdbc-test-4.0.0.jar
2025-12-16 11:31:35,475 [BasicRepositoryConnector-repo.maven.apache.org-0-1] INFO  o.e.m.c.i.e.AbstractTransferListenerAdapter - Downloaded https://repo.maven.apache.org/maven2/org/springframework/boot/spring-boot-starter-data-jpa-test/4.0.0/spring-boot-starter-data-jpa-test-4.0.0.jar
2025-12-16 11:31:35,485 [BasicRepositoryConnector-repo.maven.apache.org-0-3] INFO  o.e.m.c.i.e.AbstractTransferListenerAdapter - Downloaded https://repo.maven.apache.org/maven2/org/springframework/boot/spring-boot-starter-jdbc-test/4.0.0/spring-boot-starter-jdbc-test-4.0.0.jar
2025-12-16 11:31:35,519 [BasicRepositoryConnector-repo.maven.apache.org-0-1] INFO  o.e.m.c.i.e.AbstractTransferListenerAdapter - Downloading https://repo.maven.apache.org/maven2/org/springframework/boot/spring-boot-jdbc-test/4.0.0/spring-boot-jdbc-test-4.0.0.jar
2025-12-16 11:31:35,547 [BasicRepositoryConnector-repo.maven.apache.org-0-4] INFO  o.e.m.c.i.e.AbstractTransferListenerAdapter - Downloaded https://repo.maven.apache.org/maven2/org/springframework/boot/spring-boot-servlet/4.0.0/spring-boot-servlet-4.0.0.jar
2025-12-16 11:31:35,548 [BasicRepositoryConnector-repo.maven.apache.org-0-3] INFO  o.e.m.c.i.e.AbstractTransferListenerAdapter - Downloading https://repo.maven.apache.org/maven2/org/springframework/boot/spring-boot-data-jpa-test/4.0.0/spring-boot-data-jpa-test-4.0.0.jar
2025-12-16 11:31:35,562 [BasicRepositoryConnector-repo.maven.apache.org-0-2] INFO  o.e.m.c.i.e.AbstractTransferListenerAdapter - Downloaded https://repo.maven.apache.org/maven2/org/hibernate/orm/hibernate-core/7.1.8.Final/hibernate-core-7.1.8.Final.jar
2025-12-16 11:31:35,581 [BasicRepositoryConnector-repo.maven.apache.org-0-4] INFO  o.e.m.c.i.e.AbstractTransferListenerAdapter - Downloading https://repo.maven.apache.org/maven2/org/springframework/boot/spring-boot-jpa-test/4.0.0/spring-boot-jpa-test-4.0.0.jar
2025-12-16 11:31:35,615 [BasicRepositoryConnector-repo.maven.apache.org-0-2] INFO  o.e.m.c.i.e.AbstractTransferListenerAdapter - Downloading https://repo.maven.apache.org/maven2/org/springframework/boot/spring-boot-starter-webmvc-test/4.0.0/spring-boot-starter-webmvc-test-4.0.0.jar
2025-12-16 11:31:35,663 [BasicRepositoryConnector-repo.maven.apache.org-0-3] INFO  o.e.m.c.i.e.AbstractTransferListenerAdapter - Downloaded https://repo.maven.apache.org/maven2/org/springframework/boot/spring-boot-data-jpa-test/4.0.0/spring-boot-data-jpa-test-4.0.0.jar
2025-12-16 11:31:35,664 [BasicRepositoryConnector-repo.maven.apache.org-0-2] INFO  o.e.m.c.i.e.AbstractTransferListenerAdapter - Downloaded https://repo.maven.apache.org/maven2/org/springframework/boot/spring-boot-starter-webmvc-test/4.0.0/spring-boot-starter-webmvc-test-4.0.0.jar
2025-12-16 11:31:35,687 [BasicRepositoryConnector-repo.maven.apache.org-0-4] INFO  o.e.m.c.i.e.AbstractTransferListenerAdapter - Downloaded https://repo.maven.apache.org/maven2/org/springframework/boot/spring-boot-jpa-test/4.0.0/spring-boot-jpa-test-4.0.0.jar
2025-12-16 11:31:35,709 [BasicRepositoryConnector-repo.maven.apache.org-0-2] INFO  o.e.m.c.i.e.AbstractTransferListenerAdapter - Downloading https://repo.maven.apache.org/maven2/org/springframework/boot/spring-boot-webmvc-test/4.0.0/spring-boot-webmvc-test-4.0.0.jar
2025-12-16 11:31:35,717 [BasicRepositoryConnector-repo.maven.apache.org-0-3] INFO  o.e.m.c.i.e.AbstractTransferListenerAdapter - Downloading https://repo.maven.apache.org/maven2/org/springframework/boot/spring-boot-starter-jackson-test/4.0.0/spring-boot-starter-jackson-test-4.0.0.jar
2025-12-16 11:31:35,719 [BasicRepositoryConnector-repo.maven.apache.org-0-4] INFO  o.e.m.c.i.e.AbstractTransferListenerAdapter - Downloading https://repo.maven.apache.org/maven2/org/springframework/boot/spring-boot-web-server/4.0.0/spring-boot-web-server-4.0.0.jar
2025-12-16 11:31:35,755 [BasicRepositoryConnector-repo.maven.apache.org-0-1] INFO  o.e.m.c.i.e.AbstractTransferListenerAdapter - Downloaded https://repo.maven.apache.org/maven2/org/springframework/boot/spring-boot-jdbc-test/4.0.0/spring-boot-jdbc-test-4.0.0.jar
2025-12-16 11:31:35,758 [BasicRepositoryConnector-repo.maven.apache.org-0-3] INFO  o.e.m.c.i.e.AbstractTransferListenerAdapter - Downloaded https://repo.maven.apache.org/maven2/org/springframework/boot/spring-boot-starter-jackson-test/4.0.0/spring-boot-starter-jackson-test-4.0.0.jar
2025-12-16 11:31:35,772 [BasicRepositoryConnector-repo.maven.apache.org-0-4] INFO  o.e.m.c.i.e.AbstractTransferListenerAdapter - Downloaded https://repo.maven.apache.org/maven2/org/springframework/boot/spring-boot-web-server/4.0.0/spring-boot-web-server-4.0.0.jar
2025-12-16 11:31:35,816 [BasicRepositoryConnector-repo.maven.apache.org-0-1] INFO  o.e.m.c.i.e.AbstractTransferListenerAdapter - Downloading https://repo.maven.apache.org/maven2/org/springframework/boot/spring-boot-resttestclient/4.0.0/spring-boot-resttestclient-4.0.0.jar
2025-12-16 11:31:35,831 [BasicRepositoryConnector-repo.maven.apache.org-0-3] INFO  o.e.m.c.i.e.AbstractTransferListenerAdapter - Downloading https://repo.maven.apache.org/maven2/org/springframework/boot/spring-boot-restclient/4.0.0/spring-boot-restclient-4.0.0.jar
2025-12-16 11:31:35,834 [BasicRepositoryConnector-repo.maven.apache.org-0-4] INFO  o.e.m.c.i.e.AbstractTransferListenerAdapter - Downloading https://repo.maven.apache.org/maven2/org/springframework/boot/spring-boot-http-client/4.0.0/spring-boot-http-client-4.0.0.jar
2025-12-16 11:31:35,863 [BasicRepositoryConnector-repo.maven.apache.org-0-4] INFO  o.e.m.c.i.e.AbstractTransferListenerAdapter - Downloaded https://repo.maven.apache.org/maven2/org/springframework/boot/spring-boot-http-client/4.0.0/spring-boot-http-client-4.0.0.jar
2025-12-16 11:31:36,120 [BasicRepositoryConnector-repo.maven.apache.org-0-1] INFO  o.e.m.c.i.e.AbstractTransferListenerAdapter - Downloaded https://repo.maven.apache.org/maven2/org/springframework/boot/spring-boot-resttestclient/4.0.0/spring-boot-resttestclient-4.0.0.jar
2025-12-16 11:31:36,137 [BasicRepositoryConnector-repo.maven.apache.org-0-2] INFO  o.e.m.c.i.e.AbstractTransferListenerAdapter - Downloaded https://repo.maven.apache.org/maven2/org/springframework/boot/spring-boot-webmvc-test/4.0.0/spring-boot-webmvc-test-4.0.0.jar
2025-12-16 11:31:36,305 [BasicRepositoryConnector-repo.maven.apache.org-0-3] INFO  o.e.m.c.i.e.AbstractTransferListenerAdapter - Downloaded https://repo.maven.apache.org/maven2/org/springframework/boot/spring-boot-restclient/4.0.0/spring-boot-restclient-4.0.0.jar
2025-12-16 11:31:41,298 [BasicRepositoryConnector-repo.maven.apache.org-0-0] INFO  o.e.m.c.i.e.AbstractTransferListenerAdapter - Downloading https://repo.maven.apache.org/maven2/org/springframework/boot/spring-boot-starter-jdbc/4.0.0/spring-boot-starter-jdbc-4.0.0.jar
2025-12-16 11:31:41,339 [BasicRepositoryConnector-repo.maven.apache.org-0-0] INFO  o.e.m.c.i.e.AbstractTransferListenerAdapter - Downloaded https://repo.maven.apache.org/maven2/org/springframework/boot/spring-boot-starter-jdbc/4.0.0/spring-boot-starter-jdbc-4.0.0.jar
2025-12-16 11:31:42,073 [Worker-1: Import Getting Started Content] INFO  o.e.m.j.i.AbstractJavaProjectConfigurator - Adding source folder /Order_Api/src/main/java
2025-12-16 11:31:42,074 [Worker-1: Import Getting Started Content] INFO  o.e.m.j.i.AbstractJavaProjectConfigurator - Adding resource folder /Order_Api/src/main/resources
2025-12-16 11:31:42,076 [Worker-1: Import Getting Started Content] INFO  o.e.m.j.i.AbstractJavaProjectConfigurator - Adding resource folder /Order_Api/src/main/resources
2025-12-16 11:31:42,078 [Worker-1: Import Getting Started Content] INFO  o.e.m.j.i.AbstractJavaProjectConfigurator - Adding source folder /Order_Api/src/test/java
2025-12-16 11:31:42,078 [Worker-1: Import Getting Started Content] INFO  o.e.m.j.i.AbstractJavaProjectConfigurator - Adding resource folder /Order_Api/src/test/resources
2025-12-16 11:31:42,986 [Worker-4: Download sources and javadoc] INFO  o.e.m.c.i.e.AbstractTransferListenerAdapter - Downloading https://repo.maven.apache.org/maven2/org/springframework/boot/spring-boot-starter-data-jpa/4.0.0/spring-boot-starter-data-jpa-4.0.0-sources.jar
2025-12-16 11:31:42,992 [Worker-4: Download sources and javadoc] INFO  o.e.m.c.i.e.AbstractTransferListenerAdapter - Downloaded https://repo.maven.apache.org/maven2/org/springframework/boot/spring-boot-starter-data-jpa/4.0.0/spring-boot-starter-data-jpa-4.0.0-sources.jar
2025-12-16 11:31:42,996 [Worker-4: Download sources and javadoc] INFO  o.e.m.j.internal.DownloadSourcesJob - Downloaded sources for org.springframework.boot:spring-boot-starter-data-jpa:4.0.0
2025-12-16 11:31:43,098 [Worker-4: Download sources and javadoc] INFO  o.e.m.c.i.e.AbstractTransferListenerAdapter - Downloading https://repo.maven.apache.org/maven2/org/springframework/boot/spring-boot-starter-jdbc/4.0.0/spring-boot-starter-jdbc-4.0.0-sources.jar
2025-12-16 11:31:43,104 [Worker-4: Download sources and javadoc] INFO  o.e.m.c.i.e.AbstractTransferListenerAdapter - Downloaded https://repo.maven.apache.org/maven2/org/springframework/boot/spring-boot-starter-jdbc/4.0.0/spring-boot-starter-jdbc-4.0.0-sources.jar
2025-12-16 11:31:43,107 [Worker-4: Download sources and javadoc] INFO  o.e.m.j.internal.DownloadSourcesJob - Downloaded sources for org.springframework.boot:spring-boot-starter-jdbc:4.0.0
2025-12-16 11:31:43,229 [Worker-4: Download sources and javadoc] INFO  o.e.m.c.i.e.AbstractTransferListenerAdapter - Downloading https://repo.maven.apache.org/maven2/com/zaxxer/HikariCP/7.0.2/HikariCP-7.0.2-sources.jar
2025-12-16 11:31:43,321 [Worker-4: Download sources and javadoc] INFO  o.e.m.c.i.e.AbstractTransferListenerAdapter - Downloaded https://repo.maven.apache.org/maven2/com/zaxxer/HikariCP/7.0.2/HikariCP-7.0.2-sources.jar
2025-12-16 11:31:43,326 [Worker-4: Download sources and javadoc] INFO  o.e.m.j.internal.DownloadSourcesJob - Downloaded sources for com.zaxxer:HikariCP:7.0.2
2025-12-16 11:31:43,347 [Worker-1: Import Getting Started Content] INFO  o.e.m.c.i.p.ProjectConfigurationManager - Imported and configured 1 project(s) in 20 sec
2025-12-16 11:31:43,349 [Worker-1: Import Getting Started Content] INFO  o.e.m.c.i.p.ProjectConfigurationManager - Update started
2025-12-16 11:31:43,472 [Worker-4: Download sources and javadoc] INFO  o.e.m.c.i.e.AbstractTransferListenerAdapter - Downloading https://repo.maven.apache.org/maven2/org/springframework/boot/spring-boot-data-jpa/4.0.0/spring-boot-data-jpa-4.0.0-sources.jar
2025-12-16 11:31:43,638 [Worker-1: Import Getting Started Content] INFO  o.e.m.c.i.l.LifecycleMappingFactory - Using org.eclipse.m2e.jdt.JarLifecycleMapping lifecycle mapping for MavenProject: com.example:Order_Api:0.0.1-SNAPSHOT @ E:\Full-stack\E_commerce\Order_Api\pom.xml.
2025-12-16 11:31:43,685 [Worker-4: Download sources and javadoc] INFO  o.e.m.c.i.e.AbstractTransferListenerAdapter - Downloaded https://repo.maven.apache.org/maven2/org/springframework/boot/spring-boot-data-jpa/4.0.0/spring-boot-data-jpa-4.0.0-sources.jar
2025-12-16 11:31:43,688 [Worker-4: Download sources and javadoc] INFO  o.e.m.j.internal.DownloadSourcesJob - Downloaded sources for org.springframework.boot:spring-boot-data-jpa:4.0.0
2025-12-16 11:31:43,804 [Worker-4: Download sources and javadoc] INFO  o.e.m.c.i.e.AbstractTransferListenerAdapter - Downloading https://repo.maven.apache.org/maven2/org/springframework/boot/spring-boot-data-commons/4.0.0/spring-boot-data-commons-4.0.0-sources.jar
2025-12-16 11:31:44,273 [Worker-4: Download sources and javadoc] INFO  o.e.m.c.i.e.AbstractTransferListenerAdapter - Downloaded https://repo.maven.apache.org/maven2/org/springframework/boot/spring-boot-data-commons/4.0.0/spring-boot-data-commons-4.0.0-sources.jar
2025-12-16 11:31:44,278 [Worker-4: Download sources and javadoc] INFO  o.e.m.j.internal.DownloadSourcesJob - Downloaded sources for org.springframework.boot:spring-boot-data-commons:4.0.0
2025-12-16 11:31:44,407 [Worker-4: Download sources and javadoc] INFO  o.e.m.c.i.e.AbstractTransferListenerAdapter - Downloading https://repo.maven.apache.org/maven2/org/springframework/boot/spring-boot-persistence/4.0.0/spring-boot-persistence-4.0.0-sources.jar
2025-12-16 11:31:44,704 [Worker-1: Import Getting Started Content] INFO  o.e.m.j.i.AbstractJavaProjectConfigurator - Adding source folder /Order_Api/src/main/java
2025-12-16 11:31:44,705 [Worker-1: Import Getting Started Content] INFO  o.e.m.j.i.AbstractJavaProjectConfigurator - Adding resource folder /Order_Api/src/main/resources
2025-12-16 11:31:44,705 [Worker-1: Import Getting Started Content] INFO  o.e.m.j.i.AbstractJavaProjectConfigurator - Adding resource folder /Order_Api/src/main/resources
2025-12-16 11:31:44,706 [Worker-1: Import Getting Started Content] INFO  o.e.m.j.i.AbstractJavaProjectConfigurator - Adding source folder /Order_Api/src/test/java
2025-12-16 11:31:44,706 [Worker-1: Import Getting Started Content] INFO  o.e.m.j.i.AbstractJavaProjectConfigurator - Adding resource folder /Order_Api/src/test/resources
2025-12-16 11:31:44,723 [Worker-4: Download sources and javadoc] INFO  o.e.m.c.i.e.AbstractTransferListenerAdapter - Downloaded https://repo.maven.apache.org/maven2/org/springframework/boot/spring-boot-persistence/4.0.0/spring-boot-persistence-4.0.0-sources.jar
2025-12-16 11:31:44,727 [Worker-4: Download sources and javadoc] INFO  o.e.m.j.internal.DownloadSourcesJob - Downloaded sources for org.springframework.boot:spring-boot-persistence:4.0.0
2025-12-16 11:31:44,901 [Worker-4: Download sources and javadoc] INFO  o.e.m.c.i.e.AbstractTransferListenerAdapter - Downloading https://repo.maven.apache.org/maven2/org/springframework/data/spring-data-commons/4.0.0/spring-data-commons-4.0.0-sources.jar
2025-12-16 11:31:45,132 [Worker-4: Download sources and javadoc] INFO  o.e.m.c.i.e.AbstractTransferListenerAdapter - Downloaded https://repo.maven.apache.org/maven2/org/springframework/data/spring-data-commons/4.0.0/spring-data-commons-4.0.0-sources.jar
2025-12-16 11:31:45,137 [Worker-4: Download sources and javadoc] INFO  o.e.m.j.internal.DownloadSourcesJob - Downloaded sources for org.springframework.data:spring-data-commons:4.0.0
2025-12-16 11:31:45,309 [Worker-4: Download sources and javadoc] INFO  o.e.m.c.i.e.AbstractTransferListenerAdapter - Downloading https://repo.maven.apache.org/maven2/org/springframework/boot/spring-boot-hibernate/4.0.0/spring-boot-hibernate-4.0.0-sources.jar
2025-12-16 11:31:45,528 [Worker-1: Import Getting Started Content] INFO  o.e.m.c.i.p.ProjectConfigurationManager - Update completed for 1 poms: local refresh takes 0.00 sec, refresh facades takes 0.00 sec, update config takes 0.00 sec 
2025-12-16 11:31:45,824 [Worker-4: Download sources and javadoc] INFO  o.e.m.c.i.e.AbstractTransferListenerAdapter - Downloaded https://repo.maven.apache.org/maven2/org/springframework/boot/spring-boot-hibernate/4.0.0/spring-boot-hibernate-4.0.0-sources.jar
2025-12-16 11:31:45,828 [Worker-4: Download sources and javadoc] INFO  o.e.m.j.internal.DownloadSourcesJob - Downloaded sources for org.springframework.boot:spring-boot-hibernate:4.0.0
2025-12-16 11:31:45,978 [Worker-4: Download sources and javadoc] INFO  o.e.m.c.i.e.AbstractTransferListenerAdapter - Downloading https://repo.maven.apache.org/maven2/org/springframework/boot/spring-boot-jpa/4.0.0/spring-boot-jpa-4.0.0-sources.jar
2025-12-16 11:31:46,113 [Worker-7: Building] INFO  o.a.m.s.f.DefaultMavenResourcesFiltering - Copying 1 resource from src\main\resources to target\classes
2025-12-16 11:31:46,127 [Worker-7: Building] INFO  o.a.m.s.f.DefaultMavenResourcesFiltering - Copying 0 resource from src\main\resources to target\classes
2025-12-16 11:31:46,131 [Worker-7: Building] INFO  o.a.m.s.f.DefaultMavenResourcesFiltering - skip non existing resourceDirectory E:\Full-stack\E_commerce\Order_Api\src\test\resources
2025-12-16 11:31:46,325 [Worker-4: Download sources and javadoc] INFO  o.e.m.c.i.e.AbstractTransferListenerAdapter - Downloaded https://repo.maven.apache.org/maven2/org/springframework/boot/spring-boot-jpa/4.0.0/spring-boot-jpa-4.0.0-sources.jar
2025-12-16 11:31:46,330 [Worker-4: Download sources and javadoc] INFO  o.e.m.j.internal.DownloadSourcesJob - Downloaded sources for org.springframework.boot:spring-boot-jpa:4.0.0
2025-12-16 11:31:46,935 [Worker-4: Download sources and javadoc] INFO  o.e.m.c.i.e.AbstractTransferListenerAdapter - Downloading https://repo.maven.apache.org/maven2/jakarta/persistence/jakarta.persistence-api/3.2.0/jakarta.persistence-api-3.2.0-sources.jar
2025-12-16 11:31:47,033 [Worker-4: Download sources and javadoc] INFO  o.e.m.c.i.e.AbstractTransferListenerAdapter - Downloaded https://repo.maven.apache.org/maven2/jakarta/persistence/jakarta.persistence-api/3.2.0/jakarta.persistence-api-3.2.0-sources.jar
2025-12-16 11:31:47,039 [Worker-4: Download sources and javadoc] INFO  o.e.m.j.internal.DownloadSourcesJob - Downloaded sources for jakarta.persistence:jakarta.persistence-api:3.2.0
2025-12-16 11:31:47,298 [Worker-4: Download sources and javadoc] INFO  o.e.m.c.i.e.AbstractTransferListenerAdapter - Downloading https://repo.maven.apache.org/maven2/org/hibernate/orm/hibernate-core/7.1.8.Final/hibernate-core-7.1.8.Final-sources.jar
2025-12-16 11:31:47,960 [Worker-4: Download sources and javadoc] INFO  o.e.m.c.i.e.AbstractTransferListenerAdapter - Downloaded https://repo.maven.apache.org/maven2/org/hibernate/orm/hibernate-core/7.1.8.Final/hibernate-core-7.1.8.Final-sources.jar
2025-12-16 11:31:47,964 [Worker-4: Download sources and javadoc] INFO  o.e.m.j.internal.DownloadSourcesJob - Downloaded sources for org.hibernate.orm:hibernate-core:7.1.8.Final
2025-12-16 11:31:48,172 [Worker-4: Download sources and javadoc] INFO  o.e.m.c.i.e.AbstractTransferListenerAdapter - Downloading https://repo.maven.apache.org/maven2/org/hibernate/models/hibernate-models/1.0.1/hibernate-models-1.0.1-sources.jar
2025-12-16 11:31:48,264 [Worker-4: Download sources and javadoc] INFO  o.e.m.c.i.e.AbstractTransferListenerAdapter - Downloaded https://repo.maven.apache.org/maven2/org/hibernate/models/hibernate-models/1.0.1/hibernate-models-1.0.1-sources.jar
2025-12-16 11:31:48,268 [Worker-4: Download sources and javadoc] INFO  o.e.m.j.internal.DownloadSourcesJob - Downloaded sources for org.hibernate.models:hibernate-models:1.0.1
2025-12-16 11:31:48,409 [Worker-4: Download sources and javadoc] INFO  o.e.m.c.i.e.AbstractTransferListenerAdapter - Downloading https://repo.maven.apache.org/maven2/org/springframework/spring-orm/7.0.1/spring-orm-7.0.1-sources.jar
2025-12-16 11:31:48,484 [Worker-4: Download sources and javadoc] INFO  o.e.m.c.i.e.AbstractTransferListenerAdapter - Downloaded https://repo.maven.apache.org/maven2/org/springframework/spring-orm/7.0.1/spring-orm-7.0.1-sources.jar
2025-12-16 11:31:48,487 [Worker-4: Download sources and javadoc] INFO  o.e.m.j.internal.DownloadSourcesJob - Downloaded sources for org.springframework:spring-orm:7.0.1
2025-12-16 11:31:48,634 [Worker-4: Download sources and javadoc] INFO  o.e.m.c.i.e.AbstractTransferListenerAdapter - Downloading https://repo.maven.apache.org/maven2/org/springframework/data/spring-data-jpa/4.0.0/spring-data-jpa-4.0.0-sources.jar
2025-12-16 11:31:48,842 [Worker-4: Download sources and javadoc] INFO  o.e.m.c.i.e.AbstractTransferListenerAdapter - Downloaded https://repo.maven.apache.org/maven2/org/springframework/data/spring-data-jpa/4.0.0/spring-data-jpa-4.0.0-sources.jar
2025-12-16 11:31:48,845 [Worker-4: Download sources and javadoc] INFO  o.e.m.j.internal.DownloadSourcesJob - Downloaded sources for org.springframework.data:spring-data-jpa:4.0.0
2025-12-16 11:31:48,969 [Worker-4: Download sources and javadoc] INFO  o.e.m.c.i.e.AbstractTransferListenerAdapter - Downloading https://repo.maven.apache.org/maven2/org/springframework/spring-tx/7.0.1/spring-tx-7.0.1-sources.jar
2025-12-16 11:31:49,061 [Worker-4: Download sources and javadoc] INFO  o.e.m.c.i.e.AbstractTransferListenerAdapter - Downloaded https://repo.maven.apache.org/maven2/org/springframework/spring-tx/7.0.1/spring-tx-7.0.1-sources.jar
2025-12-16 11:31:49,064 [Worker-4: Download sources and javadoc] INFO  o.e.m.j.internal.DownloadSourcesJob - Downloaded sources for org.springframework:spring-tx:7.0.1
2025-12-16 11:31:49,176 [Worker-4: Download sources and javadoc] INFO  o.e.m.c.i.e.AbstractTransferListenerAdapter - Downloading https://repo.maven.apache.org/maven2/org/antlr/antlr4-runtime/4.13.2/antlr4-runtime-4.13.2-sources.jar
2025-12-16 11:31:49,271 [Worker-4: Download sources and javadoc] INFO  o.e.m.c.i.e.AbstractTransferListenerAdapter - Downloaded https://repo.maven.apache.org/maven2/org/antlr/antlr4-runtime/4.13.2/antlr4-runtime-4.13.2-sources.jar
2025-12-16 11:31:49,274 [Worker-4: Download sources and javadoc] INFO  o.e.m.j.internal.DownloadSourcesJob - Downloaded sources for org.antlr:antlr4-runtime:4.13.2
2025-12-16 11:31:49,672 [Worker-4: Download sources and javadoc] INFO  o.e.m.c.i.e.AbstractTransferListenerAdapter - Downloading https://repo.maven.apache.org/maven2/org/springframework/spring-aspects/7.0.1/spring-aspects-7.0.1-sources.jar
2025-12-16 11:31:50,085 [Worker-4: Download sources and javadoc] INFO  o.e.m.c.i.e.AbstractTransferListenerAdapter - Downloaded https://repo.maven.apache.org/maven2/org/springframework/spring-aspects/7.0.1/spring-aspects-7.0.1-sources.jar
2025-12-16 11:31:50,089 [Worker-4: Download sources and javadoc] INFO  o.e.m.j.internal.DownloadSourcesJob - Downloaded sources for org.springframework:spring-aspects:7.0.1
2025-12-16 11:31:50,206 [Worker-4: Download sources and javadoc] INFO  o.e.m.c.i.e.AbstractTransferListenerAdapter - Downloading https://repo.maven.apache.org/maven2/org/aspectj/aspectjweaver/1.9.25/aspectjweaver-1.9.25-sources.jar
2025-12-16 11:31:50,377 [Worker-4: Download sources and javadoc] INFO  o.e.m.c.i.e.AbstractTransferListenerAdapter - Downloaded https://repo.maven.apache.org/maven2/org/aspectj/aspectjweaver/1.9.25/aspectjweaver-1.9.25-sources.jar
2025-12-16 11:31:50,379 [Worker-4: Download sources and javadoc] INFO  o.e.m.j.internal.DownloadSourcesJob - Downloaded sources for org.aspectj:aspectjweaver:1.9.25
2025-12-16 11:31:50,530 [Worker-4: Download sources and javadoc] INFO  o.e.m.c.i.e.AbstractTransferListenerAdapter - Downloading https://repo.maven.apache.org/maven2/org/springframework/boot/spring-boot-jdbc/4.0.0/spring-boot-jdbc-4.0.0-sources.jar
2025-12-16 11:31:50,582 [Worker-4: Download sources and javadoc] INFO  o.e.m.c.i.e.AbstractTransferListenerAdapter - Downloaded https://repo.maven.apache.org/maven2/org/springframework/boot/spring-boot-jdbc/4.0.0/spring-boot-jdbc-4.0.0-sources.jar
2025-12-16 11:31:50,586 [Worker-4: Download sources and javadoc] INFO  o.e.m.j.internal.DownloadSourcesJob - Downloaded sources for org.springframework.boot:spring-boot-jdbc:4.0.0
2025-12-16 11:31:50,703 [Worker-4: Download sources and javadoc] INFO  o.e.m.c.i.e.AbstractTransferListenerAdapter - Downloading https://repo.maven.apache.org/maven2/org/springframework/boot/spring-boot-sql/4.0.0/spring-boot-sql-4.0.0-sources.jar
2025-12-16 11:31:51,000 [Worker-4: Download sources and javadoc] INFO  o.e.m.c.i.e.AbstractTransferListenerAdapter - Downloaded https://repo.maven.apache.org/maven2/org/springframework/boot/spring-boot-sql/4.0.0/spring-boot-sql-4.0.0-sources.jar
2025-12-16 11:31:51,005 [Worker-4: Download sources and javadoc] INFO  o.e.m.j.internal.DownloadSourcesJob - Downloaded sources for org.springframework.boot:spring-boot-sql:4.0.0
2025-12-16 11:31:51,119 [Worker-4: Download sources and javadoc] INFO  o.e.m.c.i.e.AbstractTransferListenerAdapter - Downloading https://repo.maven.apache.org/maven2/org/springframework/boot/spring-boot-transaction/4.0.0/spring-boot-transaction-4.0.0-sources.jar
2025-12-16 11:31:51,290 [Worker-4: Download sources and javadoc] INFO  o.e.m.c.i.e.AbstractTransferListenerAdapter - Downloaded https://repo.maven.apache.org/maven2/org/springframework/boot/spring-boot-transaction/4.0.0/spring-boot-transaction-4.0.0-sources.jar
2025-12-16 11:31:51,293 [Worker-4: Download sources and javadoc] INFO  o.e.m.j.internal.DownloadSourcesJob - Downloaded sources for org.springframework.boot:spring-boot-transaction:4.0.0
2025-12-16 11:31:51,433 [Worker-4: Download sources and javadoc] INFO  o.e.m.c.i.e.AbstractTransferListenerAdapter - Downloading https://repo.maven.apache.org/maven2/org/springframework/spring-jdbc/7.0.1/spring-jdbc-7.0.1-sources.jar
2025-12-16 11:31:51,521 [Worker-4: Download sources and javadoc] INFO  o.e.m.c.i.e.AbstractTransferListenerAdapter - Downloaded https://repo.maven.apache.org/maven2/org/springframework/spring-jdbc/7.0.1/spring-jdbc-7.0.1-sources.jar
2025-12-16 11:31:51,524 [Worker-4: Download sources and javadoc] INFO  o.e.m.j.internal.DownloadSourcesJob - Downloaded sources for org.springframework:spring-jdbc:7.0.1
2025-12-16 11:31:51,635 [Worker-4: Download sources and javadoc] INFO  o.e.m.c.i.e.AbstractTransferListenerAdapter - Downloading https://repo.maven.apache.org/maven2/org/springframework/boot/spring-boot-starter-webmvc/4.0.0/spring-boot-starter-webmvc-4.0.0-sources.jar
2025-12-16 11:31:51,640 [Worker-4: Download sources and javadoc] INFO  o.e.m.c.i.e.AbstractTransferListenerAdapter - Downloaded https://repo.maven.apache.org/maven2/org/springframework/boot/spring-boot-starter-webmvc/4.0.0/spring-boot-starter-webmvc-4.0.0-sources.jar
2025-12-16 11:31:51,642 [Worker-4: Download sources and javadoc] INFO  o.e.m.j.internal.DownloadSourcesJob - Downloaded sources for org.springframework.boot:spring-boot-starter-webmvc:4.0.0
2025-12-16 11:31:52,106 [Worker-4: Download sources and javadoc] INFO  o.e.m.c.i.e.AbstractTransferListenerAdapter - Downloading https://repo.maven.apache.org/maven2/org/springframework/boot/spring-boot-starter-jackson/4.0.0/spring-boot-starter-jackson-4.0.0-sources.jar
2025-12-16 11:31:52,112 [Worker-4: Download sources and javadoc] INFO  o.e.m.c.i.e.AbstractTransferListenerAdapter - Downloaded https://repo.maven.apache.org/maven2/org/springframework/boot/spring-boot-starter-jackson/4.0.0/spring-boot-starter-jackson-4.0.0-sources.jar
2025-12-16 11:31:52,115 [Worker-4: Download sources and javadoc] INFO  o.e.m.j.internal.DownloadSourcesJob - Downloaded sources for org.springframework.boot:spring-boot-starter-jackson:4.0.0
2025-12-16 11:31:52,211 [Worker-4: Download sources and javadoc] INFO  o.e.m.c.i.e.AbstractTransferListenerAdapter - Downloading https://repo.maven.apache.org/maven2/org/springframework/boot/spring-boot-jackson/4.0.0/spring-boot-jackson-4.0.0-sources.jar
2025-12-16 11:31:52,612 [Worker-4: Download sources and javadoc] INFO  o.e.m.c.i.e.AbstractTransferListenerAdapter - Downloaded https://repo.maven.apache.org/maven2/org/springframework/boot/spring-boot-jackson/4.0.0/spring-boot-jackson-4.0.0-sources.jar
2025-12-16 11:31:52,615 [Worker-4: Download sources and javadoc] INFO  o.e.m.j.internal.DownloadSourcesJob - Downloaded sources for org.springframework.boot:spring-boot-jackson:4.0.0
2025-12-16 11:31:52,767 [Worker-4: Download sources and javadoc] INFO  o.e.m.c.i.e.AbstractTransferListenerAdapter - Downloading https://repo.maven.apache.org/maven2/tools/jackson/core/jackson-databind/3.0.2/jackson-databind-3.0.2-sources.jar
2025-12-16 11:31:52,988 [Worker-4: Download sources and javadoc] INFO  o.e.m.c.i.e.AbstractTransferListenerAdapter - Downloaded https://repo.maven.apache.org/maven2/tools/jackson/core/jackson-databind/3.0.2/jackson-databind-3.0.2-sources.jar
2025-12-16 11:31:52,991 [Worker-4: Download sources and javadoc] INFO  o.e.m.j.internal.DownloadSourcesJob - Downloaded sources for tools.jackson.core:jackson-databind:3.0.2
2025-12-16 11:31:53,124 [Worker-4: Download sources and javadoc] INFO  o.e.m.c.i.e.AbstractTransferListenerAdapter - Downloading https://repo.maven.apache.org/maven2/com/fasterxml/jackson/core/jackson-annotations/2.20/jackson-annotations-2.20-sources.jar
2025-12-16 11:31:53,168 [Worker-4: Download sources and javadoc] INFO  o.e.m.c.i.e.AbstractTransferListenerAdapter - Downloaded https://repo.maven.apache.org/maven2/com/fasterxml/jackson/core/jackson-annotations/2.20/jackson-annotations-2.20-sources.jar
2025-12-16 11:31:53,172 [Worker-4: Download sources and javadoc] INFO  o.e.m.j.internal.DownloadSourcesJob - Downloaded sources for com.fasterxml.jackson.core:jackson-annotations:2.20
2025-12-16 11:31:53,288 [Worker-4: Download sources and javadoc] INFO  o.e.m.c.i.e.AbstractTransferListenerAdapter - Downloading https://repo.maven.apache.org/maven2/tools/jackson/core/jackson-core/3.0.2/jackson-core-3.0.2-sources.jar
2025-12-16 11:31:53,382 [Worker-4: Download sources and javadoc] INFO  o.e.m.c.i.e.AbstractTransferListenerAdapter - Downloaded https://repo.maven.apache.org/maven2/tools/jackson/core/jackson-core/3.0.2/jackson-core-3.0.2-sources.jar
2025-12-16 11:31:53,385 [Worker-4: Download sources and javadoc] INFO  o.e.m.j.internal.DownloadSourcesJob - Downloaded sources for tools.jackson.core:jackson-core:3.0.2
2025-12-16 11:32:03,491 [Worker-4: Download sources and javadoc] INFO  o.e.m.c.i.e.AbstractTransferListenerAdapter - Downloading https://repo.maven.apache.org/maven2/org/springframework/boot/spring-boot-starter-tomcat/4.0.0/spring-boot-starter-tomcat-4.0.0-sources.jar
2025-12-16 11:32:03,497 [Worker-4: Download sources and javadoc] INFO  o.e.m.c.i.e.AbstractTransferListenerAdapter - Downloaded https://repo.maven.apache.org/maven2/org/springframework/boot/spring-boot-starter-tomcat/4.0.0/spring-boot-starter-tomcat-4.0.0-sources.jar
2025-12-16 11:32:03,500 [Worker-4: Download sources and javadoc] INFO  o.e.m.j.internal.DownloadSourcesJob - Downloaded sources for org.springframework.boot:spring-boot-starter-tomcat:4.0.0
2025-12-16 11:32:03,621 [Worker-4: Download sources and javadoc] INFO  o.e.m.c.i.e.AbstractTransferListenerAdapter - Downloading https://repo.maven.apache.org/maven2/org/springframework/boot/spring-boot-starter-tomcat-runtime/4.0.0/spring-boot-starter-tomcat-runtime-4.0.0-sources.jar
2025-12-16 11:32:03,626 [Worker-4: Download sources and javadoc] INFO  o.e.m.c.i.e.AbstractTransferListenerAdapter - Downloaded https://repo.maven.apache.org/maven2/org/springframework/boot/spring-boot-starter-tomcat-runtime/4.0.0/spring-boot-starter-tomcat-runtime-4.0.0-sources.jar
2025-12-16 11:32:03,629 [Worker-4: Download sources and javadoc] INFO  o.e.m.j.internal.DownloadSourcesJob - Downloaded sources for org.springframework.boot:spring-boot-starter-tomcat-runtime:4.0.0
2025-12-16 11:32:03,757 [Worker-4: Download sources and javadoc] INFO  o.e.m.c.i.e.AbstractTransferListenerAdapter - Downloading https://repo.maven.apache.org/maven2/org/apache/tomcat/embed/tomcat-embed-core/11.0.14/tomcat-embed-core-11.0.14-sources.jar
2025-12-16 11:32:04,097 [Worker-4: Download sources and javadoc] INFO  o.e.m.c.i.e.AbstractTransferListenerAdapter - Downloaded https://repo.maven.apache.org/maven2/org/apache/tomcat/embed/tomcat-embed-core/11.0.14/tomcat-embed-core-11.0.14-sources.jar
2025-12-16 11:32:04,100 [Worker-4: Download sources and javadoc] INFO  o.e.m.j.internal.DownloadSourcesJob - Downloaded sources for org.apache.tomcat.embed:tomcat-embed-core:11.0.14
2025-12-16 11:32:04,230 [Worker-4: Download sources and javadoc] INFO  o.e.m.c.i.e.AbstractTransferListenerAdapter - Downloading https://repo.maven.apache.org/maven2/org/apache/tomcat/embed/tomcat-embed-el/11.0.14/tomcat-embed-el-11.0.14-sources.jar
2025-12-16 11:32:04,304 [Worker-4: Download sources and javadoc] INFO  o.e.m.c.i.e.AbstractTransferListenerAdapter - Downloaded https://repo.maven.apache.org/maven2/org/apache/tomcat/embed/tomcat-embed-el/11.0.14/tomcat-embed-el-11.0.14-sources.jar
2025-12-16 11:32:04,307 [Worker-4: Download sources and javadoc] INFO  o.e.m.j.internal.DownloadSourcesJob - Downloaded sources for org.apache.tomcat.embed:tomcat-embed-el:11.0.14
2025-12-16 11:32:04,432 [Worker-4: Download sources and javadoc] INFO  o.e.m.c.i.e.AbstractTransferListenerAdapter - Downloading https://repo.maven.apache.org/maven2/org/apache/tomcat/embed/tomcat-embed-websocket/11.0.14/tomcat-embed-websocket-11.0.14-sources.jar
2025-12-16 11:32:04,510 [Worker-4: Download sources and javadoc] INFO  o.e.m.c.i.e.AbstractTransferListenerAdapter - Downloaded https://repo.maven.apache.org/maven2/org/apache/tomcat/embed/tomcat-embed-websocket/11.0.14/tomcat-embed-websocket-11.0.14-sources.jar
2025-12-16 11:32:04,513 [Worker-4: Download sources and javadoc] INFO  o.e.m.j.internal.DownloadSourcesJob - Downloaded sources for org.apache.tomcat.embed:tomcat-embed-websocket:11.0.14
2025-12-16 11:32:04,627 [Worker-4: Download sources and javadoc] INFO  o.e.m.c.i.e.AbstractTransferListenerAdapter - Downloading https://repo.maven.apache.org/maven2/org/springframework/boot/spring-boot-tomcat/4.0.0/spring-boot-tomcat-4.0.0-sources.jar
2025-12-16 11:32:04,673 [Worker-4: Download sources and javadoc] INFO  o.e.m.c.i.e.AbstractTransferListenerAdapter - Downloaded https://repo.maven.apache.org/maven2/org/springframework/boot/spring-boot-tomcat/4.0.0/spring-boot-tomcat-4.0.0-sources.jar
2025-12-16 11:32:04,677 [Worker-4: Download sources and javadoc] INFO  o.e.m.j.internal.DownloadSourcesJob - Downloaded sources for org.springframework.boot:spring-boot-tomcat:4.0.0
2025-12-16 11:32:04,849 [Worker-4: Download sources and javadoc] INFO  o.e.m.c.i.e.AbstractTransferListenerAdapter - Downloading https://repo.maven.apache.org/maven2/org/springframework/boot/spring-boot-http-converter/4.0.0/spring-boot-http-converter-4.0.0-sources.jar
2025-12-16 11:32:05,219 [Worker-4: Download sources and javadoc] INFO  o.e.m.c.i.e.AbstractTransferListenerAdapter - Downloaded https://repo.maven.apache.org/maven2/org/springframework/boot/spring-boot-http-converter/4.0.0/spring-boot-http-converter-4.0.0-sources.jar
2025-12-16 11:32:05,222 [Worker-4: Download sources and javadoc] INFO  o.e.m.j.internal.DownloadSourcesJob - Downloaded sources for org.springframework.boot:spring-boot-http-converter:4.0.0
2025-12-16 11:32:05,346 [Worker-4: Download sources and javadoc] INFO  o.e.m.c.i.e.AbstractTransferListenerAdapter - Downloading https://repo.maven.apache.org/maven2/org/springframework/spring-web/7.0.1/spring-web-7.0.1-sources.jar
2025-12-16 11:32:05,694 [Worker-4: Download sources and javadoc] INFO  o.e.m.c.i.e.AbstractTransferListenerAdapter - Downloaded https://repo.maven.apache.org/maven2/org/springframework/spring-web/7.0.1/spring-web-7.0.1-sources.jar
2025-12-16 11:32:05,697 [Worker-4: Download sources and javadoc] INFO  o.e.m.j.internal.DownloadSourcesJob - Downloaded sources for org.springframework:spring-web:7.0.1
2025-12-16 11:32:05,808 [Worker-4: Download sources and javadoc] INFO  o.e.m.c.i.e.AbstractTransferListenerAdapter - Downloading https://repo.maven.apache.org/maven2/org/springframework/boot/spring-boot-webmvc/4.0.0/spring-boot-webmvc-4.0.0-sources.jar
2025-12-16 11:32:05,866 [Worker-4: Download sources and javadoc] INFO  o.e.m.c.i.e.AbstractTransferListenerAdapter - Downloaded https://repo.maven.apache.org/maven2/org/springframework/boot/spring-boot-webmvc/4.0.0/spring-boot-webmvc-4.0.0-sources.jar
2025-12-16 11:32:05,869 [Worker-4: Download sources and javadoc] INFO  o.e.m.j.internal.DownloadSourcesJob - Downloaded sources for org.springframework.boot:spring-boot-webmvc:4.0.0
2025-12-16 11:32:05,983 [Worker-4: Download sources and javadoc] INFO  o.e.m.c.i.e.AbstractTransferListenerAdapter - Downloading https://repo.maven.apache.org/maven2/org/springframework/boot/spring-boot-servlet/4.0.0/spring-boot-servlet-4.0.0-sources.jar
2025-12-16 11:32:06,646 [Worker-4: Download sources and javadoc] INFO  o.e.m.c.i.e.AbstractTransferListenerAdapter - Downloaded https://repo.maven.apache.org/maven2/org/springframework/boot/spring-boot-servlet/4.0.0/spring-boot-servlet-4.0.0-sources.jar
2025-12-16 11:32:06,649 [Worker-4: Download sources and javadoc] INFO  o.e.m.j.internal.DownloadSourcesJob - Downloaded sources for org.springframework.boot:spring-boot-servlet:4.0.0
2025-12-16 11:32:06,805 [Worker-4: Download sources and javadoc] INFO  o.e.m.c.i.e.AbstractTransferListenerAdapter - Downloading https://repo.maven.apache.org/maven2/org/springframework/spring-webmvc/7.0.1/spring-webmvc-7.0.1-sources.jar
2025-12-16 11:32:07,142 [Worker-4: Download sources and javadoc] INFO  o.e.m.c.i.e.AbstractTransferListenerAdapter - Downloaded https://repo.maven.apache.org/maven2/org/springframework/spring-webmvc/7.0.1/spring-webmvc-7.0.1-sources.jar
2025-12-16 11:32:07,145 [Worker-4: Download sources and javadoc] INFO  o.e.m.j.internal.DownloadSourcesJob - Downloaded sources for org.springframework:spring-webmvc:7.0.1
2025-12-16 11:32:07,252 [Worker-4: Download sources and javadoc] INFO  o.e.m.c.i.e.AbstractTransferListenerAdapter - Downloading https://repo.maven.apache.org/maven2/org/springframework/boot/spring-boot-devtools/4.0.0/spring-boot-devtools-4.0.0-sources.jar
2025-12-16 11:32:07,309 [Worker-4: Download sources and javadoc] INFO  o.e.m.c.i.e.AbstractTransferListenerAdapter - Downloaded https://repo.maven.apache.org/maven2/org/springframework/boot/spring-boot-devtools/4.0.0/spring-boot-devtools-4.0.0-sources.jar
2025-12-16 11:32:07,312 [Worker-4: Download sources and javadoc] INFO  o.e.m.j.internal.DownloadSourcesJob - Downloaded sources for org.springframework.boot:spring-boot-devtools:4.0.0
2025-12-16 11:32:07,419 [Worker-4: Download sources and javadoc] INFO  o.e.m.c.i.e.AbstractTransferListenerAdapter - Downloading https://repo.maven.apache.org/maven2/com/mysql/mysql-connector-j/9.5.0/mysql-connector-j-9.5.0-sources.jar
2025-12-16 11:32:07,586 [Worker-4: Download sources and javadoc] INFO  o.e.m.c.i.e.AbstractTransferListenerAdapter - Downloaded https://repo.maven.apache.org/maven2/com/mysql/mysql-connector-j/9.5.0/mysql-connector-j-9.5.0-sources.jar
2025-12-16 11:32:07,591 [Worker-4: Download sources and javadoc] INFO  o.e.m.j.internal.DownloadSourcesJob - Downloaded sources for com.mysql:mysql-connector-j:9.5.0
2025-12-16 11:32:07,691 [Worker-4: Download sources and javadoc] INFO  o.e.m.c.i.e.AbstractTransferListenerAdapter - Downloading https://repo.maven.apache.org/maven2/org/springframework/boot/spring-boot-starter-data-jpa-test/4.0.0/spring-boot-starter-data-jpa-test-4.0.0-sources.jar
2025-12-16 11:32:07,697 [Worker-4: Download sources and javadoc] INFO  o.e.m.c.i.e.AbstractTransferListenerAdapter - Downloaded https://repo.maven.apache.org/maven2/org/springframework/boot/spring-boot-starter-data-jpa-test/4.0.0/spring-boot-starter-data-jpa-test-4.0.0-sources.jar
2025-12-16 11:32:07,700 [Worker-4: Download sources and javadoc] INFO  o.e.m.j.internal.DownloadSourcesJob - Downloaded sources for org.springframework.boot:spring-boot-starter-data-jpa-test:4.0.0
2025-12-16 11:32:07,820 [Worker-4: Download sources and javadoc] INFO  o.e.m.c.i.e.AbstractTransferListenerAdapter - Downloading https://repo.maven.apache.org/maven2/org/springframework/boot/spring-boot-starter-jdbc-test/4.0.0/spring-boot-starter-jdbc-test-4.0.0-sources.jar
2025-12-16 11:32:07,829 [Worker-4: Download sources and javadoc] INFO  o.e.m.c.i.e.AbstractTransferListenerAdapter - Downloaded https://repo.maven.apache.org/maven2/org/springframework/boot/spring-boot-starter-jdbc-test/4.0.0/spring-boot-starter-jdbc-test-4.0.0-sources.jar
2025-12-16 11:32:07,833 [Worker-4: Download sources and javadoc] INFO  o.e.m.j.internal.DownloadSourcesJob - Downloaded sources for org.springframework.boot:spring-boot-starter-jdbc-test:4.0.0
2025-12-16 11:32:07,938 [Worker-4: Download sources and javadoc] INFO  o.e.m.c.i.e.AbstractTransferListenerAdapter - Downloading https://repo.maven.apache.org/maven2/org/springframework/boot/spring-boot-jdbc-test/4.0.0/spring-boot-jdbc-test-4.0.0-sources.jar
2025-12-16 11:32:08,112 [Worker-4: Download sources and javadoc] INFO  o.e.m.c.i.e.AbstractTransferListenerAdapter - Downloaded https://repo.maven.apache.org/maven2/org/springframework/boot/spring-boot-jdbc-test/4.0.0/spring-boot-jdbc-test-4.0.0-sources.jar
2025-12-16 11:32:08,116 [Worker-4: Download sources and javadoc] INFO  o.e.m.j.internal.DownloadSourcesJob - Downloaded sources for org.springframework.boot:spring-boot-jdbc-test:4.0.0
2025-12-16 11:32:08,214 [Worker-4: Download sources and javadoc] INFO  o.e.m.c.i.e.AbstractTransferListenerAdapter - Downloading https://repo.maven.apache.org/maven2/org/springframework/boot/spring-boot-data-jpa-test/4.0.0/spring-boot-data-jpa-test-4.0.0-sources.jar
2025-12-16 11:32:08,338 [Worker-4: Download sources and javadoc] INFO  o.e.m.c.i.e.AbstractTransferListenerAdapter - Downloaded https://repo.maven.apache.org/maven2/org/springframework/boot/spring-boot-data-jpa-test/4.0.0/spring-boot-data-jpa-test-4.0.0-sources.jar
2025-12-16 11:32:08,341 [Worker-4: Download sources and javadoc] INFO  o.e.m.j.internal.DownloadSourcesJob - Downloaded sources for org.springframework.boot:spring-boot-data-jpa-test:4.0.0
2025-12-16 11:32:08,461 [Worker-4: Download sources and javadoc] INFO  o.e.m.c.i.e.AbstractTransferListenerAdapter - Downloading https://repo.maven.apache.org/maven2/org/springframework/boot/spring-boot-jpa-test/4.0.0/spring-boot-jpa-test-4.0.0-sources.jar
2025-12-16 11:32:08,590 [Worker-4: Download sources and javadoc] INFO  o.e.m.c.i.e.AbstractTransferListenerAdapter - Downloaded https://repo.maven.apache.org/maven2/org/springframework/boot/spring-boot-jpa-test/4.0.0/spring-boot-jpa-test-4.0.0-sources.jar
2025-12-16 11:32:08,593 [Worker-4: Download sources and javadoc] INFO  o.e.m.j.internal.DownloadSourcesJob - Downloaded sources for org.springframework.boot:spring-boot-jpa-test:4.0.0
2025-12-16 11:32:09,074 [Worker-4: Download sources and javadoc] INFO  o.e.m.c.i.e.AbstractTransferListenerAdapter - Downloading https://repo.maven.apache.org/maven2/org/springframework/boot/spring-boot-starter-webmvc-test/4.0.0/spring-boot-starter-webmvc-test-4.0.0-sources.jar
2025-12-16 11:32:09,079 [Worker-4: Download sources and javadoc] INFO  o.e.m.c.i.e.AbstractTransferListenerAdapter - Downloaded https://repo.maven.apache.org/maven2/org/springframework/boot/spring-boot-starter-webmvc-test/4.0.0/spring-boot-starter-webmvc-test-4.0.0-sources.jar
2025-12-16 11:32:09,082 [Worker-4: Download sources and javadoc] INFO  o.e.m.j.internal.DownloadSourcesJob - Downloaded sources for org.springframework.boot:spring-boot-starter-webmvc-test:4.0.0
2025-12-16 11:32:09,214 [Worker-4: Download sources and javadoc] INFO  o.e.m.c.i.e.AbstractTransferListenerAdapter - Downloading https://repo.maven.apache.org/maven2/org/springframework/boot/spring-boot-starter-jackson-test/4.0.0/spring-boot-starter-jackson-test-4.0.0-sources.jar
2025-12-16 11:32:09,228 [Worker-4: Download sources and javadoc] INFO  o.e.m.c.i.e.AbstractTransferListenerAdapter - Downloaded https://repo.maven.apache.org/maven2/org/springframework/boot/spring-boot-starter-jackson-test/4.0.0/spring-boot-starter-jackson-test-4.0.0-sources.jar
2025-12-16 11:32:09,234 [Worker-4: Download sources and javadoc] INFO  o.e.m.j.internal.DownloadSourcesJob - Downloaded sources for org.springframework.boot:spring-boot-starter-jackson-test:4.0.0
2025-12-16 11:32:09,350 [Worker-4: Download sources and javadoc] INFO  o.e.m.c.i.e.AbstractTransferListenerAdapter - Downloading https://repo.maven.apache.org/maven2/org/springframework/boot/spring-boot-webmvc-test/4.0.0/spring-boot-webmvc-test-4.0.0-sources.jar
2025-12-16 11:32:09,716 [Worker-4: Download sources and javadoc] INFO  o.e.m.c.i.e.AbstractTransferListenerAdapter - Downloaded https://repo.maven.apache.org/maven2/org/springframework/boot/spring-boot-webmvc-test/4.0.0/spring-boot-webmvc-test-4.0.0-sources.jar
2025-12-16 11:32:09,719 [Worker-4: Download sources and javadoc] INFO  o.e.m.j.internal.DownloadSourcesJob - Downloaded sources for org.springframework.boot:spring-boot-webmvc-test:4.0.0
2025-12-16 11:32:09,827 [Worker-4: Download sources and javadoc] INFO  o.e.m.c.i.e.AbstractTransferListenerAdapter - Downloading https://repo.maven.apache.org/maven2/org/springframework/boot/spring-boot-web-server/4.0.0/spring-boot-web-server-4.0.0-sources.jar
2025-12-16 11:32:09,884 [Worker-4: Download sources and javadoc] INFO  o.e.m.c.i.e.AbstractTransferListenerAdapter - Downloaded https://repo.maven.apache.org/maven2/org/springframework/boot/spring-boot-web-server/4.0.0/spring-boot-web-server-4.0.0-sources.jar
2025-12-16 11:32:09,887 [Worker-4: Download sources and javadoc] INFO  o.e.m.j.internal.DownloadSourcesJob - Downloaded sources for org.springframework.boot:spring-boot-web-server:4.0.0
2025-12-16 11:32:09,992 [Worker-4: Download sources and javadoc] INFO  o.e.m.c.i.e.AbstractTransferListenerAdapter - Downloading https://repo.maven.apache.org/maven2/org/springframework/boot/spring-boot-resttestclient/4.0.0/spring-boot-resttestclient-4.0.0-sources.jar
2025-12-16 11:32:10,268 [Worker-4: Download sources and javadoc] INFO  o.e.m.c.i.e.AbstractTransferListenerAdapter - Downloaded https://repo.maven.apache.org/maven2/org/springframework/boot/spring-boot-resttestclient/4.0.0/spring-boot-resttestclient-4.0.0-sources.jar
2025-12-16 11:32:10,273 [Worker-4: Download sources and javadoc] INFO  o.e.m.j.internal.DownloadSourcesJob - Downloaded sources for org.springframework.boot:spring-boot-resttestclient:4.0.0
2025-12-16 11:32:10,396 [Worker-4: Download sources and javadoc] INFO  o.e.m.c.i.e.AbstractTransferListenerAdapter - Downloading https://repo.maven.apache.org/maven2/org/springframework/boot/spring-boot-restclient/4.0.0/spring-boot-restclient-4.0.0-sources.jar
2025-12-16 11:32:10,834 [Worker-4: Download sources and javadoc] INFO  o.e.m.c.i.e.AbstractTransferListenerAdapter - Downloaded https://repo.maven.apache.org/maven2/org/springframework/boot/spring-boot-restclient/4.0.0/spring-boot-restclient-4.0.0-sources.jar
2025-12-16 11:32:10,837 [Worker-4: Download sources and javadoc] INFO  o.e.m.j.internal.DownloadSourcesJob - Downloaded sources for org.springframework.boot:spring-boot-restclient:4.0.0
2025-12-16 11:32:10,950 [Worker-4: Download sources and javadoc] INFO  o.e.m.c.i.e.AbstractTransferListenerAdapter - Downloading https://repo.maven.apache.org/maven2/org/springframework/boot/spring-boot-http-client/4.0.0/spring-boot-http-client-4.0.0-sources.jar
2025-12-16 11:32:10,993 [Worker-4: Download sources and javadoc] INFO  o.e.m.c.i.e.AbstractTransferListenerAdapter - Downloaded https://repo.maven.apache.org/maven2/org/springframework/boot/spring-boot-http-client/4.0.0/spring-boot-http-client-4.0.0-sources.jar
2025-12-16 11:32:10,996 [Worker-4: Download sources and javadoc] INFO  o.e.m.j.internal.DownloadSourcesJob - Downloaded sources for org.springframework.boot:spring-boot-http-client:4.0.0
2025-12-16 11:33:26,778 [Worker-14: Building] INFO  o.e.m.c.i.l.LifecycleMappingFactory - Using org.eclipse.m2e.jdt.JarLifecycleMapping lifecycle mapping for MavenProject: com.example:Order_Api:0.0.1-SNAPSHOT @ E:\Full-stack\E_commerce\Order_Api\pom.xml.
2025-12-16 11:33:27,258 [Worker-14: Building] INFO  o.e.m.c.i.e.AbstractTransferListenerAdapter - Downloading https://repo.maven.apache.org/maven2/jakarta/validation/jakarta.validation-api/3.1.1/jakarta.validation-api-3.1.1.pom
2025-12-16 11:33:27,286 [Worker-14: Building] INFO  o.e.m.c.i.e.AbstractTransferListenerAdapter - Downloaded https://repo.maven.apache.org/maven2/jakarta/validation/jakarta.validation-api/3.1.1/jakarta.validation-api-3.1.1.pom
2025-12-16 11:33:27,359 [Worker-14: Building] INFO  o.e.m.c.i.e.AbstractTransferListenerAdapter - Downloading https://repo.maven.apache.org/maven2/com/fasterxml/jackson/core/jackson-databind/2.20.1/jackson-databind-2.20.1.pom
2025-12-16 11:33:27,387 [Worker-14: Building] INFO  o.e.m.c.i.e.AbstractTransferListenerAdapter - Downloaded https://repo.maven.apache.org/maven2/com/fasterxml/jackson/core/jackson-databind/2.20.1/jackson-databind-2.20.1.pom
2025-12-16 11:33:27,447 [Worker-14: Building] INFO  o.e.m.c.i.e.AbstractTransferListenerAdapter - Downloading https://repo.maven.apache.org/maven2/com/fasterxml/jackson/jackson-base/2.20.1/jackson-base-2.20.1.pom
2025-12-16 11:33:27,477 [Worker-14: Building] INFO  o.e.m.c.i.e.AbstractTransferListenerAdapter - Downloaded https://repo.maven.apache.org/maven2/com/fasterxml/jackson/jackson-base/2.20.1/jackson-base-2.20.1.pom
2025-12-16 11:33:27,531 [Worker-14: Building] INFO  o.e.m.c.i.e.AbstractTransferListenerAdapter - Downloading https://repo.maven.apache.org/maven2/com/fasterxml/jackson/core/jackson-core/2.20.1/jackson-core-2.20.1.pom
2025-12-16 11:33:27,562 [Worker-14: Building] INFO  o.e.m.c.i.e.AbstractTransferListenerAdapter - Downloaded https://repo.maven.apache.org/maven2/com/fasterxml/jackson/core/jackson-core/2.20.1/jackson-core-2.20.1.pom
2025-12-16 11:33:27,623 [Worker-14: Building] INFO  o.e.m.c.i.e.AbstractTransferListenerAdapter - Downloading https://repo.maven.apache.org/maven2/com/fasterxml/jackson/dataformat/jackson-dataformat-yaml/2.20.1/jackson-dataformat-yaml-2.20.1.pom
2025-12-16 11:33:27,650 [Worker-14: Building] INFO  o.e.m.c.i.e.AbstractTransferListenerAdapter - Downloaded https://repo.maven.apache.org/maven2/com/fasterxml/jackson/dataformat/jackson-dataformat-yaml/2.20.1/jackson-dataformat-yaml-2.20.1.pom
2025-12-16 11:33:27,702 [Worker-14: Building] INFO  o.e.m.c.i.e.AbstractTransferListenerAdapter - Downloading https://repo.maven.apache.org/maven2/com/fasterxml/jackson/dataformat/jackson-dataformats-text/2.20.1/jackson-dataformats-text-2.20.1.pom
2025-12-16 11:33:27,728 [Worker-14: Building] INFO  o.e.m.c.i.e.AbstractTransferListenerAdapter - Downloaded https://repo.maven.apache.org/maven2/com/fasterxml/jackson/dataformat/jackson-dataformats-text/2.20.1/jackson-dataformats-text-2.20.1.pom
2025-12-16 11:33:27,780 [Worker-14: Building] INFO  o.e.m.c.i.e.AbstractTransferListenerAdapter - Downloading https://repo.maven.apache.org/maven2/com/fasterxml/jackson/datatype/jackson-datatype-jsr310/2.20.1/jackson-datatype-jsr310-2.20.1.pom
2025-12-16 11:33:27,804 [Worker-14: Building] INFO  o.e.m.c.i.e.AbstractTransferListenerAdapter - Downloaded https://repo.maven.apache.org/maven2/com/fasterxml/jackson/datatype/jackson-datatype-jsr310/2.20.1/jackson-datatype-jsr310-2.20.1.pom
2025-12-16 11:33:27,854 [Worker-14: Building] INFO  o.e.m.c.i.e.AbstractTransferListenerAdapter - Downloading https://repo.maven.apache.org/maven2/com/fasterxml/jackson/module/jackson-modules-java8/2.20.1/jackson-modules-java8-2.20.1.pom
2025-12-16 11:33:27,879 [Worker-14: Building] INFO  o.e.m.c.i.e.AbstractTransferListenerAdapter - Downloaded https://repo.maven.apache.org/maven2/com/fasterxml/jackson/module/jackson-modules-java8/2.20.1/jackson-modules-java8-2.20.1.pom
2025-12-16 11:33:27,952 [Worker-14: Building] INFO  o.e.m.c.i.e.AbstractTransferListenerAdapter - Downloading https://repo.maven.apache.org/maven2/org/springframework/boot/spring-boot-starter-mail/4.0.0/spring-boot-starter-mail-4.0.0.pom
2025-12-16 11:33:27,977 [Worker-14: Building] INFO  o.e.m.c.i.e.AbstractTransferListenerAdapter - Downloaded https://repo.maven.apache.org/maven2/org/springframework/boot/spring-boot-starter-mail/4.0.0/spring-boot-starter-mail-4.0.0.pom
2025-12-16 11:33:28,030 [Worker-14: Building] INFO  o.e.m.c.i.e.AbstractTransferListenerAdapter - Downloading https://repo.maven.apache.org/maven2/org/springframework/boot/spring-boot-mail/4.0.0/spring-boot-mail-4.0.0.pom
2025-12-16 11:33:28,056 [Worker-14: Building] INFO  o.e.m.c.i.e.AbstractTransferListenerAdapter - Downloaded https://repo.maven.apache.org/maven2/org/springframework/boot/spring-boot-mail/4.0.0/spring-boot-mail-4.0.0.pom
2025-12-16 11:33:28,110 [Worker-14: Building] INFO  o.e.m.c.i.e.AbstractTransferListenerAdapter - Downloading https://repo.maven.apache.org/maven2/org/springframework/spring-context-support/7.0.1/spring-context-support-7.0.1.pom
2025-12-16 11:33:28,133 [Worker-14: Building] INFO  o.e.m.c.i.e.AbstractTransferListenerAdapter - Downloaded https://repo.maven.apache.org/maven2/org/springframework/spring-context-support/7.0.1/spring-context-support-7.0.1.pom
2025-12-16 11:33:28,183 [Worker-14: Building] INFO  o.e.m.c.i.e.AbstractTransferListenerAdapter - Downloading https://repo.maven.apache.org/maven2/jakarta/mail/jakarta.mail-api/2.1.5/jakarta.mail-api-2.1.5.pom
2025-12-16 11:33:28,210 [Worker-14: Building] INFO  o.e.m.c.i.e.AbstractTransferListenerAdapter - Downloaded https://repo.maven.apache.org/maven2/jakarta/mail/jakarta.mail-api/2.1.5/jakarta.mail-api-2.1.5.pom
2025-12-16 11:33:28,261 [Worker-14: Building] INFO  o.e.m.c.i.e.AbstractTransferListenerAdapter - Downloading https://repo.maven.apache.org/maven2/org/eclipse/angus/angus-mail/2.0.5/angus-mail-2.0.5.pom
2025-12-16 11:33:28,285 [Worker-14: Building] INFO  o.e.m.c.i.e.AbstractTransferListenerAdapter - Downloaded https://repo.maven.apache.org/maven2/org/eclipse/angus/angus-mail/2.0.5/angus-mail-2.0.5.pom
2025-12-16 11:33:28,487 [Worker-14: Building] INFO  o.e.m.c.i.e.AbstractTransferListenerAdapter - Downloading https://repo.maven.apache.org/maven2/jakarta/validation/jakarta.validation-api/3.1.1/jakarta.validation-api-3.1.1.jar
2025-12-16 11:33:28,542 [Worker-14: Building] INFO  o.e.m.c.i.e.AbstractTransferListenerAdapter - Downloaded https://repo.maven.apache.org/maven2/jakarta/validation/jakarta.validation-api/3.1.1/jakarta.validation-api-3.1.1.jar
2025-12-16 11:33:28,581 [BasicRepositoryConnector-repo.maven.apache.org-1-2] INFO  o.e.m.c.i.e.AbstractTransferListenerAdapter - Downloading https://repo.maven.apache.org/maven2/com/fasterxml/jackson/dataformat/jackson-dataformat-yaml/2.20.1/jackson-dataformat-yaml-2.20.1.jar
2025-12-16 11:33:28,614 [BasicRepositoryConnector-repo.maven.apache.org-1-2] INFO  o.e.m.c.i.e.AbstractTransferListenerAdapter - Downloaded https://repo.maven.apache.org/maven2/com/fasterxml/jackson/dataformat/jackson-dataformat-yaml/2.20.1/jackson-dataformat-yaml-2.20.1.jar
2025-12-16 11:33:28,650 [BasicRepositoryConnector-repo.maven.apache.org-1-2] INFO  o.e.m.c.i.e.AbstractTransferListenerAdapter - Downloading https://repo.maven.apache.org/maven2/org/springframework/boot/spring-boot-mail/4.0.0/spring-boot-mail-4.0.0.jar
2025-12-16 11:33:28,662 [BasicRepositoryConnector-repo.maven.apache.org-1-1] INFO  o.e.m.c.i.e.AbstractTransferListenerAdapter - Downloading https://repo.maven.apache.org/maven2/com/fasterxml/jackson/core/jackson-core/2.20.1/jackson-core-2.20.1.jar
2025-12-16 11:33:28,669 [BasicRepositoryConnector-repo.maven.apache.org-1-4] INFO  o.e.m.c.i.e.AbstractTransferListenerAdapter - Downloading https://repo.maven.apache.org/maven2/org/springframework/boot/spring-boot-starter-mail/4.0.0/spring-boot-starter-mail-4.0.0.jar
2025-12-16 11:33:28,683 [BasicRepositoryConnector-repo.maven.apache.org-1-3] INFO  o.e.m.c.i.e.AbstractTransferListenerAdapter - Downloading https://repo.maven.apache.org/maven2/com/fasterxml/jackson/datatype/jackson-datatype-jsr310/2.20.1/jackson-datatype-jsr310-2.20.1.jar
2025-12-16 11:33:28,711 [BasicRepositoryConnector-repo.maven.apache.org-1-4] INFO  o.e.m.c.i.e.AbstractTransferListenerAdapter - Downloaded https://repo.maven.apache.org/maven2/org/springframework/boot/spring-boot-starter-mail/4.0.0/spring-boot-starter-mail-4.0.0.jar
2025-12-16 11:33:28,718 [BasicRepositoryConnector-repo.maven.apache.org-1-0] INFO  o.e.m.c.i.e.AbstractTransferListenerAdapter - Downloading https://repo.maven.apache.org/maven2/com/fasterxml/jackson/core/jackson-databind/2.20.1/jackson-databind-2.20.1.jar
2025-12-16 11:33:28,761 [BasicRepositoryConnector-repo.maven.apache.org-1-4] INFO  o.e.m.c.i.e.AbstractTransferListenerAdapter - Downloading https://repo.maven.apache.org/maven2/org/springframework/spring-context-support/7.0.1/spring-context-support-7.0.1.jar
2025-12-16 11:33:28,791 [BasicRepositoryConnector-repo.maven.apache.org-1-3] INFO  o.e.m.c.i.e.AbstractTransferListenerAdapter - Downloaded https://repo.maven.apache.org/maven2/com/fasterxml/jackson/datatype/jackson-datatype-jsr310/2.20.1/jackson-datatype-jsr310-2.20.1.jar
2025-12-16 11:33:28,805 [BasicRepositoryConnector-repo.maven.apache.org-1-1] INFO  o.e.m.c.i.e.AbstractTransferListenerAdapter - Downloaded https://repo.maven.apache.org/maven2/com/fasterxml/jackson/core/jackson-core/2.20.1/jackson-core-2.20.1.jar
2025-12-16 11:33:28,829 [BasicRepositoryConnector-repo.maven.apache.org-1-3] INFO  o.e.m.c.i.e.AbstractTransferListenerAdapter - Downloading https://repo.maven.apache.org/maven2/jakarta/mail/jakarta.mail-api/2.1.5/jakarta.mail-api-2.1.5.jar
2025-12-16 11:33:28,848 [BasicRepositoryConnector-repo.maven.apache.org-1-4] INFO  o.e.m.c.i.e.AbstractTransferListenerAdapter - Downloaded https://repo.maven.apache.org/maven2/org/springframework/spring-context-support/7.0.1/spring-context-support-7.0.1.jar
2025-12-16 11:33:28,860 [BasicRepositoryConnector-repo.maven.apache.org-1-1] INFO  o.e.m.c.i.e.AbstractTransferListenerAdapter - Downloading https://repo.maven.apache.org/maven2/org/eclipse/angus/angus-mail/2.0.5/angus-mail-2.0.5.jar
2025-12-16 11:33:28,865 [BasicRepositoryConnector-repo.maven.apache.org-1-3] INFO  o.e.m.c.i.e.AbstractTransferListenerAdapter - Downloaded https://repo.maven.apache.org/maven2/jakarta/mail/jakarta.mail-api/2.1.5/jakarta.mail-api-2.1.5.jar
2025-12-16 11:33:28,925 [BasicRepositoryConnector-repo.maven.apache.org-1-0] INFO  o.e.m.c.i.e.AbstractTransferListenerAdapter - Downloaded https://repo.maven.apache.org/maven2/com/fasterxml/jackson/core/jackson-databind/2.20.1/jackson-databind-2.20.1.jar
2025-12-16 11:33:28,956 [BasicRepositoryConnector-repo.maven.apache.org-1-1] INFO  o.e.m.c.i.e.AbstractTransferListenerAdapter - Downloaded https://repo.maven.apache.org/maven2/org/eclipse/angus/angus-mail/2.0.5/angus-mail-2.0.5.jar
2025-12-16 11:33:28,971 [BasicRepositoryConnector-repo.maven.apache.org-1-2] INFO  o.e.m.c.i.e.AbstractTransferListenerAdapter - Downloaded https://repo.maven.apache.org/maven2/org/springframework/boot/spring-boot-mail/4.0.0/spring-boot-mail-4.0.0.jar
2025-12-16 11:33:29,393 [Worker-14: Building] INFO  o.a.m.s.f.DefaultMavenResourcesFiltering - Copying 0 resource from src\main\resources to target\classes
2025-12-16 11:33:29,393 [Worker-14: Building] INFO  o.a.m.s.f.DefaultMavenResourcesFiltering - Copying 0 resource from src\main\resources to target\classes
2025-12-16 11:33:29,396 [Worker-14: Building] INFO  o.a.m.s.f.DefaultMavenResourcesFiltering - skip non existing resourceDirectory E:\Full-stack\E_commerce\Order_Api\src\test\resources
2025-12-16 11:33:29,897 [Worker-16: Building] INFO  o.a.m.s.f.DefaultMavenResourcesFiltering - Copying 1 resource from src\main\resources to target\classes
2025-12-16 11:33:29,908 [Worker-16: Building] INFO  o.a.m.s.f.DefaultMavenResourcesFiltering - Copying 0 resource from src\main\resources to target\classes
2025-12-16 11:33:29,911 [Worker-16: Building] INFO  o.a.m.s.f.DefaultMavenResourcesFiltering - skip non existing resourceDirectory E:\Full-stack\E_commerce\Order_Api\src\test\resources
2025-12-16 11:33:30,404 [Worker-8: Download sources and javadoc] INFO  o.e.m.c.i.e.AbstractTransferListenerAdapter - Downloading https://repo.maven.apache.org/maven2/org/apache/commons/commons-lang3/3.19.0/commons-lang3-3.19.0-sources.jar
2025-12-16 11:33:30,545 [Worker-8: Download sources and javadoc] INFO  o.e.m.c.i.e.AbstractTransferListenerAdapter - Downloaded https://repo.maven.apache.org/maven2/org/apache/commons/commons-lang3/3.19.0/commons-lang3-3.19.0-sources.jar
2025-12-16 11:33:30,548 [Worker-8: Download sources and javadoc] INFO  o.e.m.j.internal.DownloadSourcesJob - Downloaded sources for org.apache.commons:commons-lang3:3.19.0
2025-12-16 11:33:30,687 [Worker-8: Download sources and javadoc] INFO  o.e.m.c.i.e.AbstractTransferListenerAdapter - Downloading https://repo.maven.apache.org/maven2/jakarta/validation/jakarta.validation-api/3.1.1/jakarta.validation-api-3.1.1-sources.jar
2025-12-16 11:33:30,735 [Worker-8: Download sources and javadoc] INFO  o.e.m.c.i.e.AbstractTransferListenerAdapter - Downloaded https://repo.maven.apache.org/maven2/jakarta/validation/jakarta.validation-api/3.1.1/jakarta.validation-api-3.1.1-sources.jar
2025-12-16 11:33:30,738 [Worker-8: Download sources and javadoc] INFO  o.e.m.j.internal.DownloadSourcesJob - Downloaded sources for jakarta.validation:jakarta.validation-api:3.1.1
2025-12-16 11:33:30,850 [Worker-8: Download sources and javadoc] INFO  o.e.m.c.i.e.AbstractTransferListenerAdapter - Downloading https://repo.maven.apache.org/maven2/com/fasterxml/jackson/core/jackson-databind/2.20.1/jackson-databind-2.20.1-sources.jar
2025-12-16 11:33:31,034 [Worker-8: Download sources and javadoc] INFO  o.e.m.c.i.e.AbstractTransferListenerAdapter - Downloaded https://repo.maven.apache.org/maven2/com/fasterxml/jackson/core/jackson-databind/2.20.1/jackson-databind-2.20.1-sources.jar
2025-12-16 11:33:31,038 [Worker-8: Download sources and javadoc] INFO  o.e.m.j.internal.DownloadSourcesJob - Downloaded sources for com.fasterxml.jackson.core:jackson-databind:2.20.1
2025-12-16 11:33:31,144 [Worker-8: Download sources and javadoc] INFO  o.e.m.c.i.e.AbstractTransferListenerAdapter - Downloading https://repo.maven.apache.org/maven2/com/fasterxml/jackson/core/jackson-core/2.20.1/jackson-core-2.20.1-sources.jar
2025-12-16 11:33:31,270 [Worker-8: Download sources and javadoc] INFO  o.e.m.c.i.e.AbstractTransferListenerAdapter - Downloaded https://repo.maven.apache.org/maven2/com/fasterxml/jackson/core/jackson-core/2.20.1/jackson-core-2.20.1-sources.jar
2025-12-16 11:33:31,276 [Worker-8: Download sources and javadoc] INFO  o.e.m.j.internal.DownloadSourcesJob - Downloaded sources for com.fasterxml.jackson.core:jackson-core:2.20.1
2025-12-16 11:33:31,399 [Worker-8: Download sources and javadoc] INFO  o.e.m.c.i.e.AbstractTransferListenerAdapter - Downloading https://repo.maven.apache.org/maven2/com/fasterxml/jackson/dataformat/jackson-dataformat-yaml/2.20.1/jackson-dataformat-yaml-2.20.1-sources.jar
2025-12-16 11:33:31,909 [Worker-8: Download sources and javadoc] INFO  o.e.m.c.i.e.AbstractTransferListenerAdapter - Downloaded https://repo.maven.apache.org/maven2/com/fasterxml/jackson/dataformat/jackson-dataformat-yaml/2.20.1/jackson-dataformat-yaml-2.20.1-sources.jar
2025-12-16 11:33:31,914 [Worker-8: Download sources and javadoc] INFO  o.e.m.j.internal.DownloadSourcesJob - Downloaded sources for com.fasterxml.jackson.dataformat:jackson-dataformat-yaml:2.20.1
2025-12-16 11:33:32,019 [Worker-8: Download sources and javadoc] INFO  o.e.m.c.i.e.AbstractTransferListenerAdapter - Downloading https://repo.maven.apache.org/maven2/com/fasterxml/jackson/datatype/jackson-datatype-jsr310/2.20.1/jackson-datatype-jsr310-2.20.1-sources.jar
2025-12-16 11:33:32,060 [Worker-8: Download sources and javadoc] INFO  o.e.m.c.i.e.AbstractTransferListenerAdapter - Downloaded https://repo.maven.apache.org/maven2/com/fasterxml/jackson/datatype/jackson-datatype-jsr310/2.20.1/jackson-datatype-jsr310-2.20.1-sources.jar
2025-12-16 11:33:32,063 [Worker-8: Download sources and javadoc] INFO  o.e.m.j.internal.DownloadSourcesJob - Downloaded sources for com.fasterxml.jackson.datatype:jackson-datatype-jsr310:2.20.1
2025-12-16 11:33:33,168 [Worker-8: Download sources and javadoc] INFO  o.e.m.c.i.e.AbstractTransferListenerAdapter - Downloading https://repo.maven.apache.org/maven2/org/springframework/boot/spring-boot-starter-mail/4.0.0/spring-boot-starter-mail-4.0.0-sources.jar
2025-12-16 11:33:33,175 [Worker-8: Download sources and javadoc] INFO  o.e.m.c.i.e.AbstractTransferListenerAdapter - Downloaded https://repo.maven.apache.org/maven2/org/springframework/boot/spring-boot-starter-mail/4.0.0/spring-boot-starter-mail-4.0.0-sources.jar
2025-12-16 11:33:33,178 [Worker-8: Download sources and javadoc] INFO  o.e.m.j.internal.DownloadSourcesJob - Downloaded sources for org.springframework.boot:spring-boot-starter-mail:4.0.0
2025-12-16 11:33:33,293 [Worker-8: Download sources and javadoc] INFO  o.e.m.c.i.e.AbstractTransferListenerAdapter - Downloading https://repo.maven.apache.org/maven2/org/springframework/boot/spring-boot-mail/4.0.0/spring-boot-mail-4.0.0-sources.jar
2025-12-16 11:33:33,473 [Worker-8: Download sources and javadoc] INFO  o.e.m.c.i.e.AbstractTransferListenerAdapter - Downloaded https://repo.maven.apache.org/maven2/org/springframework/boot/spring-boot-mail/4.0.0/spring-boot-mail-4.0.0-sources.jar
2025-12-16 11:33:33,476 [Worker-8: Download sources and javadoc] INFO  o.e.m.j.internal.DownloadSourcesJob - Downloaded sources for org.springframework.boot:spring-boot-mail:4.0.0
2025-12-16 11:33:43,601 [Worker-8: Download sources and javadoc] INFO  o.e.m.c.i.e.AbstractTransferListenerAdapter - Downloading https://repo.maven.apache.org/maven2/org/springframework/spring-context-support/7.0.1/spring-context-support-7.0.1-sources.jar
2025-12-16 11:33:43,663 [Worker-8: Download sources and javadoc] INFO  o.e.m.c.i.e.AbstractTransferListenerAdapter - Downloaded https://repo.maven.apache.org/maven2/org/springframework/spring-context-support/7.0.1/spring-context-support-7.0.1-sources.jar
2025-12-16 11:33:43,666 [Worker-8: Download sources and javadoc] INFO  o.e.m.j.internal.DownloadSourcesJob - Downloaded sources for org.springframework:spring-context-support:7.0.1
2025-12-16 11:33:43,789 [Worker-8: Download sources and javadoc] INFO  o.e.m.c.i.e.AbstractTransferListenerAdapter - Downloading https://repo.maven.apache.org/maven2/jakarta/mail/jakarta.mail-api/2.1.5/jakarta.mail-api-2.1.5-sources.jar
2025-12-16 11:33:43,997 [Worker-8: Download sources and javadoc] INFO  o.e.m.c.i.e.AbstractTransferListenerAdapter - Downloaded https://repo.maven.apache.org/maven2/jakarta/mail/jakarta.mail-api/2.1.5/jakarta.mail-api-2.1.5-sources.jar
2025-12-16 11:33:44,001 [Worker-8: Download sources and javadoc] INFO  o.e.m.j.internal.DownloadSourcesJob - Downloaded sources for jakarta.mail:jakarta.mail-api:2.1.5
2025-12-16 11:33:44,162 [Worker-8: Download sources and javadoc] INFO  o.e.m.c.i.e.AbstractTransferListenerAdapter - Downloading https://repo.maven.apache.org/maven2/org/eclipse/angus/angus-mail/2.0.5/angus-mail-2.0.5-sources.jar
2025-12-16 11:33:44,317 [Worker-8: Download sources and javadoc] INFO  o.e.m.c.i.e.AbstractTransferListenerAdapter - Downloaded https://repo.maven.apache.org/maven2/org/eclipse/angus/angus-mail/2.0.5/angus-mail-2.0.5-sources.jar
2025-12-16 11:33:44,320 [Worker-8: Download sources and javadoc] INFO  o.e.m.j.internal.DownloadSourcesJob - Downloaded sources for org.eclipse.angus:angus-mail:2.0.5
2025-12-16 11:57:40,204 [Worker-18: Import Getting Started Content] INFO  o.e.m.c.i.l.LifecycleMappingFactory - Using org.eclipse.m2e.jdt.JarLifecycleMapping lifecycle mapping for MavenProject: in.ashokit:Order_Api:0.0.1-SNAPSHOT @ E:\Full-stack\E_commerce\Order_Api\pom.xml.
2025-12-16 11:57:41,034 [Worker-18: Import Getting Started Content] INFO  o.e.m.j.i.AbstractJavaProjectConfigurator - Adding source folder /Order_Api/src/main/java
2025-12-16 11:57:41,035 [Worker-18: Import Getting Started Content] INFO  o.e.m.j.i.AbstractJavaProjectConfigurator - Adding resource folder /Order_Api/src/main/resources
2025-12-16 11:57:41,037 [Worker-18: Import Getting Started Content] INFO  o.e.m.j.i.AbstractJavaProjectConfigurator - Adding resource folder /Order_Api/src/main/resources
2025-12-16 11:57:41,039 [Worker-18: Import Getting Started Content] INFO  o.e.m.j.i.AbstractJavaProjectConfigurator - Adding source folder /Order_Api/src/test/java
2025-12-16 11:57:41,039 [Worker-18: Import Getting Started Content] INFO  o.e.m.j.i.AbstractJavaProjectConfigurator - Adding resource folder /Order_Api/src/test/resources
2025-12-16 11:57:41,328 [Worker-18: Import Getting Started Content] INFO  o.e.m.c.i.p.ProjectConfigurationManager - Imported and configured 1 project(s) in 1 sec
2025-12-16 11:57:41,329 [Worker-18: Import Getting Started Content] INFO  o.e.m.c.i.p.ProjectConfigurationManager - Update started
2025-12-16 11:57:41,645 [Worker-18: Import Getting Started Content] INFO  o.e.m.c.i.l.LifecycleMappingFactory - Using org.eclipse.m2e.jdt.JarLifecycleMapping lifecycle mapping for MavenProject: in.ashokit:Order_Api:0.0.1-SNAPSHOT @ E:\Full-stack\E_commerce\Order_Api\pom.xml.
2025-12-16 11:57:42,194 [Worker-18: Import Getting Started Content] INFO  o.e.m.j.i.AbstractJavaProjectConfigurator - Adding source folder /Order_Api/src/main/java
2025-12-16 11:57:42,195 [Worker-18: Import Getting Started Content] INFO  o.e.m.j.i.AbstractJavaProjectConfigurator - Adding resource folder /Order_Api/src/main/resources
2025-12-16 11:57:42,195 [Worker-18: Import Getting Started Content] INFO  o.e.m.j.i.AbstractJavaProjectConfigurator - Adding resource folder /Order_Api/src/main/resources
2025-12-16 11:57:42,195 [Worker-18: Import Getting Started Content] INFO  o.e.m.j.i.AbstractJavaProjectConfigurator - Adding source folder /Order_Api/src/test/java
2025-12-16 11:57:42,196 [Worker-18: Import Getting Started Content] INFO  o.e.m.j.i.AbstractJavaProjectConfigurator - Adding resource folder /Order_Api/src/test/resources
2025-12-16 11:57:42,595 [Worker-18: Import Getting Started Content] INFO  o.e.m.c.i.p.ProjectConfigurationManager - Update completed for 1 poms: local refresh takes 0.00 sec, refresh facades takes 0.00 sec, update config takes 0.00 sec 
2025-12-16 11:57:42,972 [Worker-16: Building] INFO  o.a.m.s.f.DefaultMavenResourcesFiltering - Copying 1 resource from src\main\resources to target\classes
2025-12-16 11:57:42,982 [Worker-16: Building] INFO  o.a.m.s.f.DefaultMavenResourcesFiltering - Copying 0 resource from src\main\resources to target\classes
2025-12-16 11:57:42,985 [Worker-16: Building] INFO  o.a.m.s.f.DefaultMavenResourcesFiltering - skip non existing resourceDirectory E:\Full-stack\E_commerce\Order_Api\src\test\resources
2025-12-16 11:58:10,714 [Worker-22: Building] INFO  o.a.m.s.f.DefaultMavenResourcesFiltering - Copying 1 resource from src\main\resources to target\classes
2025-12-16 11:58:10,724 [Worker-22: Building] INFO  o.a.m.s.f.DefaultMavenResourcesFiltering - Copying 0 resource from src\main\resources to target\classes
2025-12-16 11:58:10,731 [Worker-22: Building] INFO  o.a.m.s.f.DefaultMavenResourcesFiltering - skip non existing resourceDirectory E:\Full-stack\E_commerce\Order_Api\src\test\resources
2025-12-16 11:58:57,971 [Worker-10: Updating Maven Project] INFO  o.e.m.c.i.p.ProjectConfigurationManager - Update started
2025-12-16 11:58:58,387 [Worker-10: Updating Maven Project] INFO  o.e.m.c.i.l.LifecycleMappingFactory - Using org.eclipse.m2e.jdt.JarLifecycleMapping lifecycle mapping for MavenProject: in.ashokit:Order_Api:0.0.1-SNAPSHOT @ E:\Full-stack\E_commerce\Order_Api\pom.xml.
2025-12-16 11:58:58,974 [Worker-10: Updating Maven Project] INFO  o.e.m.j.i.AbstractJavaProjectConfigurator - Adding source folder /Order_Api/src/main/java
2025-12-16 11:58:58,974 [Worker-10: Updating Maven Project] INFO  o.e.m.j.i.AbstractJavaProjectConfigurator - Adding resource folder /Order_Api/src/main/resources
2025-12-16 11:58:58,975 [Worker-10: Updating Maven Project] INFO  o.e.m.j.i.AbstractJavaProjectConfigurator - Adding resource folder /Order_Api/src/main/resources
2025-12-16 11:58:58,975 [Worker-10: Updating Maven Project] INFO  o.e.m.j.i.AbstractJavaProjectConfigurator - Adding source folder /Order_Api/src/test/java
2025-12-16 11:58:58,975 [Worker-10: Updating Maven Project] INFO  o.e.m.j.i.AbstractJavaProjectConfigurator - Adding resource folder /Order_Api/src/test/resources
2025-12-16 11:58:59,292 [Worker-10: Updating Maven Project] INFO  o.e.m.c.i.p.ProjectConfigurationManager - Update completed for 1 poms: local refresh takes 0.00 sec, refresh facades takes 0.00 sec, update config takes 0.00 sec 
2025-12-16 11:58:59,563 [Worker-18: Building] INFO  o.a.m.s.f.DefaultMavenResourcesFiltering - Copying 1 resource from src\main\resources to target\classes
2025-12-16 11:58:59,578 [Worker-18: Building] INFO  o.a.m.s.f.DefaultMavenResourcesFiltering - Copying 0 resource from src\main\resources to target\classes
2025-12-16 11:58:59,582 [Worker-18: Building] INFO  o.a.m.s.f.DefaultMavenResourcesFiltering - skip non existing resourceDirectory E:\Full-stack\E_commerce\Order_Api\src\test\resources
2025-12-16 12:09:58,799 [Worker-28: Building] INFO  o.a.m.s.f.DefaultMavenResourcesFiltering - Copying 1 resource from src\main\resources to target\classes
2025-12-16 12:09:58,805 [Worker-28: Building] INFO  o.a.m.s.f.DefaultMavenResourcesFiltering - Copying 0 resource from src\main\resources to target\classes
2025-12-16 12:09:58,808 [Worker-28: Building] INFO  o.a.m.s.f.DefaultMavenResourcesFiltering - skip non existing resourceDirectory E:\Full-stack\E_commerce\Order_Api\src\test\resources
2025-12-16 12:10:05,256 [Worker-29: Building] INFO  o.a.m.s.f.DefaultMavenResourcesFiltering - Copying 1 resource from src\main\resources to target\classes
2025-12-16 12:10:05,261 [Worker-29: Building] INFO  o.a.m.s.f.DefaultMavenResourcesFiltering - Copying 0 resource from src\main\resources to target\classes
2025-12-16 12:10:05,266 [Worker-29: Building] INFO  o.a.m.s.f.DefaultMavenResourcesFiltering - skip non existing resourceDirectory E:\Full-stack\E_commerce\Order_Api\src\test\resources
2025-12-16 12:10:21,169 [Worker-28: Building] INFO  o.a.m.s.f.DefaultMavenResourcesFiltering - Copying 1 resource from src\main\resources to target\classes
2025-12-16 12:10:21,177 [Worker-28: Building] INFO  o.a.m.s.f.DefaultMavenResourcesFiltering - Copying 0 resource from src\main\resources to target\classes
2025-12-16 12:10:21,179 [Worker-28: Building] INFO  o.a.m.s.f.DefaultMavenResourcesFiltering - skip non existing resourceDirectory E:\Full-stack\E_commerce\Order_Api\src\test\resources
2025-12-16 12:10:31,700 [Worker-27: Building] INFO  o.a.m.s.f.DefaultMavenResourcesFiltering - Copying 1 resource from src\main\resources to target\classes
2025-12-16 12:10:31,706 [Worker-27: Building] INFO  o.a.m.s.f.DefaultMavenResourcesFiltering - Copying 0 resource from src\main\resources to target\classes
2025-12-16 12:10:31,709 [Worker-27: Building] INFO  o.a.m.s.f.DefaultMavenResourcesFiltering - skip non existing resourceDirectory E:\Full-stack\E_commerce\Order_Api\src\test\resources
2025-12-16 12:34:55,833 [Worker-28: Building] INFO  o.a.m.s.f.DefaultMavenResourcesFiltering - Copying 1 resource from src\main\resources to target\classes
2025-12-16 12:34:55,844 [Worker-28: Building] INFO  o.a.m.s.f.DefaultMavenResourcesFiltering - Copying 0 resource from src\main\resources to target\classes
2025-12-16 12:34:55,847 [Worker-28: Building] INFO  o.a.m.s.f.DefaultMavenResourcesFiltering - skip non existing resourceDirectory E:\Full-stack\E_commerce\Order_Api\src\test\resources
2025-12-16 12:38:06,521 [Worker-35: Building] INFO  o.a.m.s.f.DefaultMavenResourcesFiltering - Copying 1 resource from src\main\resources to target\classes
2025-12-16 12:38:06,529 [Worker-35: Building] INFO  o.a.m.s.f.DefaultMavenResourcesFiltering - Copying 0 resource from src\main\resources to target\classes
2025-12-16 12:38:06,531 [Worker-35: Building] INFO  o.a.m.s.f.DefaultMavenResourcesFiltering - skip non existing resourceDirectory E:\Full-stack\E_commerce\Order_Api\src\test\resources
2025-12-16 12:38:14,755 [Worker-35: Building] INFO  o.a.m.s.f.DefaultMavenResourcesFiltering - Copying 1 resource from src\main\resources to target\classes
2025-12-16 12:38:14,767 [Worker-35: Building] INFO  o.a.m.s.f.DefaultMavenResourcesFiltering - Copying 0 resource from src\main\resources to target\classes
2025-12-16 12:38:14,770 [Worker-35: Building] INFO  o.a.m.s.f.DefaultMavenResourcesFiltering - skip non existing resourceDirectory E:\Full-stack\E_commerce\Order_Api\src\test\resources
2025-12-16 12:38:36,559 [Worker-36: Building] INFO  o.a.m.s.f.DefaultMavenResourcesFiltering - Copying 1 resource from src\main\resources to target\classes
2025-12-16 12:38:36,566 [Worker-36: Building] INFO  o.a.m.s.f.DefaultMavenResourcesFiltering - Copying 0 resource from src\main\resources to target\classes
2025-12-16 12:38:36,568 [Worker-36: Building] INFO  o.a.m.s.f.DefaultMavenResourcesFiltering - skip non existing resourceDirectory E:\Full-stack\E_commerce\Order_Api\src\test\resources
2025-12-16 12:39:10,007 [Worker-34: Building] INFO  o.a.m.s.f.DefaultMavenResourcesFiltering - Copying 1 resource from src\main\resources to target\classes
2025-12-16 12:39:10,013 [Worker-34: Building] INFO  o.a.m.s.f.DefaultMavenResourcesFiltering - Copying 0 resource from src\main\resources to target\classes
2025-12-16 12:39:10,016 [Worker-34: Building] INFO  o.a.m.s.f.DefaultMavenResourcesFiltering - skip non existing resourceDirectory E:\Full-stack\E_commerce\Order_Api\src\test\resources
2025-12-16 12:39:17,151 [Worker-34: Building] INFO  o.a.m.s.f.DefaultMavenResourcesFiltering - Copying 1 resource from src\main\resources to target\classes
2025-12-16 12:39:17,155 [Worker-34: Building] INFO  o.a.m.s.f.DefaultMavenResourcesFiltering - Copying 0 resource from src\main\resources to target\classes
2025-12-16 12:39:17,158 [Worker-34: Building] INFO  o.a.m.s.f.DefaultMavenResourcesFiltering - skip non existing resourceDirectory E:\Full-stack\E_commerce\Order_Api\src\test\resources
2025-12-16 12:42:51,420 [Worker-34: Building] INFO  o.a.m.s.f.DefaultMavenResourcesFiltering - Copying 1 resource from src\main\resources to target\classes
2025-12-16 12:42:51,426 [Worker-34: Building] INFO  o.a.m.s.f.DefaultMavenResourcesFiltering - Copying 0 resource from src\main\resources to target\classes
2025-12-16 12:42:51,429 [Worker-34: Building] INFO  o.a.m.s.f.DefaultMavenResourcesFiltering - skip non existing resourceDirectory E:\Full-stack\E_commerce\Order_Api\src\test\resources
2025-12-16 12:44:41,304 [Worker-34: Building] INFO  o.a.m.s.f.DefaultMavenResourcesFiltering - Copying 1 resource from src\main\resources to target\classes
2025-12-16 12:44:41,309 [Worker-34: Building] INFO  o.a.m.s.f.DefaultMavenResourcesFiltering - Copying 0 resource from src\main\resources to target\classes
2025-12-16 12:44:41,312 [Worker-34: Building] INFO  o.a.m.s.f.DefaultMavenResourcesFiltering - skip non existing resourceDirectory E:\Full-stack\E_commerce\Order_Api\src\test\resources
2025-12-16 12:46:30,821 [Worker-39: Building] INFO  o.a.m.s.f.DefaultMavenResourcesFiltering - Copying 1 resource from src\main\resources to target\classes
2025-12-16 12:46:30,825 [Worker-39: Building] INFO  o.a.m.s.f.DefaultMavenResourcesFiltering - Copying 0 resource from src\main\resources to target\classes
2025-12-16 12:46:30,827 [Worker-39: Building] INFO  o.a.m.s.f.DefaultMavenResourcesFiltering - skip non existing resourceDirectory E:\Full-stack\E_commerce\Order_Api\src\test\resources
2025-12-16 12:46:59,647 [Worker-40: Building] INFO  o.a.m.s.f.DefaultMavenResourcesFiltering - Copying 1 resource from src\main\resources to target\classes
2025-12-16 12:46:59,656 [Worker-40: Building] INFO  o.a.m.s.f.DefaultMavenResourcesFiltering - Copying 0 resource from src\main\resources to target\classes
2025-12-16 12:46:59,660 [Worker-40: Building] INFO  o.a.m.s.f.DefaultMavenResourcesFiltering - skip non existing resourceDirectory E:\Full-stack\E_commerce\Order_Api\src\test\resources
2025-12-16 12:55:25,375 [Worker-44: Building] INFO  o.a.m.s.f.DefaultMavenResourcesFiltering - Copying 1 resource from src\main\resources to target\classes
2025-12-16 12:55:25,384 [Worker-44: Building] INFO  o.a.m.s.f.DefaultMavenResourcesFiltering - Copying 0 resource from src\main\resources to target\classes
2025-12-16 12:55:25,387 [Worker-44: Building] INFO  o.a.m.s.f.DefaultMavenResourcesFiltering - skip non existing resourceDirectory E:\Full-stack\E_commerce\Order_Api\src\test\resources
2025-12-16 13:13:09,506 [Worker-44: Building] INFO  o.a.m.s.f.DefaultMavenResourcesFiltering - Copying 1 resource from src\main\resources to target\classes
2025-12-16 13:13:09,511 [Worker-44: Building] INFO  o.a.m.s.f.DefaultMavenResourcesFiltering - Copying 0 resource from src\main\resources to target\classes
2025-12-16 13:13:09,514 [Worker-44: Building] INFO  o.a.m.s.f.DefaultMavenResourcesFiltering - skip non existing resourceDirectory E:\Full-stack\E_commerce\Order_Api\src\test\resources
2025-12-16 13:13:28,879 [Worker-50: Building] INFO  o.a.m.s.f.DefaultMavenResourcesFiltering - Copying 1 resource from src\main\resources to target\classes
2025-12-16 13:13:28,886 [Worker-50: Building] INFO  o.a.m.s.f.DefaultMavenResourcesFiltering - Copying 0 resource from src\main\resources to target\classes
2025-12-16 13:13:28,890 [Worker-50: Building] INFO  o.a.m.s.f.DefaultMavenResourcesFiltering - skip non existing resourceDirectory E:\Full-stack\E_commerce\Order_Api\src\test\resources
2025-12-16 13:18:40,189 [Worker-44: Building] INFO  o.a.m.s.f.DefaultMavenResourcesFiltering - Copying 1 resource from src\main\resources to target\classes
2025-12-16 13:18:40,199 [Worker-44: Building] INFO  o.a.m.s.f.DefaultMavenResourcesFiltering - Copying 0 resource from src\main\resources to target\classes
2025-12-16 13:18:40,202 [Worker-44: Building] INFO  o.a.m.s.f.DefaultMavenResourcesFiltering - skip non existing resourceDirectory E:\Full-stack\E_commerce\Order_Api\src\test\resources
2025-12-16 16:46:36,194 [Worker-66: Building] INFO  o.a.m.s.f.DefaultMavenResourcesFiltering - Copying 1 resource from src\main\resources to target\classes
2025-12-16 16:46:36,206 [Worker-66: Building] INFO  o.a.m.s.f.DefaultMavenResourcesFiltering - Copying 0 resource from src\main\resources to target\classes
2025-12-16 16:46:36,210 [Worker-66: Building] INFO  o.a.m.s.f.DefaultMavenResourcesFiltering - skip non existing resourceDirectory E:\Full-stack\E_commerce\Order_Api\src\test\resources
2025-12-22 11:08:38,894 [Worker-2: Loading available Gradle versions] INFO  o.e.b.c.i.u.g.PublishedGradleVersions - Gradle version information cache is up-to-date. Trying to read.
2025-12-22 11:28:28,124 [Worker-1: Loading available Gradle versions] INFO  o.e.b.c.i.u.g.PublishedGradleVersions - Gradle version information cache is up-to-date. Trying to read.
2025-12-22 11:50:02,315 [Worker-15: Building] INFO  o.a.m.s.f.DefaultMavenResourcesFiltering - Copying 1 resource from src\main\resources to target\classes
2025-12-22 11:50:02,329 [Worker-15: Building] INFO  o.a.m.s.f.DefaultMavenResourcesFiltering - Copying 0 resource from src\main\resources to target\classes
2025-12-22 11:50:02,334 [Worker-15: Building] INFO  o.a.m.s.f.DefaultMavenResourcesFiltering - skip non existing resourceDirectory E:\Full-stack\E_commerce\Order_Api\src\test\resources
2025-12-22 11:50:33,416 [Worker-15: Building] INFO  o.a.m.s.f.DefaultMavenResourcesFiltering - Copying 1 resource from src\main\resources to target\classes
2025-12-22 11:50:33,422 [Worker-15: Building] INFO  o.a.m.s.f.DefaultMavenResourcesFiltering - Copying 0 resource from src\main\resources to target\classes
2025-12-22 11:50:33,427 [Worker-15: Building] INFO  o.a.m.s.f.DefaultMavenResourcesFiltering - skip non existing resourceDirectory E:\Full-stack\E_commerce\Order_Api\src\test\resources
2025-12-22 11:52:05,952 [Worker-18: Building] INFO  o.a.m.s.f.DefaultMavenResourcesFiltering - Copying 1 resource from src\main\resources to target\classes
2025-12-22 11:52:05,960 [Worker-18: Building] INFO  o.a.m.s.f.DefaultMavenResourcesFiltering - Copying 0 resource from src\main\resources to target\classes
2025-12-22 11:52:05,963 [Worker-18: Building] INFO  o.a.m.s.f.DefaultMavenResourcesFiltering - skip non existing resourceDirectory E:\Full-stack\E_commerce\Order_Api\src\test\resources
2025-12-22 11:52:32,461 [Worker-18: Building] INFO  o.a.m.s.f.DefaultMavenResourcesFiltering - Copying 1 resource from src\main\resources to target\classes
2025-12-22 11:52:32,468 [Worker-18: Building] INFO  o.a.m.s.f.DefaultMavenResourcesFiltering - Copying 0 resource from src\main\resources to target\classes
2025-12-22 11:52:32,471 [Worker-18: Building] INFO  o.a.m.s.f.DefaultMavenResourcesFiltering - skip non existing resourceDirectory E:\Full-stack\E_commerce\Order_Api\src\test\resources
2025-12-22 11:53:11,517 [Worker-17: Building] INFO  o.a.m.s.f.DefaultMavenResourcesFiltering - Copying 1 resource from src\main\resources to target\classes
2025-12-22 11:53:11,524 [Worker-17: Building] INFO  o.a.m.s.f.DefaultMavenResourcesFiltering - Copying 0 resource from src\main\resources to target\classes
2025-12-22 11:53:11,526 [Worker-17: Building] INFO  o.a.m.s.f.DefaultMavenResourcesFiltering - skip non existing resourceDirectory E:\Full-stack\E_commerce\Order_Api\src\test\resources
2025-12-22 11:54:14,815 [Worker-16: Building] INFO  o.a.m.s.f.DefaultMavenResourcesFiltering - Copying 1 resource from src\main\resources to target\classes
2025-12-22 11:54:14,819 [Worker-16: Building] INFO  o.a.m.s.f.DefaultMavenResourcesFiltering - Copying 0 resource from src\main\resources to target\classes
2025-12-22 11:54:14,822 [Worker-16: Building] INFO  o.a.m.s.f.DefaultMavenResourcesFiltering - skip non existing resourceDirectory E:\Full-stack\E_commerce\Order_Api\src\test\resources
2025-12-22 11:54:57,046 [Worker-19: Building] INFO  o.a.m.s.f.DefaultMavenResourcesFiltering - Copying 1 resource from src\main\resources to target\classes
2025-12-22 11:54:57,052 [Worker-19: Building] INFO  o.a.m.s.f.DefaultMavenResourcesFiltering - Copying 0 resource from src\main\resources to target\classes
2025-12-22 11:54:57,056 [Worker-19: Building] INFO  o.a.m.s.f.DefaultMavenResourcesFiltering - skip non existing resourceDirectory E:\Full-stack\E_commerce\Order_Api\src\test\resources
2025-12-22 11:59:47,863 [Worker-16: Building] INFO  o.a.m.s.f.DefaultMavenResourcesFiltering - Copying 1 resource from src\main\resources to target\classes
2025-12-22 11:59:47,868 [Worker-16: Building] INFO  o.a.m.s.f.DefaultMavenResourcesFiltering - Copying 0 resource from src\main\resources to target\classes
2025-12-22 11:59:47,870 [Worker-16: Building] INFO  o.a.m.s.f.DefaultMavenResourcesFiltering - skip non existing resourceDirectory E:\Full-stack\E_commerce\Order_Api\src\test\resources
2025-12-22 11:59:50,789 [Worker-23: Building] INFO  o.a.m.s.f.DefaultMavenResourcesFiltering - Copying 1 resource from src\main\resources to target\classes
2025-12-22 11:59:50,792 [Worker-23: Building] INFO  o.a.m.s.f.DefaultMavenResourcesFiltering - Copying 0 resource from src\main\resources to target\classes
2025-12-22 11:59:50,795 [Worker-23: Building] INFO  o.a.m.s.f.DefaultMavenResourcesFiltering - skip non existing resourceDirectory E:\Full-stack\E_commerce\Order_Api\src\test\resources
2025-12-22 12:01:21,734 [Worker-21: Building] INFO  o.a.m.s.f.DefaultMavenResourcesFiltering - Copying 1 resource from src\main\resources to target\classes
2025-12-22 12:01:21,739 [Worker-21: Building] INFO  o.a.m.s.f.DefaultMavenResourcesFiltering - Copying 0 resource from src\main\resources to target\classes
2025-12-22 12:01:21,741 [Worker-21: Building] INFO  o.a.m.s.f.DefaultMavenResourcesFiltering - skip non existing resourceDirectory E:\Full-stack\E_commerce\Order_Api\src\test\resources
2025-12-22 12:02:34,518 [Worker-24: Building] INFO  o.a.m.s.f.DefaultMavenResourcesFiltering - Copying 1 resource from src\main\resources to target\classes
2025-12-22 12:02:34,525 [Worker-24: Building] INFO  o.a.m.s.f.DefaultMavenResourcesFiltering - Copying 0 resource from src\main\resources to target\classes
2025-12-22 12:02:34,527 [Worker-24: Building] INFO  o.a.m.s.f.DefaultMavenResourcesFiltering - skip non existing resourceDirectory E:\Full-stack\E_commerce\Order_Api\src\test\resources
2025-12-22 12:08:13,002 [Worker-25: Building] INFO  o.a.m.s.f.DefaultMavenResourcesFiltering - Copying 1 resource from src\main\resources to target\classes
2025-12-22 12:08:13,008 [Worker-25: Building] INFO  o.a.m.s.f.DefaultMavenResourcesFiltering - Copying 0 resource from src\main\resources to target\classes
2025-12-22 12:08:13,010 [Worker-25: Building] INFO  o.a.m.s.f.DefaultMavenResourcesFiltering - skip non existing resourceDirectory E:\Full-stack\E_commerce\Order_Api\src\test\resources
2025-12-22 12:16:34,653 [Worker-29: Building] INFO  o.a.m.s.f.DefaultMavenResourcesFiltering - Copying 1 resource from src\main\resources to target\classes
2025-12-22 12:16:34,660 [Worker-29: Building] INFO  o.a.m.s.f.DefaultMavenResourcesFiltering - Copying 0 resource from src\main\resources to target\classes
2025-12-22 12:16:34,662 [Worker-29: Building] INFO  o.a.m.s.f.DefaultMavenResourcesFiltering - skip non existing resourceDirectory E:\Full-stack\E_commerce\Order_Api\src\test\resources
2025-12-22 12:16:47,120 [Worker-26: Building] INFO  o.a.m.s.f.DefaultMavenResourcesFiltering - Copying 1 resource from src\main\resources to target\classes
2025-12-22 12:16:47,125 [Worker-26: Building] INFO  o.a.m.s.f.DefaultMavenResourcesFiltering - Copying 0 resource from src\main\resources to target\classes
2025-12-22 12:16:47,128 [Worker-26: Building] INFO  o.a.m.s.f.DefaultMavenResourcesFiltering - skip non existing resourceDirectory E:\Full-stack\E_commerce\Order_Api\src\test\resources
2025-12-22 12:48:40,479 [Worker-43: Building] INFO  o.a.m.s.f.DefaultMavenResourcesFiltering - Copying 1 resource from src\main\resources to target\classes
2025-12-22 12:48:40,483 [Worker-43: Building] INFO  o.a.m.s.f.DefaultMavenResourcesFiltering - Copying 0 resource from src\main\resources to target\classes
2025-12-22 12:48:40,486 [Worker-43: Building] INFO  o.a.m.s.f.DefaultMavenResourcesFiltering - skip non existing resourceDirectory E:\Full-stack\E_commerce\Order_Api\src\test\resources
2025-12-22 12:49:09,965 [Worker-41: Building] INFO  o.a.m.s.f.DefaultMavenResourcesFiltering - Copying 1 resource from src\main\resources to target\classes
2025-12-22 12:49:09,968 [Worker-41: Building] INFO  o.a.m.s.f.DefaultMavenResourcesFiltering - Copying 0 resource from src\main\resources to target\classes
2025-12-22 12:49:09,971 [Worker-41: Building] INFO  o.a.m.s.f.DefaultMavenResourcesFiltering - skip non existing resourceDirectory E:\Full-stack\E_commerce\Order_Api\src\test\resources
2025-12-22 14:09:24,964 [Worker-46: Building] INFO  o.a.m.s.f.DefaultMavenResourcesFiltering - Copying 1 resource from src\main\resources to target\classes
2025-12-22 14:09:24,970 [Worker-46: Building] INFO  o.a.m.s.f.DefaultMavenResourcesFiltering - Copying 0 resource from src\main\resources to target\classes
2025-12-22 14:09:24,973 [Worker-46: Building] INFO  o.a.m.s.f.DefaultMavenResourcesFiltering - skip non existing resourceDirectory E:\Full-stack\E_commerce\Order_Api\src\test\resources
2025-12-22 14:12:46,147 [Worker-52: Building] INFO  o.a.m.s.f.DefaultMavenResourcesFiltering - Copying 1 resource from src\main\resources to target\classes
2025-12-22 14:12:46,153 [Worker-52: Building] INFO  o.a.m.s.f.DefaultMavenResourcesFiltering - Copying 0 resource from src\main\resources to target\classes
2025-12-22 14:12:46,156 [Worker-52: Building] INFO  o.a.m.s.f.DefaultMavenResourcesFiltering - skip non existing resourceDirectory E:\Full-stack\E_commerce\Order_Api\src\test\resources
2025-12-22 14:27:31,178 [Worker-46: Building] INFO  o.a.m.s.f.DefaultMavenResourcesFiltering - Copying 1 resource from src\main\resources to target\classes
2025-12-22 14:27:31,183 [Worker-46: Building] INFO  o.a.m.s.f.DefaultMavenResourcesFiltering - Copying 0 resource from src\main\resources to target\classes
2025-12-22 14:27:31,185 [Worker-46: Building] INFO  o.a.m.s.f.DefaultMavenResourcesFiltering - skip non existing resourceDirectory E:\Full-stack\E_commerce\Order_Api\src\test\resources
2025-12-22 14:28:48,013 [Worker-46: Building] INFO  o.a.m.s.f.DefaultMavenResourcesFiltering - Copying 1 resource from src\main\resources to target\classes
2025-12-22 14:28:48,018 [Worker-46: Building] INFO  o.a.m.s.f.DefaultMavenResourcesFiltering - Copying 0 resource from src\main\resources to target\classes
2025-12-22 14:28:48,020 [Worker-46: Building] INFO  o.a.m.s.f.DefaultMavenResourcesFiltering - skip non existing resourceDirectory E:\Full-stack\E_commerce\Order_Api\src\test\resources
2025-12-22 14:32:08,340 [Worker-57: Building] INFO  o.a.m.s.f.DefaultMavenResourcesFiltering - Copying 1 resource from src\main\resources to target\classes
2025-12-22 14:32:08,346 [Worker-57: Building] INFO  o.a.m.s.f.DefaultMavenResourcesFiltering - Copying 0 resource from src\main\resources to target\classes
2025-12-22 14:32:08,348 [Worker-57: Building] INFO  o.a.m.s.f.DefaultMavenResourcesFiltering - skip non existing resourceDirectory E:\Full-stack\E_commerce\Order_Api\src\test\resources
2025-12-22 14:32:37,482 [Worker-57: Building] INFO  o.a.m.s.f.DefaultMavenResourcesFiltering - Copying 1 resource from src\main\resources to target\classes
2025-12-22 14:32:37,486 [Worker-57: Building] INFO  o.a.m.s.f.DefaultMavenResourcesFiltering - Copying 0 resource from src\main\resources to target\classes
2025-12-22 14:32:37,488 [Worker-57: Building] INFO  o.a.m.s.f.DefaultMavenResourcesFiltering - skip non existing resourceDirectory E:\Full-stack\E_commerce\Order_Api\src\test\resources
2025-12-22 14:48:12,966 [Worker-61: Building] INFO  o.a.m.s.f.DefaultMavenResourcesFiltering - Copying 1 resource from src\main\resources to target\classes
2025-12-22 14:48:12,972 [Worker-61: Building] INFO  o.a.m.s.f.DefaultMavenResourcesFiltering - Copying 0 resource from src\main\resources to target\classes
2025-12-22 14:48:12,975 [Worker-61: Building] INFO  o.a.m.s.f.DefaultMavenResourcesFiltering - skip non existing resourceDirectory E:\Full-stack\E_commerce\Order_Api\src\test\resources
2025-12-22 14:48:44,464 [Worker-64: Building] INFO  o.a.m.s.f.DefaultMavenResourcesFiltering - Copying 1 resource from src\main\resources to target\classes
2025-12-22 14:48:44,469 [Worker-64: Building] INFO  o.a.m.s.f.DefaultMavenResourcesFiltering - Copying 0 resource from src\main\resources to target\classes
2025-12-22 14:48:44,472 [Worker-64: Building] INFO  o.a.m.s.f.DefaultMavenResourcesFiltering - skip non existing resourceDirectory E:\Full-stack\E_commerce\Order_Api\src\test\resources
2025-12-22 14:50:05,382 [Worker-65: Building] INFO  o.a.m.s.f.DefaultMavenResourcesFiltering - Copying 1 resource from src\main\resources to target\classes
2025-12-22 14:50:05,386 [Worker-65: Building] INFO  o.a.m.s.f.DefaultMavenResourcesFiltering - Copying 0 resource from src\main\resources to target\classes
2025-12-22 14:50:05,389 [Worker-65: Building] INFO  o.a.m.s.f.DefaultMavenResourcesFiltering - skip non existing resourceDirectory E:\Full-stack\E_commerce\Order_Api\src\test\resources
2025-12-22 15:03:11,307 [Worker-73: Building] INFO  o.a.m.s.f.DefaultMavenResourcesFiltering - Copying 1 resource from src\main\resources to target\classes
2025-12-22 15:03:11,313 [Worker-73: Building] INFO  o.a.m.s.f.DefaultMavenResourcesFiltering - Copying 0 resource from src\main\resources to target\classes
2025-12-22 15:03:11,315 [Worker-73: Building] INFO  o.a.m.s.f.DefaultMavenResourcesFiltering - skip non existing resourceDirectory E:\Full-stack\E_commerce\Order_Api\src\test\resources
2025-12-22 15:04:29,543 [Worker-70: Building] INFO  o.a.m.s.f.DefaultMavenResourcesFiltering - Copying 1 resource from src\main\resources to target\classes
2025-12-22 15:04:29,549 [Worker-70: Building] INFO  o.a.m.s.f.DefaultMavenResourcesFiltering - Copying 0 resource from src\main\resources to target\classes
2025-12-22 15:04:29,551 [Worker-70: Building] INFO  o.a.m.s.f.DefaultMavenResourcesFiltering - skip non existing resourceDirectory E:\Full-stack\E_commerce\Order_Api\src\test\resources
2025-12-22 15:05:09,493 [Worker-70: Building] INFO  o.a.m.s.f.DefaultMavenResourcesFiltering - Copying 1 resource from src\main\resources to target\classes
2025-12-22 15:05:09,501 [Worker-70: Building] INFO  o.a.m.s.f.DefaultMavenResourcesFiltering - Copying 0 resource from src\main\resources to target\classes
2025-12-22 15:05:09,503 [Worker-70: Building] INFO  o.a.m.s.f.DefaultMavenResourcesFiltering - skip non existing resourceDirectory E:\Full-stack\E_commerce\Order_Api\src\test\resources
2025-12-22 15:06:42,534 [Worker-67: Building] INFO  o.a.m.s.f.DefaultMavenResourcesFiltering - Copying 1 resource from src\main\resources to target\classes
2025-12-22 15:06:42,541 [Worker-67: Building] INFO  o.a.m.s.f.DefaultMavenResourcesFiltering - Copying 0 resource from src\main\resources to target\classes
2025-12-22 15:06:42,544 [Worker-67: Building] INFO  o.a.m.s.f.DefaultMavenResourcesFiltering - skip non existing resourceDirectory E:\Full-stack\E_commerce\Order_Api\src\test\resources
2025-12-22 15:21:48,257 [Worker-76: Building] INFO  o.a.m.s.f.DefaultMavenResourcesFiltering - Copying 1 resource from src\main\resources to target\classes
2025-12-22 15:21:48,262 [Worker-76: Building] INFO  o.a.m.s.f.DefaultMavenResourcesFiltering - Copying 0 resource from src\main\resources to target\classes
2025-12-22 15:21:48,264 [Worker-76: Building] INFO  o.a.m.s.f.DefaultMavenResourcesFiltering - skip non existing resourceDirectory E:\Full-stack\E_commerce\Order_Api\src\test\resources
2025-12-22 15:23:17,225 [Worker-78: Building] INFO  o.a.m.s.f.DefaultMavenResourcesFiltering - Copying 1 resource from src\main\resources to target\classes
2025-12-22 15:23:17,232 [Worker-78: Building] INFO  o.a.m.s.f.DefaultMavenResourcesFiltering - Copying 0 resource from src\main\resources to target\classes
2025-12-22 15:23:17,234 [Worker-78: Building] INFO  o.a.m.s.f.DefaultMavenResourcesFiltering - skip non existing resourceDirectory E:\Full-stack\E_commerce\Order_Api\src\test\resources
2025-12-22 15:23:21,131 [Worker-67: Building] INFO  o.a.m.s.f.DefaultMavenResourcesFiltering - Copying 1 resource from src\main\resources to target\classes
2025-12-22 15:23:21,135 [Worker-67: Building] INFO  o.a.m.s.f.DefaultMavenResourcesFiltering - Copying 0 resource from src\main\resources to target\classes
2025-12-22 15:23:21,138 [Worker-67: Building] INFO  o.a.m.s.f.DefaultMavenResourcesFiltering - skip non existing resourceDirectory E:\Full-stack\E_commerce\Order_Api\src\test\resources
2025-12-22 15:32:55,192 [Worker-82: Building] INFO  o.a.m.s.f.DefaultMavenResourcesFiltering - Copying 1 resource from src\main\resources to target\classes
2025-12-22 15:32:55,198 [Worker-82: Building] INFO  o.a.m.s.f.DefaultMavenResourcesFiltering - Copying 0 resource from src\main\resources to target\classes
2025-12-22 15:32:55,201 [Worker-82: Building] INFO  o.a.m.s.f.DefaultMavenResourcesFiltering - skip non existing resourceDirectory E:\Full-stack\E_commerce\Order_Api\src\test\resources
2025-12-22 15:34:19,897 [Worker-82: Building] INFO  o.a.m.s.f.DefaultMavenResourcesFiltering - Copying 1 resource from src\main\resources to target\classes
2025-12-22 15:34:19,903 [Worker-82: Building] INFO  o.a.m.s.f.DefaultMavenResourcesFiltering - Copying 0 resource from src\main\resources to target\classes
2025-12-22 15:34:19,906 [Worker-82: Building] INFO  o.a.m.s.f.DefaultMavenResourcesFiltering - skip non existing resourceDirectory E:\Full-stack\E_commerce\Order_Api\src\test\resources
2025-12-23 09:21:16,246 [Worker-6: Loading available Gradle versions] INFO  o.e.b.c.i.u.g.PublishedGradleVersions - Gradle version information cache is up-to-date. Trying to read.
2025-12-23 11:17:10,822 [Worker-2: Loading available Gradle versions] INFO  o.e.b.c.i.u.g.PublishedGradleVersions - Gradle version information cache is up-to-date. Trying to read.
2025-12-23 11:45:49,385 [Worker-12: Building] INFO  o.a.m.s.f.DefaultMavenResourcesFiltering - Copying 1 resource from src\main\resources to target\classes
2025-12-23 11:45:49,402 [Worker-12: Building] INFO  o.a.m.s.f.DefaultMavenResourcesFiltering - Copying 0 resource from src\main\resources to target\classes
2025-12-23 11:45:49,406 [Worker-12: Building] INFO  o.a.m.s.f.DefaultMavenResourcesFiltering - skip non existing resourceDirectory E:\Full-stack\E_commerce\Order_Api\src\test\resources
2025-12-23 11:48:22,896 [Worker-17: Building] INFO  o.a.m.s.f.DefaultMavenResourcesFiltering - Copying 1 resource from src\main\resources to target\classes
2025-12-23 11:48:22,904 [Worker-17: Building] INFO  o.a.m.s.f.DefaultMavenResourcesFiltering - Copying 0 resource from src\main\resources to target\classes
2025-12-23 11:48:22,908 [Worker-17: Building] INFO  o.a.m.s.f.DefaultMavenResourcesFiltering - skip non existing resourceDirectory E:\Full-stack\E_commerce\Order_Api\src\test\resources
2025-12-23 12:17:30,096 [Worker-12: Building] INFO  o.a.m.s.f.DefaultMavenResourcesFiltering - Copying 1 resource from src\main\resources to target\classes
2025-12-23 12:17:30,102 [Worker-12: Building] INFO  o.a.m.s.f.DefaultMavenResourcesFiltering - Copying 0 resource from src\main\resources to target\classes
2025-12-23 12:17:30,106 [Worker-12: Building] INFO  o.a.m.s.f.DefaultMavenResourcesFiltering - skip non existing resourceDirectory E:\Full-stack\E_commerce\Order_Api\src\test\resources
2025-12-23 12:19:03,921 [Worker-20: Building] INFO  o.a.m.s.f.DefaultMavenResourcesFiltering - Copying 1 resource from src\main\resources to target\classes
2025-12-23 12:19:03,927 [Worker-20: Building] INFO  o.a.m.s.f.DefaultMavenResourcesFiltering - Copying 0 resource from src\main\resources to target\classes
2025-12-23 12:19:03,930 [Worker-20: Building] INFO  o.a.m.s.f.DefaultMavenResourcesFiltering - skip non existing resourceDirectory E:\Full-stack\E_commerce\Order_Api\src\test\resources
2025-12-23 12:27:06,911 [Worker-25: Building] INFO  o.a.m.s.f.DefaultMavenResourcesFiltering - Copying 1 resource from src\main\resources to target\classes
2025-12-23 12:27:06,917 [Worker-25: Building] INFO  o.a.m.s.f.DefaultMavenResourcesFiltering - Copying 0 resource from src\main\resources to target\classes
2025-12-23 12:27:06,920 [Worker-25: Building] INFO  o.a.m.s.f.DefaultMavenResourcesFiltering - skip non existing resourceDirectory E:\Full-stack\E_commerce\Order_Api\src\test\resources
2025-12-23 12:29:28,622 [Worker-20: Building] INFO  o.a.m.s.f.DefaultMavenResourcesFiltering - Copying 1 resource from src\main\resources to target\classes
2025-12-23 12:29:28,628 [Worker-20: Building] INFO  o.a.m.s.f.DefaultMavenResourcesFiltering - Copying 0 resource from src\main\resources to target\classes
2025-12-23 12:29:28,633 [Worker-20: Building] INFO  o.a.m.s.f.DefaultMavenResourcesFiltering - skip non existing resourceDirectory E:\Full-stack\E_commerce\Order_Api\src\test\resources
2025-12-23 12:30:45,922 [Worker-26: Building] INFO  o.a.m.s.f.DefaultMavenResourcesFiltering - Copying 1 resource from src\main\resources to target\classes
2025-12-23 12:30:45,927 [Worker-26: Building] INFO  o.a.m.s.f.DefaultMavenResourcesFiltering - Copying 0 resource from src\main\resources to target\classes
2025-12-23 12:30:45,931 [Worker-26: Building] INFO  o.a.m.s.f.DefaultMavenResourcesFiltering - skip non existing resourceDirectory E:\Full-stack\E_commerce\Order_Api\src\test\resources
2025-12-23 12:31:20,818 [Worker-20: Building] INFO  o.a.m.s.f.DefaultMavenResourcesFiltering - Copying 1 resource from src\main\resources to target\classes
2025-12-23 12:31:20,826 [Worker-20: Building] INFO  o.a.m.s.f.DefaultMavenResourcesFiltering - Copying 0 resource from src\main\resources to target\classes
2025-12-23 12:31:20,832 [Worker-20: Building] INFO  o.a.m.s.f.DefaultMavenResourcesFiltering - skip non existing resourceDirectory E:\Full-stack\E_commerce\Order_Api\src\test\resources
2025-12-23 12:31:34,962 [Worker-23: Building] INFO  o.a.m.s.f.DefaultMavenResourcesFiltering - Copying 1 resource from src\main\resources to target\classes
2025-12-23 12:31:34,969 [Worker-23: Building] INFO  o.a.m.s.f.DefaultMavenResourcesFiltering - Copying 0 resource from src\main\resources to target\classes
2025-12-23 12:31:34,972 [Worker-23: Building] INFO  o.a.m.s.f.DefaultMavenResourcesFiltering - skip non existing resourceDirectory E:\Full-stack\E_commerce\Order_Api\src\test\resources
2025-12-23 12:31:59,926 [Worker-23: Building] INFO  o.a.m.s.f.DefaultMavenResourcesFiltering - Copying 1 resource from src\main\resources to target\classes
2025-12-23 12:31:59,935 [Worker-23: Building] INFO  o.a.m.s.f.DefaultMavenResourcesFiltering - Copying 0 resource from src\main\resources to target\classes
2025-12-23 12:31:59,938 [Worker-23: Building] INFO  o.a.m.s.f.DefaultMavenResourcesFiltering - skip non existing resourceDirectory E:\Full-stack\E_commerce\Order_Api\src\test\resources
2025-12-23 12:32:58,955 [Worker-27: Building] INFO  o.a.m.s.f.DefaultMavenResourcesFiltering - Copying 1 resource from src\main\resources to target\classes
2025-12-23 12:32:58,961 [Worker-27: Building] INFO  o.a.m.s.f.DefaultMavenResourcesFiltering - Copying 0 resource from src\main\resources to target\classes
2025-12-23 12:32:58,963 [Worker-27: Building] INFO  o.a.m.s.f.DefaultMavenResourcesFiltering - skip non existing resourceDirectory E:\Full-stack\E_commerce\Order_Api\src\test\resources
2025-12-23 15:35:23,704 [Worker-27: Building] INFO  o.a.m.s.f.DefaultMavenResourcesFiltering - Copying 1 resource from src\main\resources to target\classes
2025-12-23 15:35:23,720 [Worker-27: Building] INFO  o.a.m.s.f.DefaultMavenResourcesFiltering - Copying 0 resource from src\main\resources to target\classes
2025-12-23 15:35:23,724 [Worker-27: Building] INFO  o.a.m.s.f.DefaultMavenResourcesFiltering - skip non existing resourceDirectory E:\Full-stack\E_commerce\Order_Api\src\test\resources
2025-12-23 15:41:13,158 [Worker-31: Building] INFO  o.a.m.s.f.DefaultMavenResourcesFiltering - Copying 1 resource from src\main\resources to target\classes
2025-12-23 15:41:13,167 [Worker-31: Building] INFO  o.a.m.s.f.DefaultMavenResourcesFiltering - Copying 0 resource from src\main\resources to target\classes
2025-12-23 15:41:13,172 [Worker-31: Building] INFO  o.a.m.s.f.DefaultMavenResourcesFiltering - skip non existing resourceDirectory E:\Full-stack\E_commerce\Order_Api\src\test\resources
2025-12-23 16:42:55,259 [Worker-40: Building] INFO  o.a.m.s.f.DefaultMavenResourcesFiltering - Copying 1 resource from src\main\resources to target\classes
2025-12-23 16:42:55,290 [Worker-40: Building] INFO  o.a.m.s.f.DefaultMavenResourcesFiltering - Copying 0 resource from src\main\resources to target\classes
2025-12-23 16:42:55,296 [Worker-40: Building] INFO  o.a.m.s.f.DefaultMavenResourcesFiltering - skip non existing resourceDirectory E:\Full-stack\E_commerce\Order_Api\src\test\resources
2025-12-26 11:04:54,623 [Worker-2: Loading available Gradle versions] INFO  o.e.b.c.i.u.g.PublishedGradleVersions - Gradle version information cache is up-to-date. Trying to read.
2025-12-26 15:11:30,936 [Worker-28: Building] INFO  o.a.m.s.f.DefaultMavenResourcesFiltering - Copying 1 resource from src\main\resources to target\classes
2025-12-26 15:11:30,988 [Worker-28: Building] INFO  o.a.m.s.f.DefaultMavenResourcesFiltering - Copying 0 resource from src\main\resources to target\classes
2025-12-26 15:11:30,995 [Worker-28: Building] INFO  o.a.m.s.f.DefaultMavenResourcesFiltering - skip non existing resourceDirectory E:\Full-stack\E_commerce\Order_Api\src\test\resources
2025-12-26 17:25:18,274 [Worker-35: Building] INFO  o.a.m.s.f.DefaultMavenResourcesFiltering - Copying 1 resource from src\main\resources to target\classes
2025-12-26 17:25:18,307 [Worker-35: Building] INFO  o.a.m.s.f.DefaultMavenResourcesFiltering - Copying 0 resource from src\main\resources to target\classes
2025-12-26 17:25:18,315 [Worker-35: Building] INFO  o.a.m.s.f.DefaultMavenResourcesFiltering - skip non existing resourceDirectory E:\Full-stack\E_commerce\Order_Api\src\test\resources
2025-12-27 09:54:53,177 [Worker-9: Loading available Gradle versions] INFO  o.e.b.c.i.u.g.PublishedGradleVersions - Gradle version information cache is up-to-date. Trying to read.
2025-12-27 11:44:35,620 [Worker-2: Loading available Gradle versions] INFO  o.e.b.c.i.u.g.PublishedGradleVersions - Gradle version information cache is out-of-date. Trying to update.
2025-12-27 15:25:49,795 [Worker-21: Building] INFO  o.a.m.s.f.DefaultMavenResourcesFiltering - Copying 1 resource from src\main\resources to target\classes
2025-12-27 15:25:49,809 [Worker-21: Building] INFO  o.a.m.s.f.DefaultMavenResourcesFiltering - Copying 0 resource from src\main\resources to target\classes
2025-12-27 15:25:49,813 [Worker-21: Building] INFO  o.a.m.s.f.DefaultMavenResourcesFiltering - skip non existing resourceDirectory E:\Full-stack\E_commerce\Order_Api\src\test\resources
2025-12-30 11:01:19,101 [Worker-2: Loading available Gradle versions] INFO  o.e.b.c.i.u.g.PublishedGradleVersions - Gradle version information cache is out-of-date. Trying to update.
2025-12-30 11:02:57,901 [Worker-7: Building] INFO  o.a.m.s.f.DefaultMavenResourcesFiltering - Copying 1 resource from src\main\resources to target\classes
2025-12-30 11:02:57,917 [Worker-7: Building] INFO  o.a.m.s.f.DefaultMavenResourcesFiltering - Copying 0 resource from src\main\resources to target\classes
2025-12-30 11:02:57,922 [Worker-7: Building] INFO  o.a.m.s.f.DefaultMavenResourcesFiltering - skip non existing resourceDirectory E:\Full-stack\E_commerce\Order_Api\src\test\resources
2025-12-30 11:04:32,523 [Worker-3: Building] INFO  o.a.m.s.f.DefaultMavenResourcesFiltering - Copying 1 resource from src\main\resources to target\classes
2025-12-30 11:04:32,531 [Worker-3: Building] INFO  o.a.m.s.f.DefaultMavenResourcesFiltering - Copying 0 resource from src\main\resources to target\classes
2025-12-30 11:04:32,534 [Worker-3: Building] INFO  o.a.m.s.f.DefaultMavenResourcesFiltering - skip non existing resourceDirectory E:\Full-stack\E_commerce\Order_Api\src\test\resources
2025-12-30 16:27:44,776 [Worker-5: Building] INFO  o.a.m.s.f.DefaultMavenResourcesFiltering - Copying 1 resource from src\main\resources to target\classes
2025-12-30 16:27:44,807 [Worker-5: Building] INFO  o.a.m.s.f.DefaultMavenResourcesFiltering - Copying 0 resource from src\main\resources to target\classes
2025-12-30 16:27:44,812 [Worker-5: Building] INFO  o.a.m.s.f.DefaultMavenResourcesFiltering - skip non existing resourceDirectory E:\Full-stack\E_commerce\Order_Api\src\test\resources
2026-01-05 12:16:03,763 [Worker-12: Building] INFO  o.a.m.s.f.DefaultMavenResourcesFiltering - Copying 1 resource from src\main\resources to target\classes
2026-01-05 12:16:03,782 [Worker-12: Building] INFO  o.a.m.s.f.DefaultMavenResourcesFiltering - Copying 0 resource from src\main\resources to target\classes
2026-01-05 12:16:03,787 [Worker-12: Building] INFO  o.a.m.s.f.DefaultMavenResourcesFiltering - skip non existing resourceDirectory E:\Full-stack\E_commerce\Order_Api\src\test\resources
2026-01-05 12:16:31,641 [Worker-12: Building] INFO  o.a.m.s.f.DefaultMavenResourcesFiltering - Copying 1 resource from src\main\resources to target\classes
2026-01-05 12:16:31,646 [Worker-12: Building] INFO  o.a.m.s.f.DefaultMavenResourcesFiltering - Copying 0 resource from src\main\resources to target\classes
2026-01-05 12:16:31,649 [Worker-12: Building] INFO  o.a.m.s.f.DefaultMavenResourcesFiltering - skip non existing resourceDirectory E:\Full-stack\E_commerce\Order_Api\src\test\resources
2026-01-05 12:18:50,819 [Worker-19: Building] INFO  o.a.m.s.f.DefaultMavenResourcesFiltering - Copying 1 resource from src\main\resources to target\classes
2026-01-05 12:18:50,825 [Worker-19: Building] INFO  o.a.m.s.f.DefaultMavenResourcesFiltering - Copying 0 resource from src\main\resources to target\classes
2026-01-05 12:18:50,829 [Worker-19: Building] INFO  o.a.m.s.f.DefaultMavenResourcesFiltering - skip non existing resourceDirectory E:\Full-stack\E_commerce\Order_Api\src\test\resources
2026-01-05 12:21:07,393 [Worker-21: Building] INFO  o.a.m.s.f.DefaultMavenResourcesFiltering - Copying 1 resource from src\main\resources to target\classes
2026-01-05 12:21:07,397 [Worker-21: Building] INFO  o.a.m.s.f.DefaultMavenResourcesFiltering - Copying 0 resource from src\main\resources to target\classes
2026-01-05 12:21:07,400 [Worker-21: Building] INFO  o.a.m.s.f.DefaultMavenResourcesFiltering - skip non existing resourceDirectory E:\Full-stack\E_commerce\Order_Api\src\test\resources
2026-01-05 12:21:31,955 [Worker-23: Loading available Gradle versions] INFO  o.e.b.c.i.u.g.PublishedGradleVersions - Gradle version information cache is out-of-date. Trying to update.
2026-01-05 12:22:49,742 [Worker-22: Building] INFO  o.a.m.s.f.DefaultMavenResourcesFiltering - Copying 1 resource from src\main\resources to target\classes
2026-01-05 12:22:49,747 [Worker-22: Building] INFO  o.a.m.s.f.DefaultMavenResourcesFiltering - Copying 0 resource from src\main\resources to target\classes
2026-01-05 12:22:49,749 [Worker-22: Building] INFO  o.a.m.s.f.DefaultMavenResourcesFiltering - skip non existing resourceDirectory E:\Full-stack\E_commerce\Order_Api\src\test\resources
2026-01-05 12:24:01,943 [Worker-23: Building] INFO  o.a.m.s.f.DefaultMavenResourcesFiltering - Copying 1 resource from src\main\resources to target\classes
2026-01-05 12:24:01,948 [Worker-23: Building] INFO  o.a.m.s.f.DefaultMavenResourcesFiltering - Copying 0 resource from src\main\resources to target\classes
2026-01-05 12:24:01,951 [Worker-23: Building] INFO  o.a.m.s.f.DefaultMavenResourcesFiltering - skip non existing resourceDirectory E:\Full-stack\E_commerce\Order_Api\src\test\resources
2026-01-05 12:24:25,689 [Worker-23: Building] INFO  o.a.m.s.f.DefaultMavenResourcesFiltering - Copying 1 resource from src\main\resources to target\classes
2026-01-05 12:24:25,693 [Worker-23: Building] INFO  o.a.m.s.f.DefaultMavenResourcesFiltering - Copying 0 resource from src\main\resources to target\classes
2026-01-05 12:24:25,696 [Worker-23: Building] INFO  o.a.m.s.f.DefaultMavenResourcesFiltering - skip non existing resourceDirectory E:\Full-stack\E_commerce\Order_Api\src\test\resources
2026-01-05 12:26:08,495 [Worker-23: Building] INFO  o.a.m.s.f.DefaultMavenResourcesFiltering - Copying 1 resource from src\main\resources to target\classes
2026-01-05 12:26:08,499 [Worker-23: Building] INFO  o.a.m.s.f.DefaultMavenResourcesFiltering - Copying 0 resource from src\main\resources to target\classes
2026-01-05 12:26:08,502 [Worker-23: Building] INFO  o.a.m.s.f.DefaultMavenResourcesFiltering - skip non existing resourceDirectory E:\Full-stack\E_commerce\Order_Api\src\test\resources
2026-01-05 12:29:45,621 [Worker-28: Building] INFO  o.a.m.s.f.DefaultMavenResourcesFiltering - Copying 1 resource from src\main\resources to target\classes
2026-01-05 12:29:45,627 [Worker-28: Building] INFO  o.a.m.s.f.DefaultMavenResourcesFiltering - Copying 0 resource from src\main\resources to target\classes
2026-01-05 12:29:45,630 [Worker-28: Building] INFO  o.a.m.s.f.DefaultMavenResourcesFiltering - skip non existing resourceDirectory E:\Full-stack\E_commerce\Order_Api\src\test\resources
2026-01-05 12:33:10,516 [Worker-31: Building] INFO  o.a.m.s.f.DefaultMavenResourcesFiltering - Copying 1 resource from src\main\resources to target\classes
2026-01-05 12:33:10,521 [Worker-31: Building] INFO  o.a.m.s.f.DefaultMavenResourcesFiltering - Copying 0 resource from src\main\resources to target\classes
2026-01-05 12:33:10,524 [Worker-31: Building] INFO  o.a.m.s.f.DefaultMavenResourcesFiltering - skip non existing resourceDirectory E:\Full-stack\E_commerce\Order_Api\src\test\resources
2026-01-06 11:09:13,209 [Worker-8: Loading available Gradle versions] INFO  o.e.b.c.i.u.g.PublishedGradleVersions - Gradle version information cache is up-to-date. Trying to read.
2026-01-06 11:30:28,563 [Worker-14: Building] INFO  o.a.m.s.f.DefaultMavenResourcesFiltering - Copying 1 resource from src\main\resources to target\classes
2026-01-06 11:30:28,579 [Worker-14: Building] INFO  o.a.m.s.f.DefaultMavenResourcesFiltering - Copying 0 resource from src\main\resources to target\classes
2026-01-06 11:30:28,584 [Worker-14: Building] INFO  o.a.m.s.f.DefaultMavenResourcesFiltering - skip non existing resourceDirectory E:\Full-stack\E_commerce\Order_Api\src\test\resources
2026-01-06 12:28:25,672 [Worker-16: Building] INFO  o.a.m.s.f.DefaultMavenResourcesFiltering - Copying 1 resource from src\main\resources to target\classes
2026-01-06 12:28:25,678 [Worker-16: Building] INFO  o.a.m.s.f.DefaultMavenResourcesFiltering - Copying 0 resource from src\main\resources to target\classes
2026-01-06 12:28:25,684 [Worker-16: Building] INFO  o.a.m.s.f.DefaultMavenResourcesFiltering - skip non existing resourceDirectory E:\Full-stack\E_commerce\Order_Api\src\test\resources
2026-01-06 12:30:35,383 [Worker-19: Building] INFO  o.a.m.s.f.DefaultMavenResourcesFiltering - Copying 1 resource from src\main\resources to target\classes
2026-01-06 12:30:35,389 [Worker-19: Building] INFO  o.a.m.s.f.DefaultMavenResourcesFiltering - Copying 0 resource from src\main\resources to target\classes
2026-01-06 12:30:35,393 [Worker-19: Building] INFO  o.a.m.s.f.DefaultMavenResourcesFiltering - skip non existing resourceDirectory E:\Full-stack\E_commerce\Order_Api\src\test\resources
2026-01-06 12:32:01,086 [Worker-21: Building] INFO  o.a.m.s.f.DefaultMavenResourcesFiltering - Copying 1 resource from src\main\resources to target\classes
2026-01-06 12:32:01,092 [Worker-21: Building] INFO  o.a.m.s.f.DefaultMavenResourcesFiltering - Copying 0 resource from src\main\resources to target\classes
2026-01-06 12:32:01,096 [Worker-21: Building] INFO  o.a.m.s.f.DefaultMavenResourcesFiltering - skip non existing resourceDirectory E:\Full-stack\E_commerce\Order_Api\src\test\resources
2026-01-06 12:35:44,176 [Worker-24: Building] INFO  o.a.m.s.f.DefaultMavenResourcesFiltering - Copying 1 resource from src\main\resources to target\classes
2026-01-06 12:35:44,182 [Worker-24: Building] INFO  o.a.m.s.f.DefaultMavenResourcesFiltering - Copying 0 resource from src\main\resources to target\classes
2026-01-06 12:35:44,186 [Worker-24: Building] INFO  o.a.m.s.f.DefaultMavenResourcesFiltering - skip non existing resourceDirectory E:\Full-stack\E_commerce\Order_Api\src\test\resources
2026-01-06 12:39:28,568 [Worker-25: Building] INFO  o.a.m.s.f.DefaultMavenResourcesFiltering - Copying 1 resource from src\main\resources to target\classes
2026-01-06 12:39:28,572 [Worker-25: Building] INFO  o.a.m.s.f.DefaultMavenResourcesFiltering - Copying 0 resource from src\main\resources to target\classes
2026-01-06 12:39:28,576 [Worker-25: Building] INFO  o.a.m.s.f.DefaultMavenResourcesFiltering - skip non existing resourceDirectory E:\Full-stack\E_commerce\Order_Api\src\test\resources
2026-01-06 12:43:11,346 [Worker-26: Building] INFO  o.a.m.s.f.DefaultMavenResourcesFiltering - Copying 1 resource from src\main\resources to target\classes
2026-01-06 12:43:11,351 [Worker-26: Building] INFO  o.a.m.s.f.DefaultMavenResourcesFiltering - Copying 0 resource from src\main\resources to target\classes
2026-01-06 12:43:11,354 [Worker-26: Building] INFO  o.a.m.s.f.DefaultMavenResourcesFiltering - skip non existing resourceDirectory E:\Full-stack\E_commerce\Order_Api\src\test\resources
2026-01-06 12:47:06,806 [Worker-35: Building] INFO  o.a.m.s.f.DefaultMavenResourcesFiltering - Copying 1 resource from src\main\resources to target\classes
2026-01-06 12:47:06,811 [Worker-35: Building] INFO  o.a.m.s.f.DefaultMavenResourcesFiltering - Copying 0 resource from src\main\resources to target\classes
2026-01-06 12:47:06,814 [Worker-35: Building] INFO  o.a.m.s.f.DefaultMavenResourcesFiltering - skip non existing resourceDirectory E:\Full-stack\E_commerce\Order_Api\src\test\resources
2026-01-06 13:40:05,954 [Worker-44: Building] INFO  o.a.m.s.f.DefaultMavenResourcesFiltering - Copying 1 resource from src\main\resources to target\classes
2026-01-06 13:40:05,960 [Worker-44: Building] INFO  o.a.m.s.f.DefaultMavenResourcesFiltering - Copying 0 resource from src\main\resources to target\classes
2026-01-06 13:40:05,963 [Worker-44: Building] INFO  o.a.m.s.f.DefaultMavenResourcesFiltering - skip non existing resourceDirectory E:\Full-stack\E_commerce\Order_Api\src\test\resources
2026-01-06 13:41:33,259 [Worker-43: Building] INFO  o.a.m.s.f.DefaultMavenResourcesFiltering - Copying 1 resource from src\main\resources to target\classes
2026-01-06 13:41:33,264 [Worker-43: Building] INFO  o.a.m.s.f.DefaultMavenResourcesFiltering - Copying 0 resource from src\main\resources to target\classes
2026-01-06 13:41:33,268 [Worker-43: Building] INFO  o.a.m.s.f.DefaultMavenResourcesFiltering - skip non existing resourceDirectory E:\Full-stack\E_commerce\Order_Api\src\test\resources
2026-01-06 13:43:23,404 [Worker-43: Building] INFO  o.a.m.s.f.DefaultMavenResourcesFiltering - Copying 1 resource from src\main\resources to target\classes
2026-01-06 13:43:23,412 [Worker-43: Building] INFO  o.a.m.s.f.DefaultMavenResourcesFiltering - Copying 0 resource from src\main\resources to target\classes
2026-01-06 13:43:23,415 [Worker-43: Building] INFO  o.a.m.s.f.DefaultMavenResourcesFiltering - skip non existing resourceDirectory E:\Full-stack\E_commerce\Order_Api\src\test\resources
2026-01-06 13:52:57,396 [Worker-42: Building] INFO  o.a.m.s.f.DefaultMavenResourcesFiltering - Copying 1 resource from src\main\resources to target\classes
2026-01-06 13:52:57,402 [Worker-42: Building] INFO  o.a.m.s.f.DefaultMavenResourcesFiltering - Copying 0 resource from src\main\resources to target\classes
2026-01-06 13:52:57,405 [Worker-42: Building] INFO  o.a.m.s.f.DefaultMavenResourcesFiltering - skip non existing resourceDirectory E:\Full-stack\E_commerce\Order_Api\src\test\resources
2026-01-06 13:53:43,914 [Worker-39: Building] INFO  o.a.m.s.f.DefaultMavenResourcesFiltering - Copying 1 resource from src\main\resources to target\classes
2026-01-06 13:53:43,919 [Worker-39: Building] INFO  o.a.m.s.f.DefaultMavenResourcesFiltering - Copying 0 resource from src\main\resources to target\classes
2026-01-06 13:53:43,922 [Worker-39: Building] INFO  o.a.m.s.f.DefaultMavenResourcesFiltering - skip non existing resourceDirectory E:\Full-stack\E_commerce\Order_Api\src\test\resources
2026-01-06 13:54:21,230 [Worker-42: Building] INFO  o.a.m.s.f.DefaultMavenResourcesFiltering - Copying 1 resource from src\main\resources to target\classes
2026-01-06 13:54:21,234 [Worker-42: Building] INFO  o.a.m.s.f.DefaultMavenResourcesFiltering - Copying 0 resource from src\main\resources to target\classes
2026-01-06 13:54:21,236 [Worker-42: Building] INFO  o.a.m.s.f.DefaultMavenResourcesFiltering - skip non existing resourceDirectory E:\Full-stack\E_commerce\Order_Api\src\test\resources
2026-01-06 13:54:29,596 [Worker-48: Building] INFO  o.a.m.s.f.DefaultMavenResourcesFiltering - Copying 1 resource from src\main\resources to target\classes
2026-01-06 13:54:29,602 [Worker-48: Building] INFO  o.a.m.s.f.DefaultMavenResourcesFiltering - Copying 0 resource from src\main\resources to target\classes
2026-01-06 13:54:29,605 [Worker-48: Building] INFO  o.a.m.s.f.DefaultMavenResourcesFiltering - skip non existing resourceDirectory E:\Full-stack\E_commerce\Order_Api\src\test\resources
2026-01-07 11:05:35,668 [Worker-12: Loading available Gradle versions] INFO  o.e.b.c.i.u.g.PublishedGradleVersions - Gradle version information cache is out-of-date. Trying to update.
2026-01-07 12:58:23,608 [Worker-9: Building] INFO  o.a.m.s.f.DefaultMavenResourcesFiltering - Copying 1 resource from src\main\resources to target\classes
2026-01-07 12:58:23,622 [Worker-9: Building] INFO  o.a.m.s.f.DefaultMavenResourcesFiltering - Copying 0 resource from src\main\resources to target\classes
2026-01-07 12:58:23,626 [Worker-9: Building] INFO  o.a.m.s.f.DefaultMavenResourcesFiltering - skip non existing resourceDirectory E:\Full-stack\E_commerce\Order_Api\src\test\resources
2026-01-07 12:59:12,660 [Worker-17: Building] INFO  o.e.m.c.i.l.LifecycleMappingFactory - Using org.eclipse.m2e.jdt.JarLifecycleMapping lifecycle mapping for MavenProject: com.example:Product_Api:0.0.1-SNAPSHOT @ E:\Full-stack\E_commerce\Product_Api\pom.xml.
2026-01-07 12:59:17,720 [Worker-20: Updating Maven Dependencies] INFO  o.e.m.c.i.l.LifecycleMappingFactory - Using org.eclipse.m2e.jdt.JarLifecycleMapping lifecycle mapping for MavenProject: com.example:Product_Api:0.0.1-SNAPSHOT @ E:\Full-stack\E_commerce\Product_Api\pom.xml.
2026-01-07 12:59:54,215 [Worker-6: Building] INFO  o.e.m.c.i.l.LifecycleMappingFactory - Using org.eclipse.m2e.jdt.JarLifecycleMapping lifecycle mapping for MavenProject: in.ashokit:Order_Api:0.0.1-SNAPSHOT @ E:\Full-stack\E_commerce\Order_Api\pom.xml.
2026-01-07 12:59:55,160 [Worker-6: Building] INFO  o.a.m.s.f.DefaultMavenResourcesFiltering - Copying 0 resource from src\main\resources to target\classes
2026-01-07 12:59:55,160 [Worker-6: Building] INFO  o.a.m.s.f.DefaultMavenResourcesFiltering - Copying 0 resource from src\main\resources to target\classes
2026-01-07 12:59:55,164 [Worker-6: Building] INFO  o.a.m.s.f.DefaultMavenResourcesFiltering - skip non existing resourceDirectory E:\Full-stack\E_commerce\Order_Api\src\test\resources
2026-01-07 12:59:56,705 [Worker-16: Building] INFO  o.a.m.s.f.DefaultMavenResourcesFiltering - Copying 1 resource from src\main\resources to target\classes
2026-01-07 12:59:56,718 [Worker-16: Building] INFO  o.a.m.s.f.DefaultMavenResourcesFiltering - Copying 0 resource from src\main\resources to target\classes
2026-01-07 12:59:56,721 [Worker-16: Building] INFO  o.a.m.s.f.DefaultMavenResourcesFiltering - skip non existing resourceDirectory E:\Full-stack\E_commerce\Order_Api\src\test\resources
2026-01-07 13:01:17,311 [Worker-17: Building] INFO  o.e.m.c.i.l.LifecycleMappingFactory - Using org.eclipse.m2e.jdt.JarLifecycleMapping lifecycle mapping for MavenProject: com.example:Customer_Api:0.0.1-SNAPSHOT @ E:\Full-stack\E_commerce\Customer_Api\pom.xml.
2026-01-07 13:01:19,382 [Worker-17: Building] INFO  o.a.m.s.f.DefaultMavenResourcesFiltering - Copying 1 resource from src\main\resources to target\classes
2026-01-07 13:01:19,399 [Worker-17: Building] INFO  o.a.m.s.f.DefaultMavenResourcesFiltering - Copying 0 resource from src\main\resources to target\classes
2026-01-07 13:01:19,403 [Worker-17: Building] INFO  o.a.m.s.f.DefaultMavenResourcesFiltering - skip non existing resourceDirectory E:\Full-stack\E_commerce\Customer_Api\src\test\resources
2026-01-07 13:01:20,498 [Worker-17: Updating Maven Dependencies] INFO  o.e.m.c.i.l.LifecycleMappingFactory - Using org.eclipse.m2e.jdt.JarLifecycleMapping lifecycle mapping for MavenProject: com.example:Customer_Api:0.0.1-SNAPSHOT @ E:\Full-stack\E_commerce\Customer_Api\pom.xml.
2026-01-07 13:01:41,174 [Worker-6: Building] INFO  o.e.m.c.i.l.LifecycleMappingFactory - Using org.eclipse.m2e.jdt.JarLifecycleMapping lifecycle mapping for MavenProject: in.ashokit:Order_Api:0.0.1-SNAPSHOT @ E:\Full-stack\E_commerce\Order_Api\pom.xml.
2026-01-07 13:01:42,095 [Worker-6: Building] INFO  o.a.m.s.f.DefaultMavenResourcesFiltering - Copying 0 resource from src\main\resources to target\classes
2026-01-07 13:01:42,095 [Worker-6: Building] INFO  o.a.m.s.f.DefaultMavenResourcesFiltering - Copying 0 resource from src\main\resources to target\classes
2026-01-07 13:01:42,101 [Worker-6: Building] INFO  o.a.m.s.f.DefaultMavenResourcesFiltering - skip non existing resourceDirectory E:\Full-stack\E_commerce\Order_Api\src\test\resources
2026-01-07 13:01:43,783 [Worker-19: Building] INFO  o.a.m.s.f.DefaultMavenResourcesFiltering - Copying 1 resource from src\main\resources to target\classes
2026-01-07 13:01:43,798 [Worker-19: Building] INFO  o.a.m.s.f.DefaultMavenResourcesFiltering - Copying 0 resource from src\main\resources to target\classes
2026-01-07 13:01:43,801 [Worker-19: Building] INFO  o.a.m.s.f.DefaultMavenResourcesFiltering - skip non existing resourceDirectory E:\Full-stack\E_commerce\Order_Api\src\test\resources
2026-01-07 13:09:27,170 [Worker-21: Building] INFO  o.a.m.s.f.DefaultMavenResourcesFiltering - Copying 1 resource from src\main\resources to target\classes
2026-01-07 13:09:27,178 [Worker-21: Building] INFO  o.a.m.s.f.DefaultMavenResourcesFiltering - Copying 0 resource from src\main\resources to target\classes
2026-01-07 13:09:27,182 [Worker-21: Building] INFO  o.a.m.s.f.DefaultMavenResourcesFiltering - skip non existing resourceDirectory E:\Full-stack\E_commerce\Order_Api\src\test\resources
2026-01-07 15:43:04,333 [Worker-13: Loading available Gradle versions] INFO  o.e.b.c.i.u.g.PublishedGradleVersions - Gradle version information cache is up-to-date. Trying to read.
2026-01-08 11:20:55,708 [Worker-2: Loading available Gradle versions] INFO  o.e.b.c.i.u.g.PublishedGradleVersions - Gradle version information cache is up-to-date. Trying to read.
2026-01-08 11:21:34,207 [Worker-2: Building] INFO  o.a.m.s.f.DefaultMavenResourcesFiltering - Copying 1 resource from src\main\resources to target\classes
2026-01-08 11:21:34,221 [Worker-2: Building] INFO  o.a.m.s.f.DefaultMavenResourcesFiltering - Copying 0 resource from src\main\resources to target\classes
2026-01-08 11:21:34,224 [Worker-2: Building] INFO  o.a.m.s.f.DefaultMavenResourcesFiltering - skip non existing resourceDirectory E:\Full-stack\E_commerce\Order_Api\src\test\resources
2026-01-08 11:22:31,026 [Worker-0: Building] INFO  o.a.m.s.f.DefaultMavenResourcesFiltering - Copying 1 resource from src\main\resources to target\classes
2026-01-08 11:22:31,033 [Worker-0: Building] INFO  o.a.m.s.f.DefaultMavenResourcesFiltering - Copying 0 resource from src\main\resources to target\classes
2026-01-08 11:22:31,037 [Worker-0: Building] INFO  o.a.m.s.f.DefaultMavenResourcesFiltering - skip non existing resourceDirectory E:\Full-stack\E_commerce\Order_Api\src\test\resources
2026-01-08 11:22:53,932 [Worker-4: Building] INFO  o.a.m.s.f.DefaultMavenResourcesFiltering - Copying 1 resource from src\main\resources to target\classes
2026-01-08 11:22:53,939 [Worker-4: Building] INFO  o.a.m.s.f.DefaultMavenResourcesFiltering - Copying 0 resource from src\main\resources to target\classes
2026-01-08 11:22:53,944 [Worker-4: Building] INFO  o.a.m.s.f.DefaultMavenResourcesFiltering - skip non existing resourceDirectory E:\Full-stack\E_commerce\Order_Api\src\test\resources
2026-01-08 11:23:24,477 [Worker-10: Building] INFO  o.a.m.s.f.DefaultMavenResourcesFiltering - Copying 1 resource from src\main\resources to target\classes
2026-01-08 11:23:24,482 [Worker-10: Building] INFO  o.a.m.s.f.DefaultMavenResourcesFiltering - Copying 0 resource from src\main\resources to target\classes
2026-01-08 11:23:24,485 [Worker-10: Building] INFO  o.a.m.s.f.DefaultMavenResourcesFiltering - skip non existing resourceDirectory E:\Full-stack\E_commerce\Order_Api\src\test\resources
2026-01-08 11:26:19,601 [Worker-4: Building] INFO  o.e.m.c.i.l.LifecycleMappingFactory - Using org.eclipse.m2e.jdt.JarLifecycleMapping lifecycle mapping for MavenProject: in.ashokit:Order_Api:0.0.1-SNAPSHOT @ E:\Full-stack\E_commerce\Order_Api\pom.xml.
2026-01-08 11:26:21,294 [Worker-4: Building] INFO  o.a.m.s.f.DefaultMavenResourcesFiltering - Copying 0 resource from src\main\resources to target\classes
2026-01-08 11:26:21,295 [Worker-4: Building] INFO  o.a.m.s.f.DefaultMavenResourcesFiltering - Copying 0 resource from src\main\resources to target\classes
2026-01-08 11:26:21,299 [Worker-4: Building] INFO  o.a.m.s.f.DefaultMavenResourcesFiltering - skip non existing resourceDirectory E:\Full-stack\E_commerce\Order_Api\src\test\resources
2026-01-08 11:26:22,615 [Worker-12: Download sources and javadoc] INFO  o.e.m.c.i.e.AbstractTransferListenerAdapter - Downloading https://repo.maven.apache.org/maven2/commons-codec/commons-codec/1.19.0/commons-codec-1.19.0-sources.jar
2026-01-08 11:26:22,905 [Worker-9: Building] INFO  o.a.m.s.f.DefaultMavenResourcesFiltering - Copying 1 resource from src\main\resources to target\classes
2026-01-08 11:26:22,920 [Worker-9: Building] INFO  o.a.m.s.f.DefaultMavenResourcesFiltering - Copying 0 resource from src\main\resources to target\classes
2026-01-08 11:26:22,925 [Worker-9: Building] INFO  o.a.m.s.f.DefaultMavenResourcesFiltering - skip non existing resourceDirectory E:\Full-stack\E_commerce\Order_Api\src\test\resources
2026-01-08 11:26:23,078 [Worker-12: Download sources and javadoc] INFO  o.e.m.c.i.e.AbstractTransferListenerAdapter - Downloaded https://repo.maven.apache.org/maven2/commons-codec/commons-codec/1.19.0/commons-codec-1.19.0-sources.jar
2026-01-08 11:26:23,084 [Worker-12: Download sources and javadoc] INFO  o.e.m.j.internal.DownloadSourcesJob - Downloaded sources for commons-codec:commons-codec:1.19.0
2026-01-08 11:26:46,103 [Worker-4: Building] INFO  o.a.m.s.f.DefaultMavenResourcesFiltering - Copying 1 resource from src\main\resources to target\classes
2026-01-08 11:26:46,110 [Worker-4: Building] INFO  o.a.m.s.f.DefaultMavenResourcesFiltering - Copying 0 resource from src\main\resources to target\classes
2026-01-08 11:26:46,114 [Worker-4: Building] INFO  o.a.m.s.f.DefaultMavenResourcesFiltering - skip non existing resourceDirectory E:\Full-stack\E_commerce\Order_Api\src\test\resources
2026-01-08 11:26:54,901 [Worker-13: Building] INFO  o.a.m.s.f.DefaultMavenResourcesFiltering - Copying 1 resource from src\main\resources to target\classes
2026-01-08 11:26:54,905 [Worker-13: Building] INFO  o.a.m.s.f.DefaultMavenResourcesFiltering - Copying 0 resource from src\main\resources to target\classes
2026-01-08 11:26:54,908 [Worker-13: Building] INFO  o.a.m.s.f.DefaultMavenResourcesFiltering - skip non existing resourceDirectory E:\Full-stack\E_commerce\Order_Api\src\test\resources
2026-01-08 11:33:06,615 [Worker-2: Building] INFO  o.a.m.s.f.DefaultMavenResourcesFiltering - Copying 1 resource from src\main\resources to target\classes
2026-01-08 11:33:06,622 [Worker-2: Building] INFO  o.a.m.s.f.DefaultMavenResourcesFiltering - Copying 0 resource from src\main\resources to target\classes
2026-01-08 11:33:06,628 [Worker-2: Building] INFO  o.a.m.s.f.DefaultMavenResourcesFiltering - skip non existing resourceDirectory E:\Full-stack\E_commerce\Order_Api\src\test\resources
2026-01-08 11:33:22,933 [Worker-11: Building] INFO  o.a.m.s.f.DefaultMavenResourcesFiltering - Copying 1 resource from src\main\resources to target\classes
2026-01-08 11:33:22,940 [Worker-11: Building] INFO  o.a.m.s.f.DefaultMavenResourcesFiltering - Copying 0 resource from src\main\resources to target\classes
2026-01-08 11:33:22,944 [Worker-11: Building] INFO  o.a.m.s.f.DefaultMavenResourcesFiltering - skip non existing resourceDirectory E:\Full-stack\E_commerce\Order_Api\src\test\resources
2026-01-08 11:34:39,961 [Worker-8: Building] INFO  o.a.m.s.f.DefaultMavenResourcesFiltering - Copying 1 resource from src\main\resources to target\classes
2026-01-08 11:34:39,968 [Worker-8: Building] INFO  o.a.m.s.f.DefaultMavenResourcesFiltering - Copying 0 resource from src\main\resources to target\classes
2026-01-08 11:34:39,971 [Worker-8: Building] INFO  o.a.m.s.f.DefaultMavenResourcesFiltering - skip non existing resourceDirectory E:\Full-stack\E_commerce\Order_Api\src\test\resources
2026-01-08 11:34:52,113 [Worker-9: Building] INFO  o.a.m.s.f.DefaultMavenResourcesFiltering - Copying 1 resource from src\main\resources to target\classes
2026-01-08 11:34:52,119 [Worker-9: Building] INFO  o.a.m.s.f.DefaultMavenResourcesFiltering - Copying 0 resource from src\main\resources to target\classes
2026-01-08 11:34:52,122 [Worker-9: Building] INFO  o.a.m.s.f.DefaultMavenResourcesFiltering - skip non existing resourceDirectory E:\Full-stack\E_commerce\Order_Api\src\test\resources
2026-01-08 11:35:05,603 [Worker-15: Building] INFO  o.a.m.s.f.DefaultMavenResourcesFiltering - Copying 1 resource from src\main\resources to target\classes
2026-01-08 11:35:05,609 [Worker-15: Building] INFO  o.a.m.s.f.DefaultMavenResourcesFiltering - Copying 0 resource from src\main\resources to target\classes
2026-01-08 11:35:05,612 [Worker-15: Building] INFO  o.a.m.s.f.DefaultMavenResourcesFiltering - skip non existing resourceDirectory E:\Full-stack\E_commerce\Order_Api\src\test\resources
2026-01-08 11:35:13,286 [Worker-14: Building] INFO  o.a.m.s.f.DefaultMavenResourcesFiltering - Copying 1 resource from src\main\resources to target\classes
2026-01-08 11:35:13,290 [Worker-14: Building] INFO  o.a.m.s.f.DefaultMavenResourcesFiltering - Copying 0 resource from src\main\resources to target\classes
2026-01-08 11:35:13,293 [Worker-14: Building] INFO  o.a.m.s.f.DefaultMavenResourcesFiltering - skip non existing resourceDirectory E:\Full-stack\E_commerce\Order_Api\src\test\resources
2026-01-08 11:35:18,791 [Worker-3: Building] INFO  o.a.m.s.f.DefaultMavenResourcesFiltering - Copying 1 resource from src\main\resources to target\classes
2026-01-08 11:35:18,797 [Worker-3: Building] INFO  o.a.m.s.f.DefaultMavenResourcesFiltering - Copying 0 resource from src\main\resources to target\classes
2026-01-08 11:35:18,801 [Worker-3: Building] INFO  o.a.m.s.f.DefaultMavenResourcesFiltering - skip non existing resourceDirectory E:\Full-stack\E_commerce\Order_Api\src\test\resources
2026-01-08 12:36:11,164 [Worker-16: Building] INFO  o.a.m.s.f.DefaultMavenResourcesFiltering - Copying 1 resource from src\main\resources to target\classes
2026-01-08 12:36:11,175 [Worker-16: Building] INFO  o.a.m.s.f.DefaultMavenResourcesFiltering - Copying 0 resource from src\main\resources to target\classes
2026-01-08 12:36:11,179 [Worker-16: Building] INFO  o.a.m.s.f.DefaultMavenResourcesFiltering - skip non existing resourceDirectory E:\Full-stack\E_commerce\Order_Api\src\test\resources
2026-01-08 12:40:29,919 [Worker-19: Building] INFO  o.a.m.s.f.DefaultMavenResourcesFiltering - Copying 1 resource from src\main\resources to target\classes
2026-01-08 12:40:29,938 [Worker-19: Building] INFO  o.a.m.s.f.DefaultMavenResourcesFiltering - Copying 0 resource from src\main\resources to target\classes
2026-01-08 12:40:29,941 [Worker-19: Building] INFO  o.a.m.s.f.DefaultMavenResourcesFiltering - skip non existing resourceDirectory E:\Full-stack\E_commerce\Order_Api\src\test\resources
2026-01-08 12:40:50,499 [Worker-18: Building] INFO  o.a.m.s.f.DefaultMavenResourcesFiltering - Copying 1 resource from src\main\resources to target\classes
2026-01-08 12:40:50,505 [Worker-18: Building] INFO  o.a.m.s.f.DefaultMavenResourcesFiltering - Copying 0 resource from src\main\resources to target\classes
2026-01-08 12:40:50,508 [Worker-18: Building] INFO  o.a.m.s.f.DefaultMavenResourcesFiltering - skip non existing resourceDirectory E:\Full-stack\E_commerce\Order_Api\src\test\resources
2026-01-08 12:43:46,518 [Worker-11: Building] INFO  o.a.m.s.f.DefaultMavenResourcesFiltering - Copying 1 resource from src\main\resources to target\classes
2026-01-08 12:43:46,539 [Worker-11: Building] INFO  o.a.m.s.f.DefaultMavenResourcesFiltering - Copying 0 resource from src\main\resources to target\classes
2026-01-08 12:43:46,548 [Worker-11: Building] INFO  o.a.m.s.f.DefaultMavenResourcesFiltering - skip non existing resourceDirectory E:\Full-stack\E_commerce\Order_Api\src\test\resources
2026-01-08 12:44:55,056 [Worker-19: Building] INFO  o.a.m.s.f.DefaultMavenResourcesFiltering - Copying 1 resource from src\main\resources to target\classes
2026-01-08 12:44:55,065 [Worker-19: Building] INFO  o.a.m.s.f.DefaultMavenResourcesFiltering - Copying 0 resource from src\main\resources to target\classes
2026-01-08 12:44:55,069 [Worker-19: Building] INFO  o.a.m.s.f.DefaultMavenResourcesFiltering - skip non existing resourceDirectory E:\Full-stack\E_commerce\Order_Api\src\test\resources
2026-01-08 12:45:12,523 [Worker-17: Building] INFO  o.a.m.s.f.DefaultMavenResourcesFiltering - Copying 1 resource from src\main\resources to target\classes
2026-01-08 12:45:12,530 [Worker-17: Building] INFO  o.a.m.s.f.DefaultMavenResourcesFiltering - Copying 0 resource from src\main\resources to target\classes
2026-01-08 12:45:12,535 [Worker-17: Building] INFO  o.a.m.s.f.DefaultMavenResourcesFiltering - skip non existing resourceDirectory E:\Full-stack\E_commerce\Order_Api\src\test\resources
2026-01-08 12:45:37,762 [Worker-11: Building] INFO  o.a.m.s.f.DefaultMavenResourcesFiltering - Copying 1 resource from src\main\resources to target\classes
2026-01-08 12:45:37,771 [Worker-11: Building] INFO  o.a.m.s.f.DefaultMavenResourcesFiltering - Copying 0 resource from src\main\resources to target\classes
2026-01-08 12:45:37,775 [Worker-11: Building] INFO  o.a.m.s.f.DefaultMavenResourcesFiltering - skip non existing resourceDirectory E:\Full-stack\E_commerce\Order_Api\src\test\resources
2026-01-08 12:47:02,971 [Worker-17: Building] INFO  o.a.m.s.f.DefaultMavenResourcesFiltering - Copying 1 resource from src\main\resources to target\classes
2026-01-08 12:47:02,979 [Worker-17: Building] INFO  o.a.m.s.f.DefaultMavenResourcesFiltering - Copying 0 resource from src\main\resources to target\classes
2026-01-08 12:47:02,985 [Worker-17: Building] INFO  o.a.m.s.f.DefaultMavenResourcesFiltering - skip non existing resourceDirectory E:\Full-stack\E_commerce\Order_Api\src\test\resources
2026-01-08 12:47:20,399 [Worker-18: Building] INFO  o.a.m.s.f.DefaultMavenResourcesFiltering - Copying 1 resource from src\main\resources to target\classes
2026-01-08 12:47:20,404 [Worker-18: Building] INFO  o.a.m.s.f.DefaultMavenResourcesFiltering - Copying 0 resource from src\main\resources to target\classes
2026-01-08 12:47:20,406 [Worker-18: Building] INFO  o.a.m.s.f.DefaultMavenResourcesFiltering - skip non existing resourceDirectory E:\Full-stack\E_commerce\Order_Api\src\test\resources
2026-01-10 10:12:44,953 [Worker-2: Loading available Gradle versions] INFO  o.e.b.c.i.u.g.PublishedGradleVersions - Gradle version information cache is up-to-date. Trying to read.
2026-01-10 11:40:00,273 [Worker-15: Building] INFO  o.a.m.s.f.DefaultMavenResourcesFiltering - Copying 1 resource from src\main\resources to target\classes
2026-01-10 11:40:00,288 [Worker-15: Building] INFO  o.a.m.s.f.DefaultMavenResourcesFiltering - Copying 0 resource from src\main\resources to target\classes
2026-01-10 11:40:00,292 [Worker-15: Building] INFO  o.a.m.s.f.DefaultMavenResourcesFiltering - skip non existing resourceDirectory E:\Full-stack\E_commerce\Order_Api\src\test\resources
2026-01-10 11:41:20,610 [Worker-15: Building] INFO  o.a.m.s.f.DefaultMavenResourcesFiltering - Copying 1 resource from src\main\resources to target\classes
2026-01-10 11:41:20,616 [Worker-15: Building] INFO  o.a.m.s.f.DefaultMavenResourcesFiltering - Copying 0 resource from src\main\resources to target\classes
2026-01-10 11:41:20,620 [Worker-15: Building] INFO  o.a.m.s.f.DefaultMavenResourcesFiltering - skip non existing resourceDirectory E:\Full-stack\E_commerce\Order_Api\src\test\resources
2026-01-10 11:41:35,427 [Worker-10: Building] INFO  o.a.m.s.f.DefaultMavenResourcesFiltering - Copying 1 resource from src\main\resources to target\classes
2026-01-10 11:41:35,433 [Worker-10: Building] INFO  o.a.m.s.f.DefaultMavenResourcesFiltering - Copying 0 resource from src\main\resources to target\classes
2026-01-10 11:41:35,436 [Worker-10: Building] INFO  o.a.m.s.f.DefaultMavenResourcesFiltering - skip non existing resourceDirectory E:\Full-stack\E_commerce\Order_Api\src\test\resources
2026-01-10 12:31:09,627 [Worker-25: Building] INFO  o.a.m.s.f.DefaultMavenResourcesFiltering - Copying 1 resource from src\main\resources to target\classes
2026-01-10 12:31:09,639 [Worker-25: Building] INFO  o.a.m.s.f.DefaultMavenResourcesFiltering - Copying 0 resource from src\main\resources to target\classes
2026-01-10 12:31:09,645 [Worker-25: Building] INFO  o.a.m.s.f.DefaultMavenResourcesFiltering - skip non existing resourceDirectory E:\Full-stack\E_commerce\Order_Api\src\test\resources
2026-01-10 12:34:54,011 [Worker-27: Building] INFO  o.a.m.s.f.DefaultMavenResourcesFiltering - Copying 1 resource from src\main\resources to target\classes
2026-01-10 12:34:54,018 [Worker-27: Building] INFO  o.a.m.s.f.DefaultMavenResourcesFiltering - Copying 0 resource from src\main\resources to target\classes
2026-01-10 12:34:54,022 [Worker-27: Building] INFO  o.a.m.s.f.DefaultMavenResourcesFiltering - skip non existing resourceDirectory E:\Full-stack\E_commerce\Order_Api\src\test\resources
2026-01-10 16:43:33,446 [Worker-7: Loading available Gradle versions] INFO  o.e.b.c.i.u.g.PublishedGradleVersions - Gradle version information cache is out-of-date. Trying to update.
2026-01-13 10:56:00,806 [Worker-6: Loading available Gradle versions] INFO  o.e.b.c.i.u.g.PublishedGradleVersions - Gradle version information cache is up-to-date. Trying to read.
2026-01-13 10:58:31,109 [Worker-3: Import Getting Started Content] INFO  o.e.m.c.i.l.LifecycleMappingFactory - Using org.eclipse.m2e.jdt.JarLifecycleMapping lifecycle mapping for MavenProject: in.ashokit:04-Notification-Api:0.0.1-SNAPSHOT @ E:\Full-stack\E_commerce\04-Notification-Api\pom.xml.
2026-01-13 10:58:36,784 [Worker-3: Import Getting Started Content] INFO  o.e.m.j.i.AbstractJavaProjectConfigurator - Adding source folder /04-Notification-Api/src/main/java
2026-01-13 10:58:36,786 [Worker-3: Import Getting Started Content] INFO  o.e.m.j.i.AbstractJavaProjectConfigurator - Adding resource folder /04-Notification-Api/src/main/resources
2026-01-13 10:58:36,789 [Worker-3: Import Getting Started Content] INFO  o.e.m.j.i.AbstractJavaProjectConfigurator - Adding resource folder /04-Notification-Api/src/main/resources
2026-01-13 10:58:36,791 [Worker-3: Import Getting Started Content] INFO  o.e.m.j.i.AbstractJavaProjectConfigurator - Adding source folder /04-Notification-Api/src/test/java
2026-01-13 10:58:36,792 [Worker-3: Import Getting Started Content] INFO  o.e.m.j.i.AbstractJavaProjectConfigurator - Adding resource folder /04-Notification-Api/src/test/resources
2026-01-13 10:58:41,714 [Worker-3: Import Getting Started Content] INFO  o.e.m.c.i.p.ProjectConfigurationManager - Imported and configured 1 project(s) in 13 sec
2026-01-13 10:58:41,717 [Worker-3: Import Getting Started Content] INFO  o.e.m.c.i.p.ProjectConfigurationManager - Update started
2026-01-13 10:58:43,826 [Worker-3: Import Getting Started Content] INFO  o.e.m.c.i.l.LifecycleMappingFactory - Using org.eclipse.m2e.jdt.JarLifecycleMapping lifecycle mapping for MavenProject: in.ashokit:04-Notification-Api:0.0.1-SNAPSHOT @ E:\Full-stack\E_commerce\04-Notification-Api\pom.xml.
2026-01-13 10:58:48,416 [Worker-3: Import Getting Started Content] INFO  o.e.m.j.i.AbstractJavaProjectConfigurator - Adding source folder /04-Notification-Api/src/main/java
2026-01-13 10:58:48,417 [Worker-3: Import Getting Started Content] INFO  o.e.m.j.i.AbstractJavaProjectConfigurator - Adding resource folder /04-Notification-Api/src/main/resources
2026-01-13 10:58:48,417 [Worker-3: Import Getting Started Content] INFO  o.e.m.j.i.AbstractJavaProjectConfigurator - Adding resource folder /04-Notification-Api/src/main/resources
2026-01-13 10:58:48,418 [Worker-3: Import Getting Started Content] INFO  o.e.m.j.i.AbstractJavaProjectConfigurator - Adding source folder /04-Notification-Api/src/test/java
2026-01-13 10:58:48,418 [Worker-3: Import Getting Started Content] INFO  o.e.m.j.i.AbstractJavaProjectConfigurator - Adding resource folder /04-Notification-Api/src/test/resources
2026-01-13 10:58:49,154 [Worker-3: Import Getting Started Content] INFO  o.e.m.c.i.p.ProjectConfigurationManager - Update completed for 1 poms: local refresh takes 0.00 sec, refresh facades takes 6.00 sec, update config takes 0.00 sec 
2026-01-13 10:58:49,215 [Worker-6: Updating Maven Project] INFO  o.e.m.c.i.p.ProjectConfigurationManager - Update started
2026-01-13 10:58:49,656 [Worker-6: Updating Maven Project] INFO  o.e.m.c.i.l.LifecycleMappingFactory - Using org.eclipse.m2e.jdt.JarLifecycleMapping lifecycle mapping for MavenProject: in.ashokit:04-Notification-Api:0.0.1-SNAPSHOT @ E:\Full-stack\E_commerce\04-Notification-Api\pom.xml.
2026-01-13 10:58:50,671 [Worker-6: Updating Maven Project] INFO  o.e.m.j.i.AbstractJavaProjectConfigurator - Adding source folder /04-Notification-Api/src/main/java
2026-01-13 10:58:50,672 [Worker-6: Updating Maven Project] INFO  o.e.m.j.i.AbstractJavaProjectConfigurator - Adding resource folder /04-Notification-Api/src/main/resources
2026-01-13 10:58:50,672 [Worker-6: Updating Maven Project] INFO  o.e.m.j.i.AbstractJavaProjectConfigurator - Adding resource folder /04-Notification-Api/src/main/resources
2026-01-13 10:58:50,673 [Worker-6: Updating Maven Project] INFO  o.e.m.j.i.AbstractJavaProjectConfigurator - Adding source folder /04-Notification-Api/src/test/java
2026-01-13 10:58:50,673 [Worker-6: Updating Maven Project] INFO  o.e.m.j.i.AbstractJavaProjectConfigurator - Adding resource folder /04-Notification-Api/src/test/resources
2026-01-13 10:58:51,318 [Worker-6: Updating Maven Project] INFO  o.e.m.c.i.p.ProjectConfigurationManager - Update completed for 1 poms: local refresh takes 0.00 sec, refresh facades takes 1.00 sec, update config takes 0.00 sec 
2026-01-13 10:58:52,832 [Worker-4: Building] INFO  o.a.m.s.f.DefaultMavenResourcesFiltering - Copying 1 resource from src\main\resources to target\classes
2026-01-13 10:58:52,851 [Worker-4: Building] INFO  o.a.m.s.f.DefaultMavenResourcesFiltering - Copying 0 resource from src\main\resources to target\classes
2026-01-13 10:58:52,857 [Worker-4: Building] INFO  o.a.m.s.f.DefaultMavenResourcesFiltering - skip non existing resourceDirectory E:\Full-stack\E_commerce\04-Notification-Api\src\test\resources
2026-01-13 10:59:10,959 [Worker-4: Building] INFO  o.e.m.c.i.l.LifecycleMappingFactory - Using org.eclipse.m2e.jdt.JarLifecycleMapping lifecycle mapping for MavenProject: in.ashokit:04-Notification-Api:0.0.1-SNAPSHOT @ E:\Full-stack\E_commerce\04-Notification-Api\pom.xml.
2026-01-13 10:59:11,329 [Worker-4: Building] INFO  o.e.m.c.i.e.AbstractTransferListenerAdapter - Downloading https://repo.maven.apache.org/maven2/org/springframework/boot/spring-boot-starter-mail/4.0.1/spring-boot-starter-mail-4.0.1.pom
2026-01-13 10:59:11,370 [Worker-4: Building] INFO  o.e.m.c.i.e.AbstractTransferListenerAdapter - Downloaded https://repo.maven.apache.org/maven2/org/springframework/boot/spring-boot-starter-mail/4.0.1/spring-boot-starter-mail-4.0.1.pom
2026-01-13 10:59:11,401 [Worker-4: Building] INFO  o.e.m.c.i.e.AbstractTransferListenerAdapter - Downloading https://repo.maven.apache.org/maven2/org/springframework/boot/spring-boot-mail/4.0.1/spring-boot-mail-4.0.1.pom
2026-01-13 10:59:11,428 [Worker-4: Building] INFO  o.e.m.c.i.e.AbstractTransferListenerAdapter - Downloaded https://repo.maven.apache.org/maven2/org/springframework/boot/spring-boot-mail/4.0.1/spring-boot-mail-4.0.1.pom
2026-01-13 10:59:11,796 [Worker-4: Building] INFO  o.e.m.c.i.e.AbstractTransferListenerAdapter - Downloading https://repo.maven.apache.org/maven2/org/springframework/boot/spring-boot-starter-mail/4.0.1/spring-boot-starter-mail-4.0.1.jar
2026-01-13 10:59:11,845 [Worker-4: Building] INFO  o.e.m.c.i.e.AbstractTransferListenerAdapter - Downloaded https://repo.maven.apache.org/maven2/org/springframework/boot/spring-boot-starter-mail/4.0.1/spring-boot-starter-mail-4.0.1.jar
2026-01-13 10:59:11,870 [BasicRepositoryConnector-repo.maven.apache.org-0-0] INFO  o.e.m.c.i.e.AbstractTransferListenerAdapter - Downloading https://repo.maven.apache.org/maven2/org/springframework/boot/spring-boot-mail/4.0.1/spring-boot-mail-4.0.1.jar
2026-01-13 10:59:12,282 [BasicRepositoryConnector-repo.maven.apache.org-0-0] INFO  o.e.m.c.i.e.AbstractTransferListenerAdapter - Downloaded https://repo.maven.apache.org/maven2/org/springframework/boot/spring-boot-mail/4.0.1/spring-boot-mail-4.0.1.jar
2026-01-13 10:59:12,904 [Worker-4: Building] INFO  o.a.m.s.f.DefaultMavenResourcesFiltering - Copying 0 resource from src\main\resources to target\classes
2026-01-13 10:59:12,905 [Worker-4: Building] INFO  o.a.m.s.f.DefaultMavenResourcesFiltering - Copying 0 resource from src\main\resources to target\classes
2026-01-13 10:59:12,909 [Worker-4: Building] INFO  o.a.m.s.f.DefaultMavenResourcesFiltering - skip non existing resourceDirectory E:\Full-stack\E_commerce\04-Notification-Api\src\test\resources
2026-01-13 10:59:13,906 [Worker-0: Download sources and javadoc] INFO  o.e.m.c.i.e.AbstractTransferListenerAdapter - Downloading https://repo.maven.apache.org/maven2/org/springframework/boot/spring-boot-starter-mail/4.0.1/spring-boot-starter-mail-4.0.1-sources.jar
2026-01-13 10:59:13,915 [Worker-0: Download sources and javadoc] INFO  o.e.m.c.i.e.AbstractTransferListenerAdapter - Downloaded https://repo.maven.apache.org/maven2/org/springframework/boot/spring-boot-starter-mail/4.0.1/spring-boot-starter-mail-4.0.1-sources.jar
2026-01-13 10:59:13,920 [Worker-0: Download sources and javadoc] INFO  o.e.m.j.internal.DownloadSourcesJob - Downloaded sources for org.springframework.boot:spring-boot-starter-mail:4.0.1
2026-01-13 10:59:13,970 [Worker-0: Download sources and javadoc] INFO  o.e.m.c.i.e.AbstractTransferListenerAdapter - Downloading https://repo.maven.apache.org/maven2/org/springframework/boot/spring-boot-mail/4.0.1/spring-boot-mail-4.0.1-sources.jar
2026-01-13 10:59:14,244 [Worker-0: Download sources and javadoc] INFO  o.e.m.c.i.e.AbstractTransferListenerAdapter - Downloaded https://repo.maven.apache.org/maven2/org/springframework/boot/spring-boot-mail/4.0.1/spring-boot-mail-4.0.1-sources.jar
2026-01-13 10:59:14,247 [Worker-0: Download sources and javadoc] INFO  o.e.m.j.internal.DownloadSourcesJob - Downloaded sources for org.springframework.boot:spring-boot-mail:4.0.1
2026-01-13 10:59:15,142 [Worker-0: Building] INFO  o.e.m.c.i.l.LifecycleMappingFactory - Using org.eclipse.m2e.jdt.JarLifecycleMapping lifecycle mapping for MavenProject: in.ashokit:04-Notification-Api:0.0.1-SNAPSHOT @ E:\Full-stack\E_commerce\04-Notification-Api\pom.xml.
2026-01-13 10:59:15,987 [Worker-0: Building] INFO  o.a.m.s.f.DefaultMavenResourcesFiltering - Copying 1 resource from src\main\resources to target\classes
2026-01-13 10:59:16,003 [Worker-0: Building] INFO  o.a.m.s.f.DefaultMavenResourcesFiltering - Copying 0 resource from src\main\resources to target\classes
2026-01-13 10:59:16,006 [Worker-0: Building] INFO  o.a.m.s.f.DefaultMavenResourcesFiltering - skip non existing resourceDirectory E:\Full-stack\E_commerce\04-Notification-Api\src\test\resources
2026-01-13 10:59:54,025 [Worker-0: Updating Maven Dependencies] INFO  o.e.m.c.i.l.LifecycleMappingFactory - Using org.eclipse.m2e.jdt.JarLifecycleMapping lifecycle mapping for MavenProject: com.example:Customer_Api:0.0.1-SNAPSHOT @ E:\Full-stack\E_commerce\Customer_Api\pom.xml.
2026-01-13 11:00:07,001 [Worker-0: Building] INFO  o.e.m.c.i.l.LifecycleMappingFactory - Using org.eclipse.m2e.jdt.JarLifecycleMapping lifecycle mapping for MavenProject: com.example:Customer_Api:0.0.1-SNAPSHOT @ E:\Full-stack\E_commerce\02-Customer-Api\pom.xml.
2026-01-13 11:00:07,780 [Worker-0: Building] INFO  o.a.m.s.f.DefaultMavenResourcesFiltering - Copying 1 resource from src\main\resources to target\classes
2026-01-13 11:00:07,794 [Worker-0: Building] INFO  o.a.m.s.f.DefaultMavenResourcesFiltering - Copying 0 resource from src\main\resources to target\classes
2026-01-13 11:00:07,798 [Worker-0: Building] INFO  o.a.m.s.f.DefaultMavenResourcesFiltering - skip non existing resourceDirectory E:\Full-stack\E_commerce\02-Customer-Api\src\test\resources
2026-01-13 11:00:08,692 [Worker-9: Building] INFO  o.a.m.s.f.DefaultMavenResourcesFiltering - Copying 1 resource from src\main\resources to target\classes
2026-01-13 11:00:08,694 [Worker-9: Building] INFO  o.a.m.s.f.DefaultMavenResourcesFiltering - Copying 0 resource from src\main\resources to target\classes
2026-01-13 11:00:08,698 [Worker-9: Building] INFO  o.a.m.s.f.DefaultMavenResourcesFiltering - skip non existing resourceDirectory E:\Full-stack\E_commerce\02-Customer-Api\src\test\resources
2026-01-13 11:00:15,733 [Worker-5: Updating Maven Dependencies] INFO  o.e.m.c.i.l.LifecycleMappingFactory - Using org.eclipse.m2e.jdt.JarLifecycleMapping lifecycle mapping for MavenProject: in.ashokit:Order_Api:0.0.1-SNAPSHOT @ E:\Full-stack\E_commerce\Order_Api\pom.xml.
2026-01-13 11:00:25,839 [Worker-10: Building] INFO  o.e.m.c.i.l.LifecycleMappingFactory - Using org.eclipse.m2e.jdt.JarLifecycleMapping lifecycle mapping for MavenProject: in.ashokit:Order_Api:0.0.1-SNAPSHOT @ E:\Full-stack\E_commerce\03-Customer-Api\pom.xml.
2026-01-13 11:00:26,856 [Worker-10: Building] INFO  o.a.m.s.f.DefaultMavenResourcesFiltering - Copying 1 resource from src\main\resources to target\classes
2026-01-13 11:00:26,866 [Worker-10: Building] INFO  o.a.m.s.f.DefaultMavenResourcesFiltering - Copying 0 resource from src\main\resources to target\classes
2026-01-13 11:00:26,869 [Worker-10: Building] INFO  o.a.m.s.f.DefaultMavenResourcesFiltering - skip non existing resourceDirectory E:\Full-stack\E_commerce\03-Customer-Api\src\test\resources
2026-01-13 11:00:28,799 [Worker-11: Updating Maven Dependencies] INFO  o.e.m.c.i.l.LifecycleMappingFactory - Using org.eclipse.m2e.jdt.JarLifecycleMapping lifecycle mapping for MavenProject: com.example:Product_Api:0.0.1-SNAPSHOT @ E:\Full-stack\E_commerce\Product_Api\pom.xml.
2026-01-13 11:00:29,888 [Worker-10: Building] INFO  o.a.m.s.f.DefaultMavenResourcesFiltering - Copying 1 resource from src\main\resources to target\classes
2026-01-13 11:00:29,890 [Worker-10: Building] INFO  o.a.m.s.f.DefaultMavenResourcesFiltering - Copying 0 resource from src\main\resources to target\classes
2026-01-13 11:00:29,893 [Worker-10: Building] INFO  o.a.m.s.f.DefaultMavenResourcesFiltering - skip non existing resourceDirectory E:\Full-stack\E_commerce\03-Customer-Api\src\test\resources
2026-01-13 11:00:48,687 [Worker-17: Building] INFO  o.e.m.c.i.l.LifecycleMappingFactory - Using org.eclipse.m2e.jdt.JarLifecycleMapping lifecycle mapping for MavenProject: com.example:Product_Api:0.0.1-SNAPSHOT @ E:\Full-stack\E_commerce\01-Product-Api\pom.xml.
2026-01-13 11:00:49,387 [Worker-17: Building] INFO  o.a.m.s.f.DefaultMavenResourcesFiltering - Copying 1 resource from src\main\resources to target\classes
2026-01-13 11:00:49,400 [Worker-17: Building] INFO  o.a.m.s.f.DefaultMavenResourcesFiltering - Copying 0 resource from src\main\resources to target\classes
2026-01-13 11:00:49,404 [Worker-17: Building] INFO  o.a.m.s.f.DefaultMavenResourcesFiltering - skip non existing resourceDirectory E:\Full-stack\E_commerce\01-Product-Api\src\test\resources
2026-01-13 11:00:49,931 [Worker-0: Building] INFO  o.a.m.s.f.DefaultMavenResourcesFiltering - Copying 1 resource from src\main\resources to target\classes
2026-01-13 11:00:49,933 [Worker-0: Building] INFO  o.a.m.s.f.DefaultMavenResourcesFiltering - Copying 0 resource from src\main\resources to target\classes
2026-01-13 11:00:49,936 [Worker-0: Building] INFO  o.a.m.s.f.DefaultMavenResourcesFiltering - skip non existing resourceDirectory E:\Full-stack\E_commerce\01-Product-Api\src\test\resources
2026-01-13 11:03:03,347 [Worker-38: Building] INFO  o.a.m.s.f.DefaultMavenResourcesFiltering - Copying 1 resource from src\main\resources to target\classes
2026-01-13 11:03:03,355 [Worker-38: Building] INFO  o.a.m.s.f.DefaultMavenResourcesFiltering - Copying 0 resource from src\main\resources to target\classes
2026-01-13 11:03:03,358 [Worker-38: Building] INFO  o.a.m.s.f.DefaultMavenResourcesFiltering - skip non existing resourceDirectory E:\Full-stack\E_commerce\04-Notification-Api\src\test\resources
2026-01-13 11:35:01,006 [Worker-40: Building] INFO  o.a.m.s.f.DefaultMavenResourcesFiltering - Copying 1 resource from src\main\resources to target\classes
2026-01-13 11:35:01,012 [Worker-40: Building] INFO  o.a.m.s.f.DefaultMavenResourcesFiltering - Copying 0 resource from src\main\resources to target\classes
2026-01-13 11:35:01,015 [Worker-40: Building] INFO  o.a.m.s.f.DefaultMavenResourcesFiltering - skip non existing resourceDirectory E:\Full-stack\E_commerce\04-Notification-Api\src\test\resources
2026-01-13 11:35:06,059 [Worker-36: Building] INFO  o.a.m.s.f.DefaultMavenResourcesFiltering - Copying 1 resource from src\main\resources to target\classes
2026-01-13 11:35:06,064 [Worker-36: Building] INFO  o.a.m.s.f.DefaultMavenResourcesFiltering - Copying 0 resource from src\main\resources to target\classes
2026-01-13 11:35:06,066 [Worker-36: Building] INFO  o.a.m.s.f.DefaultMavenResourcesFiltering - skip non existing resourceDirectory E:\Full-stack\E_commerce\04-Notification-Api\src\test\resources
2026-01-13 11:36:58,118 [Worker-36: Building] INFO  o.a.m.s.f.DefaultMavenResourcesFiltering - Copying 1 resource from src\main\resources to target\classes
2026-01-13 11:36:58,122 [Worker-36: Building] INFO  o.a.m.s.f.DefaultMavenResourcesFiltering - Copying 0 resource from src\main\resources to target\classes
2026-01-13 11:36:58,125 [Worker-36: Building] INFO  o.a.m.s.f.DefaultMavenResourcesFiltering - skip non existing resourceDirectory E:\Full-stack\E_commerce\04-Notification-Api\src\test\resources
2026-01-13 11:37:05,144 [Worker-40: Building] INFO  o.a.m.s.f.DefaultMavenResourcesFiltering - Copying 1 resource from src\main\resources to target\classes
2026-01-13 11:37:05,148 [Worker-40: Building] INFO  o.a.m.s.f.DefaultMavenResourcesFiltering - Copying 0 resource from src\main\resources to target\classes
2026-01-13 11:37:05,150 [Worker-40: Building] INFO  o.a.m.s.f.DefaultMavenResourcesFiltering - skip non existing resourceDirectory E:\Full-stack\E_commerce\04-Notification-Api\src\test\resources
2026-01-13 11:37:09,770 [Worker-44: Building] INFO  o.a.m.s.f.DefaultMavenResourcesFiltering - Copying 1 resource from src\main\resources to target\classes
2026-01-13 11:37:09,774 [Worker-44: Building] INFO  o.a.m.s.f.DefaultMavenResourcesFiltering - Copying 0 resource from src\main\resources to target\classes
2026-01-13 11:37:09,776 [Worker-44: Building] INFO  o.a.m.s.f.DefaultMavenResourcesFiltering - skip non existing resourceDirectory E:\Full-stack\E_commerce\04-Notification-Api\src\test\resources
2026-01-13 11:37:17,132 [Worker-36: Building] INFO  o.a.m.s.f.DefaultMavenResourcesFiltering - Copying 1 resource from src\main\resources to target\classes
2026-01-13 11:37:17,136 [Worker-36: Building] INFO  o.a.m.s.f.DefaultMavenResourcesFiltering - Copying 0 resource from src\main\resources to target\classes
2026-01-13 11:37:17,138 [Worker-36: Building] INFO  o.a.m.s.f.DefaultMavenResourcesFiltering - skip non existing resourceDirectory E:\Full-stack\E_commerce\04-Notification-Api\src\test\resources
2026-01-13 11:37:21,818 [Worker-43: Building] INFO  o.a.m.s.f.DefaultMavenResourcesFiltering - Copying 1 resource from src\main\resources to target\classes
2026-01-13 11:37:21,822 [Worker-43: Building] INFO  o.a.m.s.f.DefaultMavenResourcesFiltering - Copying 0 resource from src\main\resources to target\classes
2026-01-13 11:37:21,824 [Worker-43: Building] INFO  o.a.m.s.f.DefaultMavenResourcesFiltering - skip non existing resourceDirectory E:\Full-stack\E_commerce\04-Notification-Api\src\test\resources
2026-01-13 11:37:27,075 [Worker-42: Building] INFO  o.a.m.s.f.DefaultMavenResourcesFiltering - Copying 1 resource from src\main\resources to target\classes
2026-01-13 11:37:27,079 [Worker-42: Building] INFO  o.a.m.s.f.DefaultMavenResourcesFiltering - Copying 0 resource from src\main\resources to target\classes
2026-01-13 11:37:27,082 [Worker-42: Building] INFO  o.a.m.s.f.DefaultMavenResourcesFiltering - skip non existing resourceDirectory E:\Full-stack\E_commerce\04-Notification-Api\src\test\resources
2026-01-13 12:21:34,015 [Worker-47: Building] INFO  o.a.m.s.f.DefaultMavenResourcesFiltering - Copying 1 resource from src\main\resources to target\classes
2026-01-13 12:21:34,025 [Worker-47: Building] INFO  o.a.m.s.f.DefaultMavenResourcesFiltering - Copying 0 resource from src\main\resources to target\classes
2026-01-13 12:21:34,028 [Worker-47: Building] INFO  o.a.m.s.f.DefaultMavenResourcesFiltering - skip non existing resourceDirectory E:\Full-stack\E_commerce\04-Notification-Api\src\test\resources
2026-01-13 12:26:34,369 [Start Help Server] INFO  org.eclipse.jetty.server.Server - jetty-12.0.9; built: 2024-05-03T13:03:17.262Z; git: efe8023327e67287f9bfd006700e6a71d45b5dd6; jvm 21.0.3+9-LTS
2026-01-13 12:26:34,426 [Start Help Server] INFO  o.e.j.server.handler.ContextHandler - Started oeje8n.ContextHandler$CoreContextHandler@a326970{/help,/help,b=null,a=AVAILABLE,h=oeje8n.ContextHandler$CoreContextHandler$CoreToNestedHandler@d4b4f5f{STARTED}}
2026-01-13 12:26:34,427 [Start Help Server] INFO  o.e.j.s.DefaultSessionIdManager - Session workerName=node0
2026-01-13 12:26:34,453 [Start Help Server] INFO  o.e.jetty.server.AbstractConnector - Started ServerConnector@4e42708e{HTTP/1.1, (http/1.1)}{127.0.0.1:54165}
2026-01-13 12:26:34,532 [Start Help Server] INFO  org.eclipse.jetty.server.Server - Started oejs.Server@105bd194{STARTING}[12.0.9,sto=0] @5444178ms
2026-01-13 12:29:04,766 [Worker-51: Building] INFO  o.a.m.s.f.DefaultMavenResourcesFiltering - Copying 1 resource from src\main\resources to target\classes
2026-01-13 12:29:04,771 [Worker-51: Building] INFO  o.a.m.s.f.DefaultMavenResourcesFiltering - Copying 0 resource from src\main\resources to target\classes
2026-01-13 12:29:04,773 [Worker-51: Building] INFO  o.a.m.s.f.DefaultMavenResourcesFiltering - skip non existing resourceDirectory E:\Full-stack\E_commerce\04-Notification-Api\src\test\resources
2026-01-13 12:29:18,211 [Worker-48: Building] INFO  o.a.m.s.f.DefaultMavenResourcesFiltering - Copying 1 resource from src\main\resources to target\classes
2026-01-13 12:29:18,215 [Worker-48: Building] INFO  o.a.m.s.f.DefaultMavenResourcesFiltering - Copying 0 resource from src\main\resources to target\classes
2026-01-13 12:29:18,217 [Worker-48: Building] INFO  o.a.m.s.f.DefaultMavenResourcesFiltering - skip non existing resourceDirectory E:\Full-stack\E_commerce\04-Notification-Api\src\test\resources
2026-01-13 12:35:50,006 [Worker-54: Building] INFO  o.a.m.s.f.DefaultMavenResourcesFiltering - Copying 1 resource from src\main\resources to target\classes
2026-01-13 12:35:50,016 [Worker-54: Building] INFO  o.a.m.s.f.DefaultMavenResourcesFiltering - Copying 0 resource from src\main\resources to target\classes
2026-01-13 12:35:50,019 [Worker-54: Building] INFO  o.a.m.s.f.DefaultMavenResourcesFiltering - skip non existing resourceDirectory E:\Full-stack\E_commerce\04-Notification-Api\src\test\resources
2026-01-13 12:37:34,129 [Worker-53: Building] INFO  o.a.m.s.f.DefaultMavenResourcesFiltering - Copying 1 resource from src\main\resources to target\classes
2026-01-13 12:37:34,134 [Worker-53: Building] INFO  o.a.m.s.f.DefaultMavenResourcesFiltering - Copying 0 resource from src\main\resources to target\classes
2026-01-13 12:37:34,136 [Worker-53: Building] INFO  o.a.m.s.f.DefaultMavenResourcesFiltering - skip non existing resourceDirectory E:\Full-stack\E_commerce\04-Notification-Api\src\test\resources
2026-01-13 12:55:49,008 [Worker-52: Building] INFO  o.a.m.s.f.DefaultMavenResourcesFiltering - Copying 1 resource from src\main\resources to target\classes
2026-01-13 12:55:49,014 [Worker-52: Building] INFO  o.a.m.s.f.DefaultMavenResourcesFiltering - Copying 0 resource from src\main\resources to target\classes
2026-01-13 12:55:49,016 [Worker-52: Building] INFO  o.a.m.s.f.DefaultMavenResourcesFiltering - skip non existing resourceDirectory E:\Full-stack\E_commerce\04-Notification-Api\src\test\resources
2026-01-13 13:02:07,580 [Worker-56: Building] INFO  o.a.m.s.f.DefaultMavenResourcesFiltering - Copying 1 resource from src\main\resources to target\classes
2026-01-13 13:02:07,585 [Worker-56: Building] INFO  o.a.m.s.f.DefaultMavenResourcesFiltering - Copying 0 resource from src\main\resources to target\classes
2026-01-13 13:02:07,587 [Worker-56: Building] INFO  o.a.m.s.f.DefaultMavenResourcesFiltering - skip non existing resourceDirectory E:\Full-stack\E_commerce\04-Notification-Api\src\test\resources
2026-01-13 14:19:40,180 [Stop Help Server] INFO  org.eclipse.jetty.server.Server - Stopped oejs.Server@105bd194{STOPPING}[12.0.9,sto=0]
2026-01-13 14:19:40,184 [Stop Help Server] INFO  o.e.jetty.server.AbstractConnector - Stopped ServerConnector@4e42708e{HTTP/1.1, (http/1.1)}{127.0.0.1:0}
2026-01-13 14:21:58,979 [Worker-1: Loading available Gradle versions] INFO  o.e.b.c.i.u.g.PublishedGradleVersions - Gradle version information cache is up-to-date. Trying to read.
2026-01-14 10:40:26,270 [Worker-7: Loading available Gradle versions] INFO  o.e.b.c.i.u.g.PublishedGradleVersions - Gradle version information cache is up-to-date. Trying to read.
2026-01-14 10:57:03,964 [Worker-20: Building] INFO  o.a.m.s.f.DefaultMavenResourcesFiltering - Copying 1 resource from src\main\resources to target\classes
2026-01-14 10:57:03,979 [Worker-20: Building] INFO  o.a.m.s.f.DefaultMavenResourcesFiltering - Copying 0 resource from src\main\resources to target\classes
2026-01-14 10:57:03,982 [Worker-20: Building] INFO  o.a.m.s.f.DefaultMavenResourcesFiltering - skip non existing resourceDirectory E:\Full-stack\E_commerce\04-Notification-Api\src\test\resources
2026-01-14 11:02:10,874 [Start Help Server] INFO  org.eclipse.jetty.server.Server - jetty-12.0.9; built: 2024-05-03T13:03:17.262Z; git: efe8023327e67287f9bfd006700e6a71d45b5dd6; jvm 21.0.3+9-LTS
2026-01-14 11:02:10,936 [Start Help Server] INFO  o.e.j.server.handler.ContextHandler - Started oeje8n.ContextHandler$CoreContextHandler@3a6d1259{/help,/help,b=null,a=AVAILABLE,h=oeje8n.ContextHandler$CoreContextHandler$CoreToNestedHandler@d7cd0{STARTED}}
2026-01-14 11:02:10,937 [Start Help Server] INFO  o.e.j.s.DefaultSessionIdManager - Session workerName=node0
2026-01-14 11:02:10,973 [Start Help Server] INFO  o.e.jetty.server.AbstractConnector - Started ServerConnector@73d1668b{HTTP/1.1, (http/1.1)}{127.0.0.1:58404}
2026-01-14 11:02:10,991 [Start Help Server] INFO  org.eclipse.jetty.server.Server - Started oejs.Server@747ca1ed{STARTING}[12.0.9,sto=0] @1350440ms
2026-01-14 11:04:52,488 [Worker-23: Building] INFO  o.a.m.s.f.DefaultMavenResourcesFiltering - Copying 1 resource from src\main\resources to target\classes
2026-01-14 11:04:52,492 [Worker-23: Building] INFO  o.a.m.s.f.DefaultMavenResourcesFiltering - Copying 0 resource from src\main\resources to target\classes
2026-01-14 11:04:52,496 [Worker-23: Building] INFO  o.a.m.s.f.DefaultMavenResourcesFiltering - skip non existing resourceDirectory E:\Full-stack\E_commerce\04-Notification-Api\src\test\resources
2026-01-14 11:05:10,106 [Worker-19: Building] INFO  o.a.m.s.f.DefaultMavenResourcesFiltering - Copying 1 resource from src\main\resources to target\classes
2026-01-14 11:05:10,113 [Worker-19: Building] INFO  o.a.m.s.f.DefaultMavenResourcesFiltering - Copying 0 resource from src\main\resources to target\classes
2026-01-14 11:05:10,118 [Worker-19: Building] INFO  o.a.m.s.f.DefaultMavenResourcesFiltering - skip non existing resourceDirectory E:\Full-stack\E_commerce\04-Notification-Api\src\test\resources
2026-01-14 11:39:20,698 [Worker-19: Building] INFO  o.a.m.s.f.DefaultMavenResourcesFiltering - Copying 1 resource from src\main\resources to target\classes
2026-01-14 11:39:20,705 [Worker-19: Building] INFO  o.a.m.s.f.DefaultMavenResourcesFiltering - Copying 0 resource from src\main\resources to target\classes
2026-01-14 11:39:20,712 [Worker-19: Building] INFO  o.a.m.s.f.DefaultMavenResourcesFiltering - skip non existing resourceDirectory E:\Full-stack\E_commerce\04-Notification-Api\src\test\resources
2026-01-14 11:39:52,015 [Worker-24: Building] INFO  o.a.m.s.f.DefaultMavenResourcesFiltering - Copying 1 resource from src\main\resources to target\classes
2026-01-14 11:39:52,021 [Worker-24: Building] INFO  o.a.m.s.f.DefaultMavenResourcesFiltering - Copying 0 resource from src\main\resources to target\classes
2026-01-14 11:39:52,025 [Worker-24: Building] INFO  o.a.m.s.f.DefaultMavenResourcesFiltering - skip non existing resourceDirectory E:\Full-stack\E_commerce\04-Notification-Api\src\test\resources
2026-01-14 11:42:01,569 [Worker-27: Building] INFO  o.a.m.s.f.DefaultMavenResourcesFiltering - Copying 1 resource from src\main\resources to target\classes
2026-01-14 11:42:01,575 [Worker-27: Building] INFO  o.a.m.s.f.DefaultMavenResourcesFiltering - Copying 0 resource from src\main\resources to target\classes
2026-01-14 11:42:01,580 [Worker-27: Building] INFO  o.a.m.s.f.DefaultMavenResourcesFiltering - skip non existing resourceDirectory E:\Full-stack\E_commerce\04-Notification-Api\src\test\resources
2026-01-14 11:45:40,861 [Worker-29: Building] INFO  o.a.m.s.f.DefaultMavenResourcesFiltering - Copying 1 resource from src\main\resources to target\classes
2026-01-14 11:45:40,867 [Worker-29: Building] INFO  o.a.m.s.f.DefaultMavenResourcesFiltering - Copying 0 resource from src\main\resources to target\classes
2026-01-14 11:45:40,870 [Worker-29: Building] INFO  o.a.m.s.f.DefaultMavenResourcesFiltering - skip non existing resourceDirectory E:\Full-stack\E_commerce\04-Notification-Api\src\test\resources
2026-01-14 11:45:53,759 [Worker-32: Building] INFO  o.a.m.s.f.DefaultMavenResourcesFiltering - Copying 1 resource from src\main\resources to target\classes
2026-01-14 11:45:53,763 [Worker-32: Building] INFO  o.a.m.s.f.DefaultMavenResourcesFiltering - Copying 0 resource from src\main\resources to target\classes
2026-01-14 11:45:53,767 [Worker-32: Building] INFO  o.a.m.s.f.DefaultMavenResourcesFiltering - skip non existing resourceDirectory E:\Full-stack\E_commerce\04-Notification-Api\src\test\resources
2026-01-14 11:46:20,900 [Worker-29: Building] INFO  o.a.m.s.f.DefaultMavenResourcesFiltering - Copying 1 resource from src\main\resources to target\classes
2026-01-14 11:46:20,907 [Worker-29: Building] INFO  o.a.m.s.f.DefaultMavenResourcesFiltering - Copying 0 resource from src\main\resources to target\classes
2026-01-14 11:46:20,911 [Worker-29: Building] INFO  o.a.m.s.f.DefaultMavenResourcesFiltering - skip non existing resourceDirectory E:\Full-stack\E_commerce\04-Notification-Api\src\test\resources
2026-01-14 11:48:25,631 [Worker-29: Building] INFO  o.a.m.s.f.DefaultMavenResourcesFiltering - Copying 1 resource from src\main\resources to target\classes
2026-01-14 11:48:25,635 [Worker-29: Building] INFO  o.a.m.s.f.DefaultMavenResourcesFiltering - Copying 0 resource from src\main\resources to target\classes
2026-01-14 11:48:25,637 [Worker-29: Building] INFO  o.a.m.s.f.DefaultMavenResourcesFiltering - skip non existing resourceDirectory E:\Full-stack\E_commerce\04-Notification-Api\src\test\resources
2026-01-14 11:49:52,582 [Worker-37: Building] INFO  o.a.m.s.f.DefaultMavenResourcesFiltering - Copying 1 resource from src\main\resources to target\classes
2026-01-14 11:49:52,589 [Worker-37: Building] INFO  o.a.m.s.f.DefaultMavenResourcesFiltering - Copying 0 resource from src\main\resources to target\classes
2026-01-14 11:49:52,592 [Worker-37: Building] INFO  o.a.m.s.f.DefaultMavenResourcesFiltering - skip non existing resourceDirectory E:\Full-stack\E_commerce\04-Notification-Api\src\test\resources
2026-01-14 11:50:03,013 [Worker-37: Building] INFO  o.a.m.s.f.DefaultMavenResourcesFiltering - Copying 1 resource from src\main\resources to target\classes
2026-01-14 11:50:03,018 [Worker-37: Building] INFO  o.a.m.s.f.DefaultMavenResourcesFiltering - Copying 0 resource from src\main\resources to target\classes
2026-01-14 11:50:03,020 [Worker-37: Building] INFO  o.a.m.s.f.DefaultMavenResourcesFiltering - skip non existing resourceDirectory E:\Full-stack\E_commerce\04-Notification-Api\src\test\resources
2026-01-14 11:50:45,387 [Worker-37: Building] INFO  o.a.m.s.f.DefaultMavenResourcesFiltering - Copying 1 resource from src\main\resources to target\classes
2026-01-14 11:50:45,392 [Worker-37: Building] INFO  o.a.m.s.f.DefaultMavenResourcesFiltering - Copying 0 resource from src\main\resources to target\classes
2026-01-14 11:50:45,395 [Worker-37: Building] INFO  o.a.m.s.f.DefaultMavenResourcesFiltering - skip non existing resourceDirectory E:\Full-stack\E_commerce\04-Notification-Api\src\test\resources
2026-01-14 12:07:40,676 [Worker-40: Building] INFO  o.a.m.s.f.DefaultMavenResourcesFiltering - Copying 1 resource from src\main\resources to target\classes
2026-01-14 12:07:40,682 [Worker-40: Building] INFO  o.a.m.s.f.DefaultMavenResourcesFiltering - Copying 0 resource from src\main\resources to target\classes
2026-01-14 12:07:40,685 [Worker-40: Building] INFO  o.a.m.s.f.DefaultMavenResourcesFiltering - skip non existing resourceDirectory E:\Full-stack\E_commerce\04-Notification-Api\src\test\resources
2026-01-14 12:11:20,701 [Worker-31: Building] INFO  o.a.m.s.f.DefaultMavenResourcesFiltering - Copying 1 resource from src\main\resources to target\classes
2026-01-14 12:11:20,706 [Worker-31: Building] INFO  o.a.m.s.f.DefaultMavenResourcesFiltering - Copying 0 resource from src\main\resources to target\classes
2026-01-14 12:11:20,709 [Worker-31: Building] INFO  o.a.m.s.f.DefaultMavenResourcesFiltering - skip non existing resourceDirectory E:\Full-stack\E_commerce\04-Notification-Api\src\test\resources
2026-01-14 12:11:28,571 [Worker-31: Building] INFO  o.a.m.s.f.DefaultMavenResourcesFiltering - Copying 1 resource from src\main\resources to target\classes
2026-01-14 12:11:28,575 [Worker-31: Building] INFO  o.a.m.s.f.DefaultMavenResourcesFiltering - Copying 0 resource from src\main\resources to target\classes
2026-01-14 12:11:28,578 [Worker-31: Building] INFO  o.a.m.s.f.DefaultMavenResourcesFiltering - skip non existing resourceDirectory E:\Full-stack\E_commerce\04-Notification-Api\src\test\resources
2026-01-14 12:11:33,986 [Worker-42: Building] INFO  o.a.m.s.f.DefaultMavenResourcesFiltering - Copying 1 resource from src\main\resources to target\classes
2026-01-14 12:11:33,990 [Worker-42: Building] INFO  o.a.m.s.f.DefaultMavenResourcesFiltering - Copying 0 resource from src\main\resources to target\classes
2026-01-14 12:11:33,993 [Worker-42: Building] INFO  o.a.m.s.f.DefaultMavenResourcesFiltering - skip non existing resourceDirectory E:\Full-stack\E_commerce\04-Notification-Api\src\test\resources
2026-01-14 12:14:32,304 [Worker-43: Building] INFO  o.a.m.s.f.DefaultMavenResourcesFiltering - Copying 1 resource from src\main\resources to target\classes
2026-01-14 12:14:32,312 [Worker-43: Building] INFO  o.a.m.s.f.DefaultMavenResourcesFiltering - Copying 0 resource from src\main\resources to target\classes
2026-01-14 12:14:32,316 [Worker-43: Building] INFO  o.a.m.s.f.DefaultMavenResourcesFiltering - skip non existing resourceDirectory E:\Full-stack\E_commerce\04-Notification-Api\src\test\resources
2026-01-14 12:18:12,100 [Worker-46: Building] INFO  o.a.m.s.f.DefaultMavenResourcesFiltering - Copying 1 resource from src\main\resources to target\classes
2026-01-14 12:18:12,108 [Worker-46: Building] INFO  o.a.m.s.f.DefaultMavenResourcesFiltering - Copying 0 resource from src\main\resources to target\classes
2026-01-14 12:18:12,112 [Worker-46: Building] INFO  o.a.m.s.f.DefaultMavenResourcesFiltering - skip non existing resourceDirectory E:\Full-stack\E_commerce\04-Notification-Api\src\test\resources
2026-01-14 12:18:55,048 [Worker-31: Building] INFO  o.a.m.s.f.DefaultMavenResourcesFiltering - Copying 1 resource from src\main\resources to target\classes
2026-01-14 12:18:55,052 [Worker-31: Building] INFO  o.a.m.s.f.DefaultMavenResourcesFiltering - Copying 0 resource from src\main\resources to target\classes
2026-01-14 12:18:55,055 [Worker-31: Building] INFO  o.a.m.s.f.DefaultMavenResourcesFiltering - skip non existing resourceDirectory E:\Full-stack\E_commerce\04-Notification-Api\src\test\resources
2026-01-14 12:21:05,496 [Worker-31: Building] INFO  o.a.m.s.f.DefaultMavenResourcesFiltering - Copying 1 resource from src\main\resources to target\classes
2026-01-14 12:21:05,501 [Worker-31: Building] INFO  o.a.m.s.f.DefaultMavenResourcesFiltering - Copying 0 resource from src\main\resources to target\classes
2026-01-14 12:21:05,503 [Worker-31: Building] INFO  o.a.m.s.f.DefaultMavenResourcesFiltering - skip non existing resourceDirectory E:\Full-stack\E_commerce\04-Notification-Api\src\test\resources
2026-01-14 12:22:37,926 [Worker-48: Building] INFO  o.a.m.s.f.DefaultMavenResourcesFiltering - Copying 1 resource from src\main\resources to target\classes
2026-01-14 12:22:37,932 [Worker-48: Building] INFO  o.a.m.s.f.DefaultMavenResourcesFiltering - Copying 0 resource from src\main\resources to target\classes
2026-01-14 12:22:37,935 [Worker-48: Building] INFO  o.a.m.s.f.DefaultMavenResourcesFiltering - skip non existing resourceDirectory E:\Full-stack\E_commerce\04-Notification-Api\src\test\resources
2026-01-14 12:23:11,693 [Worker-46: Building] INFO  o.a.m.s.f.DefaultMavenResourcesFiltering - Copying 1 resource from src\main\resources to target\classes
2026-01-14 12:23:11,697 [Worker-46: Building] INFO  o.a.m.s.f.DefaultMavenResourcesFiltering - Copying 0 resource from src\main\resources to target\classes
2026-01-14 12:23:11,700 [Worker-46: Building] INFO  o.a.m.s.f.DefaultMavenResourcesFiltering - skip non existing resourceDirectory E:\Full-stack\E_commerce\04-Notification-Api\src\test\resources
2026-01-14 12:23:26,091 [Worker-49: Building] INFO  o.a.m.s.f.DefaultMavenResourcesFiltering - Copying 1 resource from src\main\resources to target\classes
2026-01-14 12:23:26,095 [Worker-49: Building] INFO  o.a.m.s.f.DefaultMavenResourcesFiltering - Copying 0 resource from src\main\resources to target\classes
2026-01-14 12:23:26,098 [Worker-49: Building] INFO  o.a.m.s.f.DefaultMavenResourcesFiltering - skip non existing resourceDirectory E:\Full-stack\E_commerce\04-Notification-Api\src\test\resources
2026-01-14 12:24:43,268 [Worker-46: Building] INFO  o.a.m.s.f.DefaultMavenResourcesFiltering - Copying 1 resource from src\main\resources to target\classes
2026-01-14 12:24:43,273 [Worker-46: Building] INFO  o.a.m.s.f.DefaultMavenResourcesFiltering - Copying 0 resource from src\main\resources to target\classes
2026-01-14 12:24:43,275 [Worker-46: Building] INFO  o.a.m.s.f.DefaultMavenResourcesFiltering - skip non existing resourceDirectory E:\Full-stack\E_commerce\04-Notification-Api\src\test\resources
2026-01-14 12:25:07,724 [Worker-48: Building] INFO  o.a.m.s.f.DefaultMavenResourcesFiltering - Copying 1 resource from src\main\resources to target\classes
2026-01-14 12:25:07,730 [Worker-48: Building] INFO  o.a.m.s.f.DefaultMavenResourcesFiltering - Copying 0 resource from src\main\resources to target\classes
2026-01-14 12:25:07,733 [Worker-48: Building] INFO  o.a.m.s.f.DefaultMavenResourcesFiltering - skip non existing resourceDirectory E:\Full-stack\E_commerce\04-Notification-Api\src\test\resources
2026-01-14 22:54:39,504 [Worker-49: Building] INFO  o.a.m.s.f.DefaultMavenResourcesFiltering - Copying 1 resource from src\main\resources to target\classes
2026-01-14 22:54:39,515 [Worker-49: Building] INFO  o.a.m.s.f.DefaultMavenResourcesFiltering - Copying 0 resource from src\main\resources to target\classes
2026-01-14 22:54:39,518 [Worker-49: Building] INFO  o.a.m.s.f.DefaultMavenResourcesFiltering - skip non existing resourceDirectory E:\Full-stack\E_commerce\04-Notification-Api\src\test\resources
2026-01-14 22:54:40,399 [Stop Help Server] INFO  org.eclipse.jetty.server.Server - Stopped oejs.Server@747ca1ed{STOPPING}[12.0.9,sto=0]
2026-01-14 22:54:41,017 [Stop Help Server] INFO  o.e.jetty.server.AbstractConnector - Stopped ServerConnector@73d1668b{HTTP/1.1, (http/1.1)}{127.0.0.1:0}
2026-01-15 11:01:37,715 [Worker-7: Loading available Gradle versions] INFO  o.e.b.c.i.u.g.PublishedGradleVersions - Gradle version information cache is out-of-date. Trying to update.
2026-01-20 10:50:09,386 [Worker-1: Loading available Gradle versions] INFO  o.e.b.c.i.u.g.PublishedGradleVersions - Gradle version information cache is up-to-date. Trying to read.
2026-01-20 10:54:57,220 [Worker-17: Building] INFO  o.a.m.s.f.DefaultMavenResourcesFiltering - Copying 1 resource from src\main\resources to target\classes
2026-01-20 10:54:57,238 [Worker-17: Building] INFO  o.a.m.s.f.DefaultMavenResourcesFiltering - Copying 0 resource from src\main\resources to target\classes
2026-01-20 10:54:57,243 [Worker-17: Building] INFO  o.a.m.s.f.DefaultMavenResourcesFiltering - skip non existing resourceDirectory E:\Full-stack\E_commerce\04-Notification-Api\src\test\resources
2026-01-20 14:19:14,740 [Worker-26: Building] INFO  o.a.m.s.f.DefaultMavenResourcesFiltering - Copying 1 resource from src\main\resources to target\classes
2026-01-20 14:19:14,745 [Worker-26: Building] INFO  o.a.m.s.f.DefaultMavenResourcesFiltering - Copying 0 resource from src\main\resources to target\classes
2026-01-20 14:19:14,748 [Worker-26: Building] INFO  o.a.m.s.f.DefaultMavenResourcesFiltering - skip non existing resourceDirectory E:\Full-stack\E_commerce\04-Notification-Api\src\test\resources
2026-01-20 14:45:18,798 [Worker-23: Building] INFO  o.a.m.s.f.DefaultMavenResourcesFiltering - Copying 1 resource from src\main\resources to target\classes
2026-01-20 14:45:18,804 [Worker-23: Building] INFO  o.a.m.s.f.DefaultMavenResourcesFiltering - Copying 0 resource from src\main\resources to target\classes
2026-01-20 14:45:18,808 [Worker-23: Building] INFO  o.a.m.s.f.DefaultMavenResourcesFiltering - skip non existing resourceDirectory E:\Full-stack\E_commerce\04-Notification-Api\src\test\resources
2026-01-20 14:45:58,195 [Start Help Server] INFO  org.eclipse.jetty.server.Server - jetty-12.0.9; built: 2024-05-03T13:03:17.262Z; git: efe8023327e67287f9bfd006700e6a71d45b5dd6; jvm 21.0.3+9-LTS
2026-01-20 14:45:58,251 [Start Help Server] INFO  o.e.j.server.handler.ContextHandler - Started oeje8n.ContextHandler$CoreContextHandler@2f7b127f{/help,/help,b=null,a=AVAILABLE,h=oeje8n.ContextHandler$CoreContextHandler$CoreToNestedHandler@2a956e44{STARTED}}
2026-01-20 14:45:58,252 [Start Help Server] INFO  o.e.j.s.DefaultSessionIdManager - Session workerName=node0
2026-01-20 14:45:58,309 [Start Help Server] INFO  o.e.jetty.server.AbstractConnector - Started ServerConnector@485172c8{HTTP/1.1, (http/1.1)}{127.0.0.1:60421}
2026-01-20 14:45:58,436 [Start Help Server] INFO  org.eclipse.jetty.server.Server - Started oejs.Server@5ec2cc88{STARTING}[12.0.9,sto=0] @14162138ms
2026-01-20 14:46:10,564 [Worker-23: Building] INFO  o.a.m.s.f.DefaultMavenResourcesFiltering - Copying 1 resource from src\main\resources to target\classes
2026-01-20 14:46:10,569 [Worker-23: Building] INFO  o.a.m.s.f.DefaultMavenResourcesFiltering - Copying 0 resource from src\main\resources to target\classes
2026-01-20 14:46:10,572 [Worker-23: Building] INFO  o.a.m.s.f.DefaultMavenResourcesFiltering - skip non existing resourceDirectory E:\Full-stack\E_commerce\04-Notification-Api\src\test\resources
2026-01-20 14:52:50,116 [Worker-32: Building] INFO  o.a.m.s.f.DefaultMavenResourcesFiltering - Copying 1 resource from src\main\resources to target\classes
2026-01-20 14:52:50,123 [Worker-32: Building] INFO  o.a.m.s.f.DefaultMavenResourcesFiltering - Copying 0 resource from src\main\resources to target\classes
2026-01-20 14:52:50,127 [Worker-32: Building] INFO  o.a.m.s.f.DefaultMavenResourcesFiltering - skip non existing resourceDirectory E:\Full-stack\E_commerce\04-Notification-Api\src\test\resources
2026-01-20 14:57:36,278 [Worker-37: Building] INFO  o.a.m.s.f.DefaultMavenResourcesFiltering - Copying 1 resource from src\main\resources to target\classes
2026-01-20 14:57:36,285 [Worker-37: Building] INFO  o.a.m.s.f.DefaultMavenResourcesFiltering - Copying 0 resource from src\main\resources to target\classes
2026-01-20 14:57:36,290 [Worker-37: Building] INFO  o.a.m.s.f.DefaultMavenResourcesFiltering - skip non existing resourceDirectory E:\Full-stack\E_commerce\04-Notification-Api\src\test\resources
2026-01-20 16:36:03,272 [Worker-47: Building] INFO  o.a.m.s.f.DefaultMavenResourcesFiltering - Copying 1 resource from src\main\resources to target\classes
2026-01-20 16:36:03,293 [Worker-47: Building] INFO  o.a.m.s.f.DefaultMavenResourcesFiltering - Copying 0 resource from src\main\resources to target\classes
2026-01-20 16:36:03,300 [Worker-47: Building] INFO  o.a.m.s.f.DefaultMavenResourcesFiltering - skip non existing resourceDirectory E:\Full-stack\E_commerce\04-Notification-Api\src\test\resources
2026-01-20 16:37:50,802 [Worker-48: Building] INFO  o.a.m.s.f.DefaultMavenResourcesFiltering - Copying 1 resource from src\main\resources to target\classes
2026-01-20 16:37:50,807 [Worker-48: Building] INFO  o.a.m.s.f.DefaultMavenResourcesFiltering - Copying 0 resource from src\main\resources to target\classes
2026-01-20 16:37:50,810 [Worker-48: Building] INFO  o.a.m.s.f.DefaultMavenResourcesFiltering - skip non existing resourceDirectory E:\Full-stack\E_commerce\04-Notification-Api\src\test\resources
2026-01-20 16:43:57,258 [Worker-46: Building] INFO  o.a.m.s.f.DefaultMavenResourcesFiltering - Copying 1 resource from src\main\resources to target\classes
2026-01-20 16:43:57,264 [Worker-46: Building] INFO  o.a.m.s.f.DefaultMavenResourcesFiltering - Copying 0 resource from src\main\resources to target\classes
2026-01-20 16:43:57,267 [Worker-46: Building] INFO  o.a.m.s.f.DefaultMavenResourcesFiltering - skip non existing resourceDirectory E:\Full-stack\E_commerce\04-Notification-Api\src\test\resources
2026-01-20 17:03:21,496 [Worker-56: Building] INFO  o.a.m.s.f.DefaultMavenResourcesFiltering - Copying 1 resource from src\main\resources to target\classes
2026-01-20 17:03:21,507 [Worker-56: Building] INFO  o.a.m.s.f.DefaultMavenResourcesFiltering - Copying 0 resource from src\main\resources to target\classes
2026-01-20 17:03:21,510 [Worker-56: Building] INFO  o.a.m.s.f.DefaultMavenResourcesFiltering - skip non existing resourceDirectory E:\Full-stack\E_commerce\04-Notification-Api\src\test\resources
2026-01-20 17:03:58,638 [Worker-58: Building] INFO  o.a.m.s.f.DefaultMavenResourcesFiltering - Copying 1 resource from src\main\resources to target\classes
2026-01-20 17:03:58,646 [Worker-58: Building] INFO  o.a.m.s.f.DefaultMavenResourcesFiltering - Copying 0 resource from src\main\resources to target\classes
2026-01-20 17:03:58,648 [Worker-58: Building] INFO  o.a.m.s.f.DefaultMavenResourcesFiltering - skip non existing resourceDirectory E:\Full-stack\E_commerce\04-Notification-Api\src\test\resources
2026-01-20 17:05:12,703 [Worker-55: Building] INFO  o.a.m.s.f.DefaultMavenResourcesFiltering - Copying 1 resource from src\main\resources to target\classes
2026-01-20 17:05:12,708 [Worker-55: Building] INFO  o.a.m.s.f.DefaultMavenResourcesFiltering - Copying 0 resource from src\main\resources to target\classes
2026-01-20 17:05:12,711 [Worker-55: Building] INFO  o.a.m.s.f.DefaultMavenResourcesFiltering - skip non existing resourceDirectory E:\Full-stack\E_commerce\04-Notification-Api\src\test\resources
2026-01-20 17:05:49,508 [Worker-58: Building] INFO  o.a.m.s.f.DefaultMavenResourcesFiltering - Copying 1 resource from src\main\resources to target\classes
2026-01-20 17:05:49,512 [Worker-58: Building] INFO  o.a.m.s.f.DefaultMavenResourcesFiltering - Copying 0 resource from src\main\resources to target\classes
2026-01-20 17:05:49,514 [Worker-58: Building] INFO  o.a.m.s.f.DefaultMavenResourcesFiltering - skip non existing resourceDirectory E:\Full-stack\E_commerce\04-Notification-Api\src\test\resources
2026-01-20 17:06:30,454 [Worker-57: Building] INFO  o.a.m.s.f.DefaultMavenResourcesFiltering - Copying 1 resource from src\main\resources to target\classes
2026-01-20 17:06:30,460 [Worker-57: Building] INFO  o.a.m.s.f.DefaultMavenResourcesFiltering - Copying 0 resource from src\main\resources to target\classes
2026-01-20 17:06:30,463 [Worker-57: Building] INFO  o.a.m.s.f.DefaultMavenResourcesFiltering - skip non existing resourceDirectory E:\Full-stack\E_commerce\04-Notification-Api\src\test\resources
2026-01-20 17:13:43,379 [Worker-60: Building] INFO  o.a.m.s.f.DefaultMavenResourcesFiltering - Copying 1 resource from src\main\resources to target\classes
2026-01-20 17:13:43,384 [Worker-60: Building] INFO  o.a.m.s.f.DefaultMavenResourcesFiltering - Copying 0 resource from src\main\resources to target\classes
2026-01-20 17:13:43,386 [Worker-60: Building] INFO  o.a.m.s.f.DefaultMavenResourcesFiltering - skip non existing resourceDirectory E:\Full-stack\E_commerce\04-Notification-Api\src\test\resources
2026-01-20 17:13:49,304 [Worker-56: Building] INFO  o.a.m.s.f.DefaultMavenResourcesFiltering - Copying 1 resource from src\main\resources to target\classes
2026-01-20 17:13:49,309 [Worker-56: Building] INFO  o.a.m.s.f.DefaultMavenResourcesFiltering - Copying 0 resource from src\main\resources to target\classes
2026-01-20 17:13:49,312 [Worker-56: Building] INFO  o.a.m.s.f.DefaultMavenResourcesFiltering - skip non existing resourceDirectory E:\Full-stack\E_commerce\04-Notification-Api\src\test\resources
2026-01-20 17:14:05,968 [Worker-61: Building] INFO  o.a.m.s.f.DefaultMavenResourcesFiltering - Copying 1 resource from src\main\resources to target\classes
2026-01-20 17:14:05,973 [Worker-61: Building] INFO  o.a.m.s.f.DefaultMavenResourcesFiltering - Copying 0 resource from src\main\resources to target\classes
2026-01-20 17:14:05,975 [Worker-61: Building] INFO  o.a.m.s.f.DefaultMavenResourcesFiltering - skip non existing resourceDirectory E:\Full-stack\E_commerce\04-Notification-Api\src\test\resources
2026-01-20 17:20:57,145 [Worker-64: Building] INFO  o.a.m.s.f.DefaultMavenResourcesFiltering - Copying 1 resource from src\main\resources to target\classes
2026-01-20 17:20:57,182 [Worker-64: Building] INFO  o.a.m.s.f.DefaultMavenResourcesFiltering - Copying 0 resource from src\main\resources to target\classes
2026-01-20 17:20:57,187 [Worker-64: Building] INFO  o.a.m.s.f.DefaultMavenResourcesFiltering - skip non existing resourceDirectory E:\Full-stack\E_commerce\04-Notification-Api\src\test\resources
2026-01-20 17:23:01,625 [Worker-57: Building] INFO  o.a.m.s.f.DefaultMavenResourcesFiltering - Copying 1 resource from src\main\resources to target\classes
2026-01-20 17:23:01,631 [Worker-57: Building] INFO  o.a.m.s.f.DefaultMavenResourcesFiltering - Copying 0 resource from src\main\resources to target\classes
2026-01-20 17:23:01,633 [Worker-57: Building] INFO  o.a.m.s.f.DefaultMavenResourcesFiltering - skip non existing resourceDirectory E:\Full-stack\E_commerce\04-Notification-Api\src\test\resources
2026-01-20 17:25:03,937 [Worker-65: Launching 04-Notification-Api - Application] INFO  o.a.m.s.f.DefaultMavenResourcesFiltering - Copying 1 resource from src\main\resources to target\classes
2026-01-20 17:25:03,947 [Worker-65: Launching 04-Notification-Api - Application] INFO  o.a.m.s.f.DefaultMavenResourcesFiltering - Copying 0 resource from src\main\resources to target\classes
2026-01-20 17:25:03,950 [Worker-65: Launching 04-Notification-Api - Application] INFO  o.a.m.s.f.DefaultMavenResourcesFiltering - skip non existing resourceDirectory E:\Full-stack\E_commerce\04-Notification-Api\src\test\resources
2026-01-20 17:26:47,438 [Worker-65: Building] INFO  o.a.m.s.f.DefaultMavenResourcesFiltering - Copying 1 resource from src\main\resources to target\classes
2026-01-20 17:26:47,444 [Worker-65: Building] INFO  o.a.m.s.f.DefaultMavenResourcesFiltering - Copying 0 resource from src\main\resources to target\classes
2026-01-20 17:26:47,447 [Worker-65: Building] INFO  o.a.m.s.f.DefaultMavenResourcesFiltering - skip non existing resourceDirectory E:\Full-stack\E_commerce\04-Notification-Api\src\test\resources
2026-01-20 17:27:00,075 [Worker-71: Launching 04-Notification-Api - Application] INFO  o.a.m.s.f.DefaultMavenResourcesFiltering - Copying 1 resource from src\main\resources to target\classes
2026-01-20 17:27:00,084 [Worker-71: Launching 04-Notification-Api - Application] INFO  o.a.m.s.f.DefaultMavenResourcesFiltering - Copying 0 resource from src\main\resources to target\classes
2026-01-20 17:27:00,088 [Worker-71: Launching 04-Notification-Api - Application] INFO  o.a.m.s.f.DefaultMavenResourcesFiltering - skip non existing resourceDirectory E:\Full-stack\E_commerce\04-Notification-Api\src\test\resources
2026-01-20 17:31:31,114 [Worker-68: Launching 04-Notification-Api - Application] INFO  o.a.m.s.f.DefaultMavenResourcesFiltering - Copying 1 resource from src\main\resources to target\classes
2026-01-20 17:31:31,121 [Worker-68: Launching 04-Notification-Api - Application] INFO  o.a.m.s.f.DefaultMavenResourcesFiltering - Copying 0 resource from src\main\resources to target\classes
2026-01-20 17:31:31,125 [Worker-68: Launching 04-Notification-Api - Application] INFO  o.a.m.s.f.DefaultMavenResourcesFiltering - skip non existing resourceDirectory E:\Full-stack\E_commerce\04-Notification-Api\src\test\resources
2026-01-20 17:32:18,899 [Worker-57: Building] INFO  o.a.m.s.f.DefaultMavenResourcesFiltering - Copying 1 resource from src\main\resources to target\classes
2026-01-20 17:32:18,904 [Worker-57: Building] INFO  o.a.m.s.f.DefaultMavenResourcesFiltering - Copying 0 resource from src\main\resources to target\classes
2026-01-20 17:32:18,906 [Worker-57: Building] INFO  o.a.m.s.f.DefaultMavenResourcesFiltering - skip non existing resourceDirectory E:\Full-stack\E_commerce\04-Notification-Api\src\test\resources
2026-01-20 17:32:35,925 [Worker-68: Building] INFO  o.a.m.s.f.DefaultMavenResourcesFiltering - Copying 1 resource from src\main\resources to target\classes
2026-01-20 17:32:35,931 [Worker-68: Building] INFO  o.a.m.s.f.DefaultMavenResourcesFiltering - Copying 0 resource from src\main\resources to target\classes
2026-01-20 17:32:35,934 [Worker-68: Building] INFO  o.a.m.s.f.DefaultMavenResourcesFiltering - skip non existing resourceDirectory E:\Full-stack\E_commerce\04-Notification-Api\src\test\resources
2026-01-20 17:35:12,316 [Worker-77: Building] INFO  o.a.m.s.f.DefaultMavenResourcesFiltering - Copying 1 resource from src\main\resources to target\classes
2026-01-20 17:35:12,321 [Worker-77: Building] INFO  o.a.m.s.f.DefaultMavenResourcesFiltering - Copying 0 resource from src\main\resources to target\classes
2026-01-20 17:35:12,324 [Worker-77: Building] INFO  o.a.m.s.f.DefaultMavenResourcesFiltering - skip non existing resourceDirectory E:\Full-stack\E_commerce\04-Notification-Api\src\test\resources
2026-01-20 17:39:45,900 [Worker-77: Updating Maven Dependencies] INFO  o.e.m.c.i.l.LifecycleMappingFactory - Using org.eclipse.m2e.jdt.JarLifecycleMapping lifecycle mapping for MavenProject: in.ashokit:Order_Api:0.0.1-SNAPSHOT @ E:\Full-stack\E_commerce\03-Customer-Api\pom.xml.
2026-01-20 17:40:14,542 [Worker-74: Updating Maven Dependencies] INFO  o.e.m.c.i.l.LifecycleMappingFactory - Using org.eclipse.m2e.jdt.JarLifecycleMapping lifecycle mapping for MavenProject: in.ashokit:04-Notification-Api:0.0.1-SNAPSHOT @ E:\Full-stack\E_commerce\04-Notification-Api\pom.xml.
2026-01-20 17:40:50,527 [Worker-80: Updating Maven Dependencies] INFO  o.e.m.c.i.l.LifecycleMappingFactory - Using org.eclipse.m2e.jdt.JarLifecycleMapping lifecycle mapping for MavenProject: com.example:Customer_Api:0.0.1-SNAPSHOT @ E:\Full-stack\E_commerce\02-Customer-Api\pom.xml.
2026-01-20 17:41:06,549 [Worker-82: Launching 03-Customer-Api - OrderApiApplication] INFO  o.a.m.s.f.DefaultMavenResourcesFiltering - Copying 1 resource from src\main\resources to target\classes
2026-01-20 17:41:06,565 [Worker-82: Launching 03-Customer-Api - OrderApiApplication] INFO  o.a.m.s.f.DefaultMavenResourcesFiltering - Copying 0 resource from src\main\resources to target\classes
2026-01-20 17:41:06,571 [Worker-82: Launching 03-Customer-Api - OrderApiApplication] INFO  o.a.m.s.f.DefaultMavenResourcesFiltering - skip non existing resourceDirectory E:\Full-stack\E_commerce\03-Customer-Api\src\test\resources
2026-01-20 17:42:04,522 [Worker-86: Launching 03-Customer-Api - OrderApiApplication] INFO  o.a.m.s.f.DefaultMavenResourcesFiltering - Copying 1 resource from src\main\resources to target\classes
2026-01-20 17:42:04,531 [Worker-86: Launching 03-Customer-Api - OrderApiApplication] INFO  o.a.m.s.f.DefaultMavenResourcesFiltering - Copying 0 resource from src\main\resources to target\classes
2026-01-20 17:42:04,534 [Worker-86: Launching 03-Customer-Api - OrderApiApplication] INFO  o.a.m.s.f.DefaultMavenResourcesFiltering - skip non existing resourceDirectory E:\Full-stack\E_commerce\03-Customer-Api\src\test\resources
2026-01-20 17:42:15,920 [Worker-78: Building] INFO  o.a.m.s.f.DefaultMavenResourcesFiltering - Copying 1 resource from src\main\resources to target\classes
2026-01-20 17:42:15,926 [Worker-78: Building] INFO  o.a.m.s.f.DefaultMavenResourcesFiltering - Copying 0 resource from src\main\resources to target\classes
2026-01-20 17:42:15,928 [Worker-78: Building] INFO  o.a.m.s.f.DefaultMavenResourcesFiltering - skip non existing resourceDirectory E:\Full-stack\E_commerce\03-Customer-Api\src\test\resources
2026-01-20 17:43:36,327 [Worker-77: Building] INFO  o.a.m.s.f.DefaultMavenResourcesFiltering - Copying 1 resource from src\main\resources to target\classes
2026-01-20 17:43:36,334 [Worker-77: Building] INFO  o.a.m.s.f.DefaultMavenResourcesFiltering - Copying 0 resource from src\main\resources to target\classes
2026-01-20 17:43:36,336 [Worker-77: Building] INFO  o.a.m.s.f.DefaultMavenResourcesFiltering - skip non existing resourceDirectory E:\Full-stack\E_commerce\03-Customer-Api\src\test\resources
2026-01-20 17:43:42,251 [Worker-83: Building] INFO  o.a.m.s.f.DefaultMavenResourcesFiltering - Copying 1 resource from src\main\resources to target\classes
2026-01-20 17:43:42,255 [Worker-83: Building] INFO  o.a.m.s.f.DefaultMavenResourcesFiltering - Copying 0 resource from src\main\resources to target\classes
2026-01-20 17:43:42,257 [Worker-83: Building] INFO  o.a.m.s.f.DefaultMavenResourcesFiltering - skip non existing resourceDirectory E:\Full-stack\E_commerce\03-Customer-Api\src\test\resources
2026-01-20 17:43:47,349 [Worker-78: Building] INFO  o.a.m.s.f.DefaultMavenResourcesFiltering - Copying 1 resource from src\main\resources to target\classes
2026-01-20 17:43:47,353 [Worker-78: Building] INFO  o.a.m.s.f.DefaultMavenResourcesFiltering - Copying 0 resource from src\main\resources to target\classes
2026-01-20 17:43:47,356 [Worker-78: Building] INFO  o.a.m.s.f.DefaultMavenResourcesFiltering - skip non existing resourceDirectory E:\Full-stack\E_commerce\03-Customer-Api\src\test\resources
2026-01-20 17:43:50,454 [Worker-83: Building] INFO  o.a.m.s.f.DefaultMavenResourcesFiltering - Copying 1 resource from src\main\resources to target\classes
2026-01-20 17:43:50,459 [Worker-83: Building] INFO  o.a.m.s.f.DefaultMavenResourcesFiltering - Copying 0 resource from src\main\resources to target\classes
2026-01-20 17:43:50,462 [Worker-83: Building] INFO  o.a.m.s.f.DefaultMavenResourcesFiltering - skip non existing resourceDirectory E:\Full-stack\E_commerce\03-Customer-Api\src\test\resources
2026-01-20 17:43:53,694 [Worker-79: Building] INFO  o.a.m.s.f.DefaultMavenResourcesFiltering - Copying 1 resource from src\main\resources to target\classes
2026-01-20 17:43:53,698 [Worker-79: Building] INFO  o.a.m.s.f.DefaultMavenResourcesFiltering - Copying 0 resource from src\main\resources to target\classes
2026-01-20 17:43:53,700 [Worker-79: Building] INFO  o.a.m.s.f.DefaultMavenResourcesFiltering - skip non existing resourceDirectory E:\Full-stack\E_commerce\03-Customer-Api\src\test\resources
2026-01-20 17:45:01,046 [Worker-80: Building] INFO  o.a.m.s.f.DefaultMavenResourcesFiltering - Copying 1 resource from src\main\resources to target\classes
2026-01-20 17:45:01,053 [Worker-80: Building] INFO  o.a.m.s.f.DefaultMavenResourcesFiltering - Copying 0 resource from src\main\resources to target\classes
2026-01-20 17:45:01,055 [Worker-80: Building] INFO  o.a.m.s.f.DefaultMavenResourcesFiltering - skip non existing resourceDirectory E:\Full-stack\E_commerce\03-Customer-Api\src\test\resources
2026-01-20 17:46:21,867 [Worker-79: Building] INFO  o.a.m.s.f.DefaultMavenResourcesFiltering - Copying 1 resource from src\main\resources to target\classes
2026-01-20 17:46:21,872 [Worker-79: Building] INFO  o.a.m.s.f.DefaultMavenResourcesFiltering - Copying 0 resource from src\main\resources to target\classes
2026-01-20 17:46:21,875 [Worker-79: Building] INFO  o.a.m.s.f.DefaultMavenResourcesFiltering - skip non existing resourceDirectory E:\Full-stack\E_commerce\03-Customer-Api\src\test\resources
2026-01-20 17:46:53,214 [Worker-80: Building] INFO  o.a.m.s.f.DefaultMavenResourcesFiltering - Copying 1 resource from src\main\resources to target\classes
2026-01-20 17:46:53,219 [Worker-80: Building] INFO  o.a.m.s.f.DefaultMavenResourcesFiltering - Copying 0 resource from src\main\resources to target\classes
2026-01-20 17:46:53,222 [Worker-80: Building] INFO  o.a.m.s.f.DefaultMavenResourcesFiltering - skip non existing resourceDirectory E:\Full-stack\E_commerce\03-Customer-Api\src\test\resources
2026-01-20 17:46:57,737 [Worker-79: Building] INFO  o.a.m.s.f.DefaultMavenResourcesFiltering - Copying 1 resource from src\main\resources to target\classes
2026-01-20 17:46:57,744 [Worker-79: Building] INFO  o.a.m.s.f.DefaultMavenResourcesFiltering - Copying 0 resource from src\main\resources to target\classes
2026-01-20 17:46:57,746 [Worker-79: Building] INFO  o.a.m.s.f.DefaultMavenResourcesFiltering - skip non existing resourceDirectory E:\Full-stack\E_commerce\03-Customer-Api\src\test\resources
2026-01-20 17:48:22,902 [Worker-86: Building] INFO  o.a.m.s.f.DefaultMavenResourcesFiltering - Copying 1 resource from src\main\resources to target\classes
2026-01-20 17:48:22,906 [Worker-86: Building] INFO  o.a.m.s.f.DefaultMavenResourcesFiltering - Copying 0 resource from src\main\resources to target\classes
2026-01-20 17:48:22,908 [Worker-86: Building] INFO  o.a.m.s.f.DefaultMavenResourcesFiltering - skip non existing resourceDirectory E:\Full-stack\E_commerce\03-Customer-Api\src\test\resources
2026-01-20 17:50:31,982 [Worker-83: Building] INFO  o.a.m.s.f.DefaultMavenResourcesFiltering - Copying 1 resource from src\main\resources to target\classes
2026-01-20 17:50:31,987 [Worker-83: Building] INFO  o.a.m.s.f.DefaultMavenResourcesFiltering - Copying 0 resource from src\main\resources to target\classes
2026-01-20 17:50:31,989 [Worker-83: Building] INFO  o.a.m.s.f.DefaultMavenResourcesFiltering - skip non existing resourceDirectory E:\Full-stack\E_commerce\03-Customer-Api\src\test\resources
2026-01-20 17:50:36,687 [Worker-89: Building] INFO  o.a.m.s.f.DefaultMavenResourcesFiltering - Copying 1 resource from src\main\resources to target\classes
2026-01-20 17:50:36,693 [Worker-89: Building] INFO  o.a.m.s.f.DefaultMavenResourcesFiltering - Copying 0 resource from src\main\resources to target\classes
2026-01-20 17:50:36,695 [Worker-89: Building] INFO  o.a.m.s.f.DefaultMavenResourcesFiltering - skip non existing resourceDirectory E:\Full-stack\E_commerce\03-Customer-Api\src\test\resources
2026-01-20 17:51:31,156 [Worker-89: Launching 03-Customer-Api - OrderApiApplication] INFO  o.a.m.s.f.DefaultMavenResourcesFiltering - Copying 1 resource from src\main\resources to target\classes
2026-01-20 17:51:31,164 [Worker-89: Launching 03-Customer-Api - OrderApiApplication] INFO  o.a.m.s.f.DefaultMavenResourcesFiltering - Copying 0 resource from src\main\resources to target\classes
2026-01-20 17:51:31,167 [Worker-89: Launching 03-Customer-Api - OrderApiApplication] INFO  o.a.m.s.f.DefaultMavenResourcesFiltering - skip non existing resourceDirectory E:\Full-stack\E_commerce\03-Customer-Api\src\test\resources
2026-01-20 17:52:54,262 [Worker-92: Building] INFO  o.a.m.s.f.DefaultMavenResourcesFiltering - Copying 1 resource from src\main\resources to target\classes
2026-01-20 17:52:54,267 [Worker-92: Building] INFO  o.a.m.s.f.DefaultMavenResourcesFiltering - Copying 0 resource from src\main\resources to target\classes
2026-01-20 17:52:54,269 [Worker-92: Building] INFO  o.a.m.s.f.DefaultMavenResourcesFiltering - skip non existing resourceDirectory E:\Full-stack\E_commerce\03-Customer-Api\src\test\resources
2026-01-20 17:56:29,060 [Worker-90: Building] INFO  o.a.m.s.f.DefaultMavenResourcesFiltering - Copying 1 resource from src\main\resources to target\classes
2026-01-20 17:56:29,066 [Worker-90: Building] INFO  o.a.m.s.f.DefaultMavenResourcesFiltering - Copying 0 resource from src\main\resources to target\classes
2026-01-20 17:56:29,069 [Worker-90: Building] INFO  o.a.m.s.f.DefaultMavenResourcesFiltering - skip non existing resourceDirectory E:\Full-stack\E_commerce\03-Customer-Api\src\test\resources
2026-01-20 17:58:24,961 [Worker-94: Launching 03-Customer-Api - OrderApiApplication] INFO  o.a.m.s.f.DefaultMavenResourcesFiltering - Copying 1 resource from src\main\resources to target\classes
2026-01-20 17:58:24,968 [Worker-94: Launching 03-Customer-Api - OrderApiApplication] INFO  o.a.m.s.f.DefaultMavenResourcesFiltering - Copying 0 resource from src\main\resources to target\classes
2026-01-20 17:58:24,971 [Worker-94: Launching 03-Customer-Api - OrderApiApplication] INFO  o.a.m.s.f.DefaultMavenResourcesFiltering - skip non existing resourceDirectory E:\Full-stack\E_commerce\03-Customer-Api\src\test\resources
2026-01-20 18:02:33,730 [Worker-105: Building] INFO  o.e.m.c.i.l.LifecycleMappingFactory - Using org.eclipse.m2e.jdt.JarLifecycleMapping lifecycle mapping for MavenProject: in.ashokit:Order_Api:0.0.1-SNAPSHOT @ E:\Full-stack\E_commerce\03-Order-Api\pom.xml.
2026-01-20 18:02:36,819 [Worker-105: Building] INFO  o.a.m.s.f.DefaultMavenResourcesFiltering - Copying 1 resource from src\main\resources to target\classes
2026-01-20 18:02:36,836 [Worker-105: Building] INFO  o.a.m.s.f.DefaultMavenResourcesFiltering - Copying 0 resource from src\main\resources to target\classes
2026-01-20 18:02:36,840 [Worker-105: Building] INFO  o.a.m.s.f.DefaultMavenResourcesFiltering - skip non existing resourceDirectory E:\Full-stack\E_commerce\03-Order-Api\src\test\resources
2026-01-20 18:02:38,218 [Worker-100: Building] INFO  o.a.m.s.f.DefaultMavenResourcesFiltering - Copying 1 resource from src\main\resources to target\classes
2026-01-20 18:02:38,220 [Worker-100: Building] INFO  o.a.m.s.f.DefaultMavenResourcesFiltering - Copying 0 resource from src\main\resources to target\classes
2026-01-20 18:02:38,223 [Worker-100: Building] INFO  o.a.m.s.f.DefaultMavenResourcesFiltering - skip non existing resourceDirectory E:\Full-stack\E_commerce\03-Order-Api\src\test\resources
2026-01-20 18:05:04,388 [Worker-108: Launching 03-Order-Api - OrderApiApplication] INFO  o.a.m.s.f.DefaultMavenResourcesFiltering - Copying 1 resource from src\main\resources to target\classes
2026-01-20 18:05:04,393 [Worker-108: Launching 03-Order-Api - OrderApiApplication] INFO  o.a.m.s.f.DefaultMavenResourcesFiltering - Copying 0 resource from src\main\resources to target\classes
2026-01-20 18:05:04,397 [Worker-108: Launching 03-Order-Api - OrderApiApplication] INFO  o.a.m.s.f.DefaultMavenResourcesFiltering - skip non existing resourceDirectory E:\Full-stack\E_commerce\03-Order-Api\src\test\resources
2026-01-20 18:08:13,274 [Worker-99: Updating Maven Dependencies] INFO  o.e.m.c.i.l.LifecycleMappingFactory - Using org.eclipse.m2e.jdt.JarLifecycleMapping lifecycle mapping for MavenProject: com.example:Customer_Api:0.0.1-SNAPSHOT @ E:\Full-stack\E_commerce\02-Customer-Api\pom.xml.
2026-01-20 18:08:28,317 [Worker-114: Updating Maven Dependencies] INFO  o.e.m.c.i.l.LifecycleMappingFactory - Using org.eclipse.m2e.jdt.JarLifecycleMapping lifecycle mapping for MavenProject: com.example:Product_Api:0.0.1-SNAPSHOT @ E:\Full-stack\E_commerce\01-Product-Api\pom.xml.
2026-01-20 18:09:41,438 [Worker-112: Updating Maven Dependencies] INFO  o.e.m.c.i.l.LifecycleMappingFactory - Using org.eclipse.m2e.jdt.JarLifecycleMapping lifecycle mapping for MavenProject: com.example:Customer_Api:0.0.1-SNAPSHOT @ E:\Full-stack\E_commerce\02-Customer-Api\pom.xml.
2026-01-20 18:10:28,470 [Worker-99: Building] INFO  o.a.m.s.f.DefaultMavenResourcesFiltering - Copying 1 resource from src\main\resources to target\classes
2026-01-20 18:10:28,476 [Worker-99: Building] INFO  o.a.m.s.f.DefaultMavenResourcesFiltering - Copying 0 resource from src\main\resources to target\classes
2026-01-20 18:10:28,479 [Worker-99: Building] INFO  o.a.m.s.f.DefaultMavenResourcesFiltering - skip non existing resourceDirectory E:\Full-stack\E_commerce\03-Order-Api\src\test\resources
2026-01-20 18:10:52,287 [Worker-117: Building] INFO  o.a.m.s.f.DefaultMavenResourcesFiltering - Copying 1 resource from src\main\resources to target\classes
2026-01-20 18:10:52,292 [Worker-117: Building] INFO  o.a.m.s.f.DefaultMavenResourcesFiltering - Copying 0 resource from src\main\resources to target\classes
2026-01-20 18:10:52,294 [Worker-117: Building] INFO  o.a.m.s.f.DefaultMavenResourcesFiltering - skip non existing resourceDirectory E:\Full-stack\E_commerce\03-Order-Api\src\test\resources
2026-01-20 18:11:38,420 [Worker-99: Building] INFO  o.a.m.s.f.DefaultMavenResourcesFiltering - Copying 1 resource from src\main\resources to target\classes
2026-01-20 18:11:38,425 [Worker-99: Building] INFO  o.a.m.s.f.DefaultMavenResourcesFiltering - Copying 0 resource from src\main\resources to target\classes
2026-01-20 18:11:38,427 [Worker-99: Building] INFO  o.a.m.s.f.DefaultMavenResourcesFiltering - skip non existing resourceDirectory E:\Full-stack\E_commerce\03-Order-Api\src\test\resources
2026-01-20 18:11:46,057 [Worker-116: Launching 03-Order-Api - OrderApiApplication] INFO  o.a.m.s.f.DefaultMavenResourcesFiltering - Copying 1 resource from src\main\resources to target\classes
2026-01-20 18:11:46,068 [Worker-116: Launching 03-Order-Api - OrderApiApplication] INFO  o.a.m.s.f.DefaultMavenResourcesFiltering - Copying 0 resource from src\main\resources to target\classes
2026-01-20 18:11:46,079 [Worker-116: Launching 03-Order-Api - OrderApiApplication] INFO  o.a.m.s.f.DefaultMavenResourcesFiltering - skip non existing resourceDirectory E:\Full-stack\E_commerce\03-Order-Api\src\test\resources
2026-01-20 18:12:26,858 [Worker-110: Building] INFO  o.a.m.s.f.DefaultMavenResourcesFiltering - Copying 1 resource from src\main\resources to target\classes
2026-01-20 18:12:26,864 [Worker-110: Building] INFO  o.a.m.s.f.DefaultMavenResourcesFiltering - Copying 0 resource from src\main\resources to target\classes
2026-01-20 18:12:26,865 [Worker-110: Building] INFO  o.a.m.s.f.DefaultMavenResourcesFiltering - skip non existing resourceDirectory E:\Full-stack\E_commerce\03-Order-Api\src\test\resources
2026-01-20 18:13:06,942 [Worker-116: Building] INFO  o.a.m.s.f.DefaultMavenResourcesFiltering - Copying 1 resource from src\main\resources to target\classes
2026-01-20 18:13:06,947 [Worker-116: Building] INFO  o.a.m.s.f.DefaultMavenResourcesFiltering - Copying 0 resource from src\main\resources to target\classes
2026-01-20 18:13:06,949 [Worker-116: Building] INFO  o.a.m.s.f.DefaultMavenResourcesFiltering - skip non existing resourceDirectory E:\Full-stack\E_commerce\03-Order-Api\src\test\resources
2026-01-20 18:13:15,753 [Worker-117: Building] INFO  o.a.m.s.f.DefaultMavenResourcesFiltering - Copying 1 resource from src\main\resources to target\classes
2026-01-20 18:13:15,757 [Worker-117: Building] INFO  o.a.m.s.f.DefaultMavenResourcesFiltering - Copying 0 resource from src\main\resources to target\classes
2026-01-20 18:13:15,759 [Worker-117: Building] INFO  o.a.m.s.f.DefaultMavenResourcesFiltering - skip non existing resourceDirectory E:\Full-stack\E_commerce\03-Order-Api\src\test\resources
2026-01-20 18:13:24,595 [Worker-114: Building] INFO  o.a.m.s.f.DefaultMavenResourcesFiltering - Copying 1 resource from src\main\resources to target\classes
2026-01-20 18:13:24,600 [Worker-114: Building] INFO  o.a.m.s.f.DefaultMavenResourcesFiltering - Copying 0 resource from src\main\resources to target\classes
2026-01-20 18:13:24,602 [Worker-114: Building] INFO  o.a.m.s.f.DefaultMavenResourcesFiltering - skip non existing resourceDirectory E:\Full-stack\E_commerce\03-Order-Api\src\test\resources
2026-01-20 18:14:22,794 [Worker-112: Building] INFO  o.a.m.s.f.DefaultMavenResourcesFiltering - Copying 1 resource from src\main\resources to target\classes
2026-01-20 18:14:22,800 [Worker-112: Building] INFO  o.a.m.s.f.DefaultMavenResourcesFiltering - Copying 0 resource from src\main\resources to target\classes
2026-01-20 18:14:22,802 [Worker-112: Building] INFO  o.a.m.s.f.DefaultMavenResourcesFiltering - skip non existing resourceDirectory E:\Full-stack\E_commerce\03-Order-Api\src\test\resources
2026-01-20 18:14:36,086 [Worker-99: Building] INFO  o.a.m.s.f.DefaultMavenResourcesFiltering - Copying 1 resource from src\main\resources to target\classes
2026-01-20 18:14:36,094 [Worker-99: Building] INFO  o.a.m.s.f.DefaultMavenResourcesFiltering - Copying 0 resource from src\main\resources to target\classes
2026-01-20 18:14:36,096 [Worker-99: Building] INFO  o.a.m.s.f.DefaultMavenResourcesFiltering - skip non existing resourceDirectory E:\Full-stack\E_commerce\03-Order-Api\src\test\resources
2026-01-20 18:16:22,723 [Worker-115: Building] INFO  o.a.m.s.f.DefaultMavenResourcesFiltering - Copying 1 resource from src\main\resources to target\classes
2026-01-20 18:16:22,729 [Worker-115: Building] INFO  o.a.m.s.f.DefaultMavenResourcesFiltering - Copying 0 resource from src\main\resources to target\classes
2026-01-20 18:16:22,731 [Worker-115: Building] INFO  o.a.m.s.f.DefaultMavenResourcesFiltering - skip non existing resourceDirectory E:\Full-stack\E_commerce\03-Order-Api\src\test\resources
2026-01-20 18:16:34,091 [Worker-110: Building] INFO  o.a.m.s.f.DefaultMavenResourcesFiltering - Copying 1 resource from src\main\resources to target\classes
2026-01-20 18:16:34,096 [Worker-110: Building] INFO  o.a.m.s.f.DefaultMavenResourcesFiltering - Copying 0 resource from src\main\resources to target\classes
2026-01-20 18:16:34,098 [Worker-110: Building] INFO  o.a.m.s.f.DefaultMavenResourcesFiltering - skip non existing resourceDirectory E:\Full-stack\E_commerce\03-Order-Api\src\test\resources
2026-01-20 18:17:50,421 [Worker-115: Building] INFO  o.a.m.s.f.DefaultMavenResourcesFiltering - Copying 1 resource from src\main\resources to target\classes
2026-01-20 18:17:50,425 [Worker-115: Building] INFO  o.a.m.s.f.DefaultMavenResourcesFiltering - Copying 0 resource from src\main\resources to target\classes
2026-01-20 18:17:50,427 [Worker-115: Building] INFO  o.a.m.s.f.DefaultMavenResourcesFiltering - skip non existing resourceDirectory E:\Full-stack\E_commerce\03-Order-Api\src\test\resources
2026-01-20 18:17:52,110 [Worker-111: Building] INFO  o.a.m.s.f.DefaultMavenResourcesFiltering - Copying 1 resource from src\main\resources to target\classes
2026-01-20 18:17:52,114 [Worker-111: Building] INFO  o.a.m.s.f.DefaultMavenResourcesFiltering - Copying 0 resource from src\main\resources to target\classes
2026-01-20 18:17:52,116 [Worker-111: Building] INFO  o.a.m.s.f.DefaultMavenResourcesFiltering - skip non existing resourceDirectory E:\Full-stack\E_commerce\03-Order-Api\src\test\resources
2026-01-20 18:18:16,375 [Worker-111: Building] INFO  o.a.m.s.f.DefaultMavenResourcesFiltering - Copying 1 resource from src\main\resources to target\classes
2026-01-20 18:18:16,380 [Worker-111: Building] INFO  o.a.m.s.f.DefaultMavenResourcesFiltering - Copying 0 resource from src\main\resources to target\classes
2026-01-20 18:18:16,382 [Worker-111: Building] INFO  o.a.m.s.f.DefaultMavenResourcesFiltering - skip non existing resourceDirectory E:\Full-stack\E_commerce\03-Order-Api\src\test\resources
2026-01-20 18:23:55,461 [Stop Help Server] INFO  org.eclipse.jetty.server.Server - Stopped oejs.Server@5ec2cc88{STOPPING}[12.0.9,sto=0]
2026-01-20 18:23:55,489 [Stop Help Server] INFO  o.e.jetty.server.AbstractConnector - Stopped ServerConnector@485172c8{HTTP/1.1, (http/1.1)}{127.0.0.1:0}
2026-01-21 10:56:07,295 [Worker-2: Loading available Gradle versions] INFO  o.e.b.c.i.u.g.PublishedGradleVersions - Gradle version information cache is up-to-date. Trying to read.
2026-01-21 11:06:28,399 [Worker-12: Building] INFO  o.e.m.c.i.l.LifecycleMappingFactory - Using org.eclipse.m2e.jdt.JarLifecycleMapping lifecycle mapping for MavenProject: com.example:Product_Api:0.0.1-SNAPSHOT @ E:\Full-stack\E_commerce\01-Product-Api\pom.xml.
2026-01-21 11:06:32,003 [Worker-14: Updating Maven Dependencies] INFO  o.e.m.c.i.l.LifecycleMappingFactory - Using org.eclipse.m2e.jdt.JarLifecycleMapping lifecycle mapping for MavenProject: com.example:Product_Api:0.0.1-SNAPSHOT @ E:\Full-stack\E_commerce\01-Product-Api\pom.xml.
2026-01-21 11:06:52,970 [Worker-12: Updating Maven Dependencies] INFO  o.e.m.c.i.l.LifecycleMappingFactory - Using org.eclipse.m2e.jdt.JarLifecycleMapping lifecycle mapping for MavenProject: com.example:Customer_Api:0.0.1-SNAPSHOT @ E:\Full-stack\E_commerce\02-Customer-Api\pom.xml.
2026-01-21 11:07:05,908 [Worker-20: Building] INFO  o.a.m.s.f.DefaultMavenResourcesFiltering - Copying 1 resource from src\main\resources to target\classes
2026-01-21 11:07:05,919 [Worker-20: Building] INFO  o.a.m.s.f.DefaultMavenResourcesFiltering - Copying 0 resource from src\main\resources to target\classes
2026-01-21 11:07:05,923 [Worker-20: Building] INFO  o.a.m.s.f.DefaultMavenResourcesFiltering - skip non existing resourceDirectory E:\Full-stack\E_commerce\03-Order-Api\src\test\resources
2026-01-21 11:07:25,275 [Worker-16: Updating Maven Dependencies] INFO  o.e.m.c.i.l.LifecycleMappingFactory - Using org.eclipse.m2e.jdt.JarLifecycleMapping lifecycle mapping for MavenProject: com.example:Product_Api:0.0.1-SNAPSHOT @ E:\Full-stack\E_commerce\01-Product-Api\pom.xml.
2026-01-21 11:08:02,126 [Worker-13: Updating Maven Dependencies] INFO  o.e.m.c.i.l.LifecycleMappingFactory - Using org.eclipse.m2e.jdt.JarLifecycleMapping lifecycle mapping for MavenProject: com.example:Customer_Api:0.0.1-SNAPSHOT @ E:\Full-stack\E_commerce\02-Customer-Api\pom.xml.
2026-01-21 11:08:17,141 [Worker-13: Updating Maven Dependencies] INFO  o.e.m.c.i.l.LifecycleMappingFactory - Using org.eclipse.m2e.jdt.JarLifecycleMapping lifecycle mapping for MavenProject: in.ashokit:Order_Api:0.0.1-SNAPSHOT @ E:\Full-stack\E_commerce\03-Order-Api\pom.xml.
2026-01-21 11:08:27,953 [Worker-15: Updating Maven Dependencies] INFO  o.e.m.c.i.l.LifecycleMappingFactory - Using org.eclipse.m2e.jdt.JarLifecycleMapping lifecycle mapping for MavenProject: in.ashokit:04-Notification-Api:0.0.1-SNAPSHOT @ E:\Full-stack\E_commerce\04-Notification-Api\pom.xml.
2026-01-21 11:10:05,178 [Worker-11: Import Getting Started Content] INFO  o.e.m.c.i.l.LifecycleMappingFactory - Using org.eclipse.m2e.jdt.JarLifecycleMapping lifecycle mapping for MavenProject: in.ashokit:05-Ecom-ServiceRegistry:0.0.1-SNAPSHOT @ E:\Full-stack\E_commerce\05-Ecom-ServiceRegistry\pom.xml.
2026-01-21 11:10:08,988 [Worker-11: Import Getting Started Content] INFO  o.e.m.j.i.AbstractJavaProjectConfigurator - Adding source folder /05-Ecom-ServiceRegistry/src/main/java
2026-01-21 11:10:08,989 [Worker-11: Import Getting Started Content] INFO  o.e.m.j.i.AbstractJavaProjectConfigurator - Adding resource folder /05-Ecom-ServiceRegistry/src/main/resources
2026-01-21 11:10:08,992 [Worker-11: Import Getting Started Content] INFO  o.e.m.j.i.AbstractJavaProjectConfigurator - Adding resource folder /05-Ecom-ServiceRegistry/src/main/resources
2026-01-21 11:10:08,995 [Worker-11: Import Getting Started Content] INFO  o.e.m.j.i.AbstractJavaProjectConfigurator - Adding source folder /05-Ecom-ServiceRegistry/src/test/java
2026-01-21 11:10:08,995 [Worker-11: Import Getting Started Content] INFO  o.e.m.j.i.AbstractJavaProjectConfigurator - Adding resource folder /05-Ecom-ServiceRegistry/src/test/resources
2026-01-21 11:10:12,224 [Worker-11: Import Getting Started Content] INFO  o.e.m.c.i.p.ProjectConfigurationManager - Imported and configured 1 project(s) in 7 sec
2026-01-21 11:10:12,226 [Worker-11: Import Getting Started Content] INFO  o.e.m.c.i.p.ProjectConfigurationManager - Update started
2026-01-21 11:10:12,469 [Worker-11: Import Getting Started Content] INFO  o.e.m.c.i.l.LifecycleMappingFactory - Using org.eclipse.m2e.jdt.JarLifecycleMapping lifecycle mapping for MavenProject: in.ashokit:05-Ecom-ServiceRegistry:0.0.1-SNAPSHOT @ E:\Full-stack\E_commerce\05-Ecom-ServiceRegistry\pom.xml.
2026-01-21 11:10:13,520 [Worker-11: Import Getting Started Content] INFO  o.e.m.j.i.AbstractJavaProjectConfigurator - Adding source folder /05-Ecom-ServiceRegistry/src/main/java
2026-01-21 11:10:13,520 [Worker-11: Import Getting Started Content] INFO  o.e.m.j.i.AbstractJavaProjectConfigurator - Adding resource folder /05-Ecom-ServiceRegistry/src/main/resources
2026-01-21 11:10:13,521 [Worker-11: Import Getting Started Content] INFO  o.e.m.j.i.AbstractJavaProjectConfigurator - Adding resource folder /05-Ecom-ServiceRegistry/src/main/resources
2026-01-21 11:10:13,521 [Worker-11: Import Getting Started Content] INFO  o.e.m.j.i.AbstractJavaProjectConfigurator - Adding source folder /05-Ecom-ServiceRegistry/src/test/java
2026-01-21 11:10:13,522 [Worker-11: Import Getting Started Content] INFO  o.e.m.j.i.AbstractJavaProjectConfigurator - Adding resource folder /05-Ecom-ServiceRegistry/src/test/resources
2026-01-21 11:10:14,025 [Worker-11: Import Getting Started Content] INFO  o.e.m.c.i.p.ProjectConfigurationManager - Update completed for 1 poms: local refresh takes 0.00 sec, refresh facades takes 1.00 sec, update config takes 0.00 sec 
2026-01-21 11:10:14,418 [Worker-16: Building] INFO  o.a.m.s.f.DefaultMavenResourcesFiltering - Copying 1 resource from src\main\resources to target\classes
2026-01-21 11:10:14,436 [Worker-16: Building] INFO  o.a.m.s.f.DefaultMavenResourcesFiltering - Copying 0 resource from src\main\resources to target\classes
2026-01-21 11:10:14,439 [Worker-16: Building] INFO  o.a.m.s.f.DefaultMavenResourcesFiltering - skip non existing resourceDirectory E:\Full-stack\E_commerce\05-Ecom-ServiceRegistry\src\test\resources
2026-01-21 11:11:17,953 [Start Help Server] INFO  org.eclipse.jetty.server.Server - jetty-12.0.9; built: 2024-05-03T13:03:17.262Z; git: efe8023327e67287f9bfd006700e6a71d45b5dd6; jvm 21.0.3+9-LTS
2026-01-21 11:11:18,003 [Start Help Server] INFO  o.e.j.server.handler.ContextHandler - Started oeje8n.ContextHandler$CoreContextHandler@55889c02{/help,/help,b=null,a=AVAILABLE,h=oeje8n.ContextHandler$CoreContextHandler$CoreToNestedHandler@25bb8541{STARTED}}
2026-01-21 11:11:18,003 [Start Help Server] INFO  o.e.j.s.DefaultSessionIdManager - Session workerName=node0
2026-01-21 11:11:18,024 [Start Help Server] INFO  o.e.jetty.server.AbstractConnector - Started ServerConnector@562f02ba{HTTP/1.1, (http/1.1)}{127.0.0.1:49358}
2026-01-21 11:11:18,039 [Start Help Server] INFO  org.eclipse.jetty.server.Server - Started oejs.Server@28c527ab{STARTING}[12.0.9,sto=0] @921604ms
2026-01-21 11:11:29,383 [Worker-19: Launching 05-Ecom-ServiceRegistry - Application] INFO  o.a.m.s.f.DefaultMavenResourcesFiltering - Copying 1 resource from src\main\resources to target\classes
2026-01-21 11:11:29,394 [Worker-19: Launching 05-Ecom-ServiceRegistry - Application] INFO  o.a.m.s.f.DefaultMavenResourcesFiltering - Copying 0 resource from src\main\resources to target\classes
2026-01-21 11:11:29,398 [Worker-19: Launching 05-Ecom-ServiceRegistry - Application] INFO  o.a.m.s.f.DefaultMavenResourcesFiltering - skip non existing resourceDirectory E:\Full-stack\E_commerce\05-Ecom-ServiceRegistry\src\test\resources
2026-01-21 11:12:54,568 [Worker-20: Import Getting Started Content] INFO  o.e.m.c.i.l.LifecycleMappingFactory - Using org.eclipse.m2e.jdt.JarLifecycleMapping lifecycle mapping for MavenProject: in.ashokit:06-Ecom-AdminServer:0.0.1-SNAPSHOT @ E:\Full-stack\E_commerce\06-Ecom-AdminServer\pom.xml.
2026-01-21 11:12:55,013 [Worker-20: Import Getting Started Content] INFO  o.e.m.j.i.AbstractJavaProjectConfigurator - Adding source folder /06-Ecom-AdminServer/src/main/java
2026-01-21 11:12:55,013 [Worker-20: Import Getting Started Content] INFO  o.e.m.j.i.AbstractJavaProjectConfigurator - Adding resource folder /06-Ecom-AdminServer/src/main/resources
2026-01-21 11:12:55,015 [Worker-20: Import Getting Started Content] INFO  o.e.m.j.i.AbstractJavaProjectConfigurator - Adding resource folder /06-Ecom-AdminServer/src/main/resources
2026-01-21 11:12:55,019 [Worker-20: Import Getting Started Content] INFO  o.e.m.j.i.AbstractJavaProjectConfigurator - Adding source folder /06-Ecom-AdminServer/src/test/java
2026-01-21 11:12:55,019 [Worker-20: Import Getting Started Content] INFO  o.e.m.j.i.AbstractJavaProjectConfigurator - Adding resource folder /06-Ecom-AdminServer/src/test/resources
2026-01-21 11:12:55,240 [Worker-20: Import Getting Started Content] INFO  o.e.m.c.i.p.ProjectConfigurationManager - Imported and configured 1 project(s) in 1 sec
2026-01-21 11:12:55,241 [Worker-20: Import Getting Started Content] INFO  o.e.m.c.i.p.ProjectConfigurationManager - Update started
2026-01-21 11:12:55,498 [Worker-20: Import Getting Started Content] INFO  o.e.m.c.i.l.LifecycleMappingFactory - Using org.eclipse.m2e.jdt.JarLifecycleMapping lifecycle mapping for MavenProject: in.ashokit:06-Ecom-AdminServer:0.0.1-SNAPSHOT @ E:\Full-stack\E_commerce\06-Ecom-AdminServer\pom.xml.
2026-01-21 11:12:55,915 [Worker-20: Import Getting Started Content] INFO  o.e.m.j.i.AbstractJavaProjectConfigurator - Adding source folder /06-Ecom-AdminServer/src/main/java
2026-01-21 11:12:55,915 [Worker-20: Import Getting Started Content] INFO  o.e.m.j.i.AbstractJavaProjectConfigurator - Adding resource folder /06-Ecom-AdminServer/src/main/resources
2026-01-21 11:12:55,915 [Worker-20: Import Getting Started Content] INFO  o.e.m.j.i.AbstractJavaProjectConfigurator - Adding resource folder /06-Ecom-AdminServer/src/main/resources
2026-01-21 11:12:55,915 [Worker-20: Import Getting Started Content] INFO  o.e.m.j.i.AbstractJavaProjectConfigurator - Adding source folder /06-Ecom-AdminServer/src/test/java
2026-01-21 11:12:55,916 [Worker-20: Import Getting Started Content] INFO  o.e.m.j.i.AbstractJavaProjectConfigurator - Adding resource folder /06-Ecom-AdminServer/src/test/resources
2026-01-21 11:12:56,127 [Worker-20: Import Getting Started Content] INFO  o.e.m.c.i.p.ProjectConfigurationManager - Update completed for 1 poms: local refresh takes 0.00 sec, refresh facades takes 0.00 sec, update config takes 0.00 sec 
2026-01-21 11:12:56,345 [Worker-12: Building] INFO  o.a.m.s.f.DefaultMavenResourcesFiltering - Copying 1 resource from src\main\resources to target\classes
2026-01-21 11:12:56,355 [Worker-12: Building] INFO  o.a.m.s.f.DefaultMavenResourcesFiltering - Copying 0 resource from src\main\resources to target\classes
2026-01-21 11:12:56,358 [Worker-12: Building] INFO  o.a.m.s.f.DefaultMavenResourcesFiltering - skip non existing resourceDirectory E:\Full-stack\E_commerce\06-Ecom-AdminServer\src\test\resources
2026-01-21 11:14:14,552 [Worker-11: Building] INFO  o.e.m.c.i.l.LifecycleMappingFactory - Using org.eclipse.m2e.jdt.JarLifecycleMapping lifecycle mapping for MavenProject: in.ashokit:06-Ecom-AdminServer:0.0.1-SNAPSHOT @ E:\Full-stack\E_commerce\06-Ecom-AdminServer\pom.xml.
2026-01-21 11:14:14,940 [Worker-11: Building] INFO  o.e.m.c.i.e.AbstractTransferListenerAdapter - Downloading https://repo.maven.apache.org/maven2/org/springframework/boot/spring-boot-starter-webflux/4.0.1/spring-boot-starter-webflux-4.0.1.pom
2026-01-21 11:14:14,972 [Worker-11: Building] INFO  o.e.m.c.i.e.AbstractTransferListenerAdapter - Downloaded https://repo.maven.apache.org/maven2/org/springframework/boot/spring-boot-starter-webflux/4.0.1/spring-boot-starter-webflux-4.0.1.pom
2026-01-21 11:14:15,027 [Worker-11: Building] INFO  o.e.m.c.i.e.AbstractTransferListenerAdapter - Downloading https://repo.maven.apache.org/maven2/org/springframework/boot/spring-boot-starter-reactor-netty/4.0.1/spring-boot-starter-reactor-netty-4.0.1.pom
2026-01-21 11:14:15,057 [Worker-11: Building] INFO  o.e.m.c.i.e.AbstractTransferListenerAdapter - Downloaded https://repo.maven.apache.org/maven2/org/springframework/boot/spring-boot-starter-reactor-netty/4.0.1/spring-boot-starter-reactor-netty-4.0.1.pom
2026-01-21 11:14:15,120 [Worker-11: Building] INFO  o.e.m.c.i.e.AbstractTransferListenerAdapter - Downloading https://repo.maven.apache.org/maven2/org/springframework/boot/spring-boot-reactor/4.0.1/spring-boot-reactor-4.0.1.pom
2026-01-21 11:14:15,154 [Worker-11: Building] INFO  o.e.m.c.i.e.AbstractTransferListenerAdapter - Downloaded https://repo.maven.apache.org/maven2/org/springframework/boot/spring-boot-reactor/4.0.1/spring-boot-reactor-4.0.1.pom
2026-01-21 11:14:15,211 [Worker-11: Building] INFO  o.e.m.c.i.e.AbstractTransferListenerAdapter - Downloading https://repo.maven.apache.org/maven2/org/springframework/boot/spring-boot-reactor-netty/4.0.1/spring-boot-reactor-netty-4.0.1.pom
2026-01-21 11:14:15,247 [Worker-11: Building] INFO  o.e.m.c.i.e.AbstractTransferListenerAdapter - Downloaded https://repo.maven.apache.org/maven2/org/springframework/boot/spring-boot-reactor-netty/4.0.1/spring-boot-reactor-netty-4.0.1.pom
2026-01-21 11:14:15,311 [Worker-11: Building] INFO  o.e.m.c.i.e.AbstractTransferListenerAdapter - Downloading https://repo.maven.apache.org/maven2/io/projectreactor/netty/reactor-netty-http/1.3.1/reactor-netty-http-1.3.1.pom
2026-01-21 11:14:15,344 [Worker-11: Building] INFO  o.e.m.c.i.e.AbstractTransferListenerAdapter - Downloaded https://repo.maven.apache.org/maven2/io/projectreactor/netty/reactor-netty-http/1.3.1/reactor-netty-http-1.3.1.pom
2026-01-21 11:14:15,390 [Worker-11: Building] INFO  o.e.m.c.i.e.AbstractTransferListenerAdapter - Downloading https://repo.maven.apache.org/maven2/io/netty/netty-codec-http/4.2.9.Final/netty-codec-http-4.2.9.Final.pom
2026-01-21 11:14:15,414 [Worker-11: Building] INFO  o.e.m.c.i.e.AbstractTransferListenerAdapter - Downloaded https://repo.maven.apache.org/maven2/io/netty/netty-codec-http/4.2.9.Final/netty-codec-http-4.2.9.Final.pom
2026-01-21 11:14:15,481 [Worker-11: Building] INFO  o.e.m.c.i.e.AbstractTransferListenerAdapter - Downloading https://repo.maven.apache.org/maven2/io/netty/netty-codec-compression/4.2.9.Final/netty-codec-compression-4.2.9.Final.pom
2026-01-21 11:14:15,507 [Worker-11: Building] INFO  o.e.m.c.i.e.AbstractTransferListenerAdapter - Downloaded https://repo.maven.apache.org/maven2/io/netty/netty-codec-compression/4.2.9.Final/netty-codec-compression-4.2.9.Final.pom
2026-01-21 11:14:15,559 [Worker-11: Building] INFO  o.e.m.c.i.e.AbstractTransferListenerAdapter - Downloading https://repo.maven.apache.org/maven2/io/netty/netty-codec-http2/4.2.9.Final/netty-codec-http2-4.2.9.Final.pom
2026-01-21 11:14:15,585 [Worker-11: Building] INFO  o.e.m.c.i.e.AbstractTransferListenerAdapter - Downloaded https://repo.maven.apache.org/maven2/io/netty/netty-codec-http2/4.2.9.Final/netty-codec-http2-4.2.9.Final.pom
2026-01-21 11:14:15,631 [Worker-11: Building] INFO  o.e.m.c.i.e.AbstractTransferListenerAdapter - Downloading https://repo.maven.apache.org/maven2/io/netty/netty-codec-http3/4.2.9.Final/netty-codec-http3-4.2.9.Final.pom
2026-01-21 11:14:15,658 [Worker-11: Building] INFO  o.e.m.c.i.e.AbstractTransferListenerAdapter - Downloaded https://repo.maven.apache.org/maven2/io/netty/netty-codec-http3/4.2.9.Final/netty-codec-http3-4.2.9.Final.pom
2026-01-21 11:14:15,721 [Worker-11: Building] INFO  o.e.m.c.i.e.AbstractTransferListenerAdapter - Downloading https://repo.maven.apache.org/maven2/io/netty/netty-codec-classes-quic/4.2.9.Final/netty-codec-classes-quic-4.2.9.Final.pom
2026-01-21 11:14:15,753 [Worker-11: Building] INFO  o.e.m.c.i.e.AbstractTransferListenerAdapter - Downloaded https://repo.maven.apache.org/maven2/io/netty/netty-codec-classes-quic/4.2.9.Final/netty-codec-classes-quic-4.2.9.Final.pom
2026-01-21 11:14:15,815 [Worker-11: Building] INFO  o.e.m.c.i.e.AbstractTransferListenerAdapter - Downloading https://repo.maven.apache.org/maven2/io/netty/netty-codec-native-quic/4.2.9.Final/netty-codec-native-quic-4.2.9.Final.pom
2026-01-21 11:14:15,845 [Worker-11: Building] INFO  o.e.m.c.i.e.AbstractTransferListenerAdapter - Downloaded https://repo.maven.apache.org/maven2/io/netty/netty-codec-native-quic/4.2.9.Final/netty-codec-native-quic-4.2.9.Final.pom
2026-01-21 11:14:15,926 [Worker-11: Building] INFO  o.e.m.c.i.e.AbstractTransferListenerAdapter - Downloading https://repo.maven.apache.org/maven2/io/netty/netty-resolver-dns-native-macos/4.2.9.Final/netty-resolver-dns-native-macos-4.2.9.Final.pom
2026-01-21 11:14:15,954 [Worker-11: Building] INFO  o.e.m.c.i.e.AbstractTransferListenerAdapter - Downloaded https://repo.maven.apache.org/maven2/io/netty/netty-resolver-dns-native-macos/4.2.9.Final/netty-resolver-dns-native-macos-4.2.9.Final.pom
2026-01-21 11:14:16,010 [Worker-11: Building] INFO  o.e.m.c.i.e.AbstractTransferListenerAdapter - Downloading https://repo.maven.apache.org/maven2/io/netty/netty-resolver-dns-classes-macos/4.2.9.Final/netty-resolver-dns-classes-macos-4.2.9.Final.pom
2026-01-21 11:14:16,040 [Worker-11: Building] INFO  o.e.m.c.i.e.AbstractTransferListenerAdapter - Downloaded https://repo.maven.apache.org/maven2/io/netty/netty-resolver-dns-classes-macos/4.2.9.Final/netty-resolver-dns-classes-macos-4.2.9.Final.pom
2026-01-21 11:14:16,096 [Worker-11: Building] INFO  o.e.m.c.i.e.AbstractTransferListenerAdapter - Downloading https://repo.maven.apache.org/maven2/io/netty/netty-transport-native-epoll/4.2.9.Final/netty-transport-native-epoll-4.2.9.Final.pom
2026-01-21 11:14:16,127 [Worker-11: Building] INFO  o.e.m.c.i.e.AbstractTransferListenerAdapter - Downloaded https://repo.maven.apache.org/maven2/io/netty/netty-transport-native-epoll/4.2.9.Final/netty-transport-native-epoll-4.2.9.Final.pom
2026-01-21 11:14:16,183 [Worker-11: Building] INFO  o.e.m.c.i.e.AbstractTransferListenerAdapter - Downloading https://repo.maven.apache.org/maven2/io/netty/netty-transport-classes-epoll/4.2.9.Final/netty-transport-classes-epoll-4.2.9.Final.pom
2026-01-21 11:14:16,212 [Worker-11: Building] INFO  o.e.m.c.i.e.AbstractTransferListenerAdapter - Downloaded https://repo.maven.apache.org/maven2/io/netty/netty-transport-classes-epoll/4.2.9.Final/netty-transport-classes-epoll-4.2.9.Final.pom
2026-01-21 11:14:16,260 [Worker-11: Building] INFO  o.e.m.c.i.e.AbstractTransferListenerAdapter - Downloading https://repo.maven.apache.org/maven2/io/projectreactor/netty/reactor-netty-core/1.3.1/reactor-netty-core-1.3.1.pom
2026-01-21 11:14:16,288 [Worker-11: Building] INFO  o.e.m.c.i.e.AbstractTransferListenerAdapter - Downloaded https://repo.maven.apache.org/maven2/io/projectreactor/netty/reactor-netty-core/1.3.1/reactor-netty-core-1.3.1.pom
2026-01-21 11:14:16,335 [Worker-11: Building] INFO  o.e.m.c.i.e.AbstractTransferListenerAdapter - Downloading https://repo.maven.apache.org/maven2/io/netty/netty-handler-proxy/4.2.9.Final/netty-handler-proxy-4.2.9.Final.pom
2026-01-21 11:14:16,362 [Worker-11: Building] INFO  o.e.m.c.i.e.AbstractTransferListenerAdapter - Downloaded https://repo.maven.apache.org/maven2/io/netty/netty-handler-proxy/4.2.9.Final/netty-handler-proxy-4.2.9.Final.pom
2026-01-21 11:14:16,407 [Worker-11: Building] INFO  o.e.m.c.i.e.AbstractTransferListenerAdapter - Downloading https://repo.maven.apache.org/maven2/io/netty/netty-codec-socks/4.2.9.Final/netty-codec-socks-4.2.9.Final.pom
2026-01-21 11:14:16,439 [Worker-11: Building] INFO  o.e.m.c.i.e.AbstractTransferListenerAdapter - Downloaded https://repo.maven.apache.org/maven2/io/netty/netty-codec-socks/4.2.9.Final/netty-codec-socks-4.2.9.Final.pom
2026-01-21 11:14:16,502 [Worker-11: Building] INFO  o.e.m.c.i.e.AbstractTransferListenerAdapter - Downloading https://repo.maven.apache.org/maven2/org/springframework/boot/spring-boot-webflux/4.0.1/spring-boot-webflux-4.0.1.pom
2026-01-21 11:14:16,523 [Worker-11: Building] INFO  o.e.m.c.i.e.AbstractTransferListenerAdapter - Downloaded https://repo.maven.apache.org/maven2/org/springframework/boot/spring-boot-webflux/4.0.1/spring-boot-webflux-4.0.1.pom
2026-01-21 11:14:16,580 [Worker-11: Building] INFO  o.e.m.c.i.e.AbstractTransferListenerAdapter - Downloading https://repo.maven.apache.org/maven2/org/springframework/boot/spring-boot-http-codec/4.0.1/spring-boot-http-codec-4.0.1.pom
2026-01-21 11:14:16,613 [Worker-11: Building] INFO  o.e.m.c.i.e.AbstractTransferListenerAdapter - Downloaded https://repo.maven.apache.org/maven2/org/springframework/boot/spring-boot-http-codec/4.0.1/spring-boot-http-codec-4.0.1.pom
2026-01-21 11:14:16,662 [Worker-11: Building] INFO  o.e.m.c.i.e.AbstractTransferListenerAdapter - Downloading https://repo.maven.apache.org/maven2/org/springframework/spring-webflux/7.0.2/spring-webflux-7.0.2.pom
2026-01-21 11:14:16,693 [Worker-11: Building] INFO  o.e.m.c.i.e.AbstractTransferListenerAdapter - Downloaded https://repo.maven.apache.org/maven2/org/springframework/spring-webflux/7.0.2/spring-webflux-7.0.2.pom
2026-01-21 11:14:16,809 [Worker-11: Building] INFO  o.e.m.c.i.e.AbstractTransferListenerAdapter - Downloading https://repo.maven.apache.org/maven2/org/springframework/boot/spring-boot-starter-thymeleaf/4.0.1/spring-boot-starter-thymeleaf-4.0.1.pom
2026-01-21 11:14:16,833 [Worker-11: Building] INFO  o.e.m.c.i.e.AbstractTransferListenerAdapter - Downloaded https://repo.maven.apache.org/maven2/org/springframework/boot/spring-boot-starter-thymeleaf/4.0.1/spring-boot-starter-thymeleaf-4.0.1.pom
2026-01-21 11:14:16,886 [Worker-11: Building] INFO  o.e.m.c.i.e.AbstractTransferListenerAdapter - Downloading https://repo.maven.apache.org/maven2/org/springframework/boot/spring-boot-thymeleaf/4.0.1/spring-boot-thymeleaf-4.0.1.pom
2026-01-21 11:14:16,922 [Worker-11: Building] INFO  o.e.m.c.i.e.AbstractTransferListenerAdapter - Downloaded https://repo.maven.apache.org/maven2/org/springframework/boot/spring-boot-thymeleaf/4.0.1/spring-boot-thymeleaf-4.0.1.pom
2026-01-21 11:14:17,306 [Worker-11: Building] INFO  o.e.m.c.i.e.AbstractTransferListenerAdapter - Downloading https://repo.maven.apache.org/maven2/org/springframework/boot/spring-boot-starter-webflux/4.0.1/spring-boot-starter-webflux-4.0.1.jar
2026-01-21 11:14:17,368 [Worker-11: Building] INFO  o.e.m.c.i.e.AbstractTransferListenerAdapter - Downloaded https://repo.maven.apache.org/maven2/org/springframework/boot/spring-boot-starter-webflux/4.0.1/spring-boot-starter-webflux-4.0.1.jar
2026-01-21 11:14:17,470 [BasicRepositoryConnector-repo.maven.apache.org-0-4] INFO  o.e.m.c.i.e.AbstractTransferListenerAdapter - Downloading https://repo.maven.apache.org/maven2/io/netty/netty-codec-http/4.2.9.Final/netty-codec-http-4.2.9.Final.jar
2026-01-21 11:14:17,585 [BasicRepositoryConnector-repo.maven.apache.org-0-1] INFO  o.e.m.c.i.e.AbstractTransferListenerAdapter - Downloading https://repo.maven.apache.org/maven2/org/springframework/boot/spring-boot-reactor/4.0.1/spring-boot-reactor-4.0.1.jar
2026-01-21 11:14:17,603 [BasicRepositoryConnector-repo.maven.apache.org-0-3] INFO  o.e.m.c.i.e.AbstractTransferListenerAdapter - Downloading https://repo.maven.apache.org/maven2/io/projectreactor/netty/reactor-netty-http/1.3.1/reactor-netty-http-1.3.1.jar
2026-01-21 11:14:17,612 [BasicRepositoryConnector-repo.maven.apache.org-0-0] INFO  o.e.m.c.i.e.AbstractTransferListenerAdapter - Downloading https://repo.maven.apache.org/maven2/org/springframework/boot/spring-boot-starter-reactor-netty/4.0.1/spring-boot-starter-reactor-netty-4.0.1.jar
2026-01-21 11:14:17,618 [BasicRepositoryConnector-repo.maven.apache.org-0-2] INFO  o.e.m.c.i.e.AbstractTransferListenerAdapter - Downloading https://repo.maven.apache.org/maven2/org/springframework/boot/spring-boot-reactor-netty/4.0.1/spring-boot-reactor-netty-4.0.1.jar
2026-01-21 11:14:17,664 [BasicRepositoryConnector-repo.maven.apache.org-0-0] INFO  o.e.m.c.i.e.AbstractTransferListenerAdapter - Downloaded https://repo.maven.apache.org/maven2/org/springframework/boot/spring-boot-starter-reactor-netty/4.0.1/spring-boot-starter-reactor-netty-4.0.1.jar
2026-01-21 11:14:17,742 [BasicRepositoryConnector-repo.maven.apache.org-0-4] INFO  o.e.m.c.i.e.AbstractTransferListenerAdapter - Downloaded https://repo.maven.apache.org/maven2/io/netty/netty-codec-http/4.2.9.Final/netty-codec-http-4.2.9.Final.jar
2026-01-21 11:14:17,752 [BasicRepositoryConnector-repo.maven.apache.org-0-0] INFO  o.e.m.c.i.e.AbstractTransferListenerAdapter - Downloading https://repo.maven.apache.org/maven2/io/netty/netty-codec-compression/4.2.9.Final/netty-codec-compression-4.2.9.Final.jar
2026-01-21 11:14:17,831 [BasicRepositoryConnector-repo.maven.apache.org-0-1] INFO  o.e.m.c.i.e.AbstractTransferListenerAdapter - Downloaded https://repo.maven.apache.org/maven2/org/springframework/boot/spring-boot-reactor/4.0.1/spring-boot-reactor-4.0.1.jar
2026-01-21 11:14:17,838 [BasicRepositoryConnector-repo.maven.apache.org-0-4] INFO  o.e.m.c.i.e.AbstractTransferListenerAdapter - Downloading https://repo.maven.apache.org/maven2/io/netty/netty-codec-http2/4.2.9.Final/netty-codec-http2-4.2.9.Final.jar
2026-01-21 11:14:17,881 [BasicRepositoryConnector-repo.maven.apache.org-0-0] INFO  o.e.m.c.i.e.AbstractTransferListenerAdapter - Downloaded https://repo.maven.apache.org/maven2/io/netty/netty-codec-compression/4.2.9.Final/netty-codec-compression-4.2.9.Final.jar
2026-01-21 11:14:17,881 [BasicRepositoryConnector-repo.maven.apache.org-0-3] INFO  o.e.m.c.i.e.AbstractTransferListenerAdapter - Downloaded https://repo.maven.apache.org/maven2/io/projectreactor/netty/reactor-netty-http/1.3.1/reactor-netty-http-1.3.1.jar
2026-01-21 11:14:17,911 [BasicRepositoryConnector-repo.maven.apache.org-0-1] INFO  o.e.m.c.i.e.AbstractTransferListenerAdapter - Downloading https://repo.maven.apache.org/maven2/io/netty/netty-codec-http3/4.2.9.Final/netty-codec-http3-4.2.9.Final.jar
2026-01-21 11:14:17,950 [BasicRepositoryConnector-repo.maven.apache.org-0-3] INFO  o.e.m.c.i.e.AbstractTransferListenerAdapter - Downloading https://repo.maven.apache.org/maven2/io/netty/netty-codec-native-quic/4.2.9.Final/netty-codec-native-quic-4.2.9.Final-linux-x86_64.jar
2026-01-21 11:14:17,950 [BasicRepositoryConnector-repo.maven.apache.org-0-0] INFO  o.e.m.c.i.e.AbstractTransferListenerAdapter - Downloading https://repo.maven.apache.org/maven2/io/netty/netty-codec-classes-quic/4.2.9.Final/netty-codec-classes-quic-4.2.9.Final.jar
2026-01-21 11:14:17,956 [BasicRepositoryConnector-repo.maven.apache.org-0-4] INFO  o.e.m.c.i.e.AbstractTransferListenerAdapter - Downloaded https://repo.maven.apache.org/maven2/io/netty/netty-codec-http2/4.2.9.Final/netty-codec-http2-4.2.9.Final.jar
2026-01-21 11:14:18,024 [BasicRepositoryConnector-repo.maven.apache.org-0-4] INFO  o.e.m.c.i.e.AbstractTransferListenerAdapter - Downloading https://repo.maven.apache.org/maven2/io/netty/netty-codec-native-quic/4.2.9.Final/netty-codec-native-quic-4.2.9.Final-linux-aarch_64.jar
2026-01-21 11:14:18,029 [BasicRepositoryConnector-repo.maven.apache.org-0-0] INFO  o.e.m.c.i.e.AbstractTransferListenerAdapter - Downloaded https://repo.maven.apache.org/maven2/io/netty/netty-codec-classes-quic/4.2.9.Final/netty-codec-classes-quic-4.2.9.Final.jar
2026-01-21 11:14:18,101 [BasicRepositoryConnector-repo.maven.apache.org-0-1] INFO  o.e.m.c.i.e.AbstractTransferListenerAdapter - Downloaded https://repo.maven.apache.org/maven2/io/netty/netty-codec-http3/4.2.9.Final/netty-codec-http3-4.2.9.Final.jar
2026-01-21 11:14:18,143 [BasicRepositoryConnector-repo.maven.apache.org-0-0] INFO  o.e.m.c.i.e.AbstractTransferListenerAdapter - Downloading https://repo.maven.apache.org/maven2/io/netty/netty-codec-native-quic/4.2.9.Final/netty-codec-native-quic-4.2.9.Final-osx-x86_64.jar
2026-01-21 11:14:18,226 [BasicRepositoryConnector-repo.maven.apache.org-0-1] INFO  o.e.m.c.i.e.AbstractTransferListenerAdapter - Downloading https://repo.maven.apache.org/maven2/io/netty/netty-codec-native-quic/4.2.9.Final/netty-codec-native-quic-4.2.9.Final-osx-aarch_64.jar
2026-01-21 11:14:18,267 [BasicRepositoryConnector-repo.maven.apache.org-0-2] INFO  o.e.m.c.i.e.AbstractTransferListenerAdapter - Downloaded https://repo.maven.apache.org/maven2/org/springframework/boot/spring-boot-reactor-netty/4.0.1/spring-boot-reactor-netty-4.0.1.jar
2026-01-21 11:14:18,374 [BasicRepositoryConnector-repo.maven.apache.org-0-2] INFO  o.e.m.c.i.e.AbstractTransferListenerAdapter - Downloading https://repo.maven.apache.org/maven2/io/netty/netty-codec-native-quic/4.2.9.Final/netty-codec-native-quic-4.2.9.Final-windows-x86_64.jar
2026-01-21 11:14:18,515 [BasicRepositoryConnector-repo.maven.apache.org-0-4] INFO  o.e.m.c.i.e.AbstractTransferListenerAdapter - Downloaded https://repo.maven.apache.org/maven2/io/netty/netty-codec-native-quic/4.2.9.Final/netty-codec-native-quic-4.2.9.Final-linux-aarch_64.jar
2026-01-21 11:14:18,615 [BasicRepositoryConnector-repo.maven.apache.org-0-4] INFO  o.e.m.c.i.e.AbstractTransferListenerAdapter - Downloading https://repo.maven.apache.org/maven2/io/netty/netty-resolver-dns-native-macos/4.2.9.Final/netty-resolver-dns-native-macos-4.2.9.Final-osx-x86_64.jar
2026-01-21 11:14:18,624 [BasicRepositoryConnector-repo.maven.apache.org-0-3] INFO  o.e.m.c.i.e.AbstractTransferListenerAdapter - Downloaded https://repo.maven.apache.org/maven2/io/netty/netty-codec-native-quic/4.2.9.Final/netty-codec-native-quic-4.2.9.Final-linux-x86_64.jar
2026-01-21 11:14:18,669 [BasicRepositoryConnector-repo.maven.apache.org-0-3] INFO  o.e.m.c.i.e.AbstractTransferListenerAdapter - Downloading https://repo.maven.apache.org/maven2/io/netty/netty-resolver-dns-classes-macos/4.2.9.Final/netty-resolver-dns-classes-macos-4.2.9.Final.jar
2026-01-21 11:14:18,670 [BasicRepositoryConnector-repo.maven.apache.org-0-1] INFO  o.e.m.c.i.e.AbstractTransferListenerAdapter - Downloaded https://repo.maven.apache.org/maven2/io/netty/netty-codec-native-quic/4.2.9.Final/netty-codec-native-quic-4.2.9.Final-osx-aarch_64.jar
2026-01-21 11:14:18,690 [BasicRepositoryConnector-repo.maven.apache.org-0-2] INFO  o.e.m.c.i.e.AbstractTransferListenerAdapter - Downloaded https://repo.maven.apache.org/maven2/io/netty/netty-codec-native-quic/4.2.9.Final/netty-codec-native-quic-4.2.9.Final-windows-x86_64.jar
2026-01-21 11:14:18,692 [BasicRepositoryConnector-repo.maven.apache.org-0-0] INFO  o.e.m.c.i.e.AbstractTransferListenerAdapter - Downloaded https://repo.maven.apache.org/maven2/io/netty/netty-codec-native-quic/4.2.9.Final/netty-codec-native-quic-4.2.9.Final-osx-x86_64.jar
2026-01-21 11:14:18,714 [BasicRepositoryConnector-repo.maven.apache.org-0-1] INFO  o.e.m.c.i.e.AbstractTransferListenerAdapter - Downloading https://repo.maven.apache.org/maven2/io/netty/netty-transport-native-epoll/4.2.9.Final/netty-transport-native-epoll-4.2.9.Final-linux-x86_64.jar
2026-01-21 11:14:18,741 [BasicRepositoryConnector-repo.maven.apache.org-0-2] INFO  o.e.m.c.i.e.AbstractTransferListenerAdapter - Downloading https://repo.maven.apache.org/maven2/io/netty/netty-transport-classes-epoll/4.2.9.Final/netty-transport-classes-epoll-4.2.9.Final.jar
2026-01-21 11:14:18,749 [BasicRepositoryConnector-repo.maven.apache.org-0-0] INFO  o.e.m.c.i.e.AbstractTransferListenerAdapter - Downloading https://repo.maven.apache.org/maven2/io/projectreactor/netty/reactor-netty-core/1.3.1/reactor-netty-core-1.3.1.jar
2026-01-21 11:14:18,765 [BasicRepositoryConnector-repo.maven.apache.org-0-4] INFO  o.e.m.c.i.e.AbstractTransferListenerAdapter - Downloaded https://repo.maven.apache.org/maven2/io/netty/netty-resolver-dns-native-macos/4.2.9.Final/netty-resolver-dns-native-macos-4.2.9.Final-osx-x86_64.jar
2026-01-21 11:14:18,790 [BasicRepositoryConnector-repo.maven.apache.org-0-2] INFO  o.e.m.c.i.e.AbstractTransferListenerAdapter - Downloaded https://repo.maven.apache.org/maven2/io/netty/netty-transport-classes-epoll/4.2.9.Final/netty-transport-classes-epoll-4.2.9.Final.jar
2026-01-21 11:14:18,808 [BasicRepositoryConnector-repo.maven.apache.org-0-4] INFO  o.e.m.c.i.e.AbstractTransferListenerAdapter - Downloading https://repo.maven.apache.org/maven2/io/netty/netty-handler-proxy/4.2.9.Final/netty-handler-proxy-4.2.9.Final.jar
2026-01-21 11:14:18,834 [BasicRepositoryConnector-repo.maven.apache.org-0-2] INFO  o.e.m.c.i.e.AbstractTransferListenerAdapter - Downloading https://repo.maven.apache.org/maven2/io/netty/netty-codec-socks/4.2.9.Final/netty-codec-socks-4.2.9.Final.jar
2026-01-21 11:14:18,852 [BasicRepositoryConnector-repo.maven.apache.org-0-3] INFO  o.e.m.c.i.e.AbstractTransferListenerAdapter - Downloaded https://repo.maven.apache.org/maven2/io/netty/netty-resolver-dns-classes-macos/4.2.9.Final/netty-resolver-dns-classes-macos-4.2.9.Final.jar
2026-01-21 11:14:18,872 [BasicRepositoryConnector-repo.maven.apache.org-0-1] INFO  o.e.m.c.i.e.AbstractTransferListenerAdapter - Downloaded https://repo.maven.apache.org/maven2/io/netty/netty-transport-native-epoll/4.2.9.Final/netty-transport-native-epoll-4.2.9.Final-linux-x86_64.jar
2026-01-21 11:14:18,880 [BasicRepositoryConnector-repo.maven.apache.org-0-0] INFO  o.e.m.c.i.e.AbstractTransferListenerAdapter - Downloaded https://repo.maven.apache.org/maven2/io/projectreactor/netty/reactor-netty-core/1.3.1/reactor-netty-core-1.3.1.jar
2026-01-21 11:14:18,892 [BasicRepositoryConnector-repo.maven.apache.org-0-2] INFO  o.e.m.c.i.e.AbstractTransferListenerAdapter - Downloaded https://repo.maven.apache.org/maven2/io/netty/netty-codec-socks/4.2.9.Final/netty-codec-socks-4.2.9.Final.jar
2026-01-21 11:14:18,894 [BasicRepositoryConnector-repo.maven.apache.org-0-3] INFO  o.e.m.c.i.e.AbstractTransferListenerAdapter - Downloading https://repo.maven.apache.org/maven2/org/springframework/boot/spring-boot-webflux/4.0.1/spring-boot-webflux-4.0.1.jar
2026-01-21 11:14:18,918 [BasicRepositoryConnector-repo.maven.apache.org-0-1] INFO  o.e.m.c.i.e.AbstractTransferListenerAdapter - Downloading https://repo.maven.apache.org/maven2/org/springframework/boot/spring-boot-http-codec/4.0.1/spring-boot-http-codec-4.0.1.jar
2026-01-21 11:14:18,923 [BasicRepositoryConnector-repo.maven.apache.org-0-0] INFO  o.e.m.c.i.e.AbstractTransferListenerAdapter - Downloading https://repo.maven.apache.org/maven2/org/springframework/spring-webflux/7.0.2/spring-webflux-7.0.2.jar
2026-01-21 11:14:18,946 [BasicRepositoryConnector-repo.maven.apache.org-0-3] INFO  o.e.m.c.i.e.AbstractTransferListenerAdapter - Downloaded https://repo.maven.apache.org/maven2/org/springframework/boot/spring-boot-webflux/4.0.1/spring-boot-webflux-4.0.1.jar
2026-01-21 11:14:18,960 [BasicRepositoryConnector-repo.maven.apache.org-0-2] INFO  o.e.m.c.i.e.AbstractTransferListenerAdapter - Downloading https://repo.maven.apache.org/maven2/org/springframework/boot/spring-boot-starter-thymeleaf/4.0.1/spring-boot-starter-thymeleaf-4.0.1.jar
2026-01-21 11:14:19,009 [BasicRepositoryConnector-repo.maven.apache.org-0-3] INFO  o.e.m.c.i.e.AbstractTransferListenerAdapter - Downloading https://repo.maven.apache.org/maven2/org/springframework/boot/spring-boot-thymeleaf/4.0.1/spring-boot-thymeleaf-4.0.1.jar
2026-01-21 11:14:19,018 [BasicRepositoryConnector-repo.maven.apache.org-0-0] INFO  o.e.m.c.i.e.AbstractTransferListenerAdapter - Downloaded https://repo.maven.apache.org/maven2/org/springframework/spring-webflux/7.0.2/spring-webflux-7.0.2.jar
2026-01-21 11:14:19,021 [BasicRepositoryConnector-repo.maven.apache.org-0-2] INFO  o.e.m.c.i.e.AbstractTransferListenerAdapter - Downloaded https://repo.maven.apache.org/maven2/org/springframework/boot/spring-boot-starter-thymeleaf/4.0.1/spring-boot-starter-thymeleaf-4.0.1.jar
2026-01-21 11:14:19,244 [BasicRepositoryConnector-repo.maven.apache.org-0-4] INFO  o.e.m.c.i.e.AbstractTransferListenerAdapter - Downloaded https://repo.maven.apache.org/maven2/io/netty/netty-handler-proxy/4.2.9.Final/netty-handler-proxy-4.2.9.Final.jar
2026-01-21 11:14:19,371 [BasicRepositoryConnector-repo.maven.apache.org-0-1] INFO  o.e.m.c.i.e.AbstractTransferListenerAdapter - Downloaded https://repo.maven.apache.org/maven2/org/springframework/boot/spring-boot-http-codec/4.0.1/spring-boot-http-codec-4.0.1.jar
2026-01-21 11:14:19,523 [BasicRepositoryConnector-repo.maven.apache.org-0-3] INFO  o.e.m.c.i.e.AbstractTransferListenerAdapter - Downloaded https://repo.maven.apache.org/maven2/org/springframework/boot/spring-boot-thymeleaf/4.0.1/spring-boot-thymeleaf-4.0.1.jar
2026-01-21 11:14:20,614 [Worker-11: Building] INFO  o.a.m.s.f.DefaultMavenResourcesFiltering - Copying 0 resource from src\main\resources to target\classes
2026-01-21 11:14:20,615 [Worker-11: Building] INFO  o.a.m.s.f.DefaultMavenResourcesFiltering - Copying 0 resource from src\main\resources to target\classes
2026-01-21 11:14:20,618 [Worker-11: Building] INFO  o.a.m.s.f.DefaultMavenResourcesFiltering - skip non existing resourceDirectory E:\Full-stack\E_commerce\06-Ecom-AdminServer\src\test\resources
2026-01-21 11:14:21,142 [Worker-12: Building] INFO  o.a.m.s.f.DefaultMavenResourcesFiltering - Copying 1 resource from src\main\resources to target\classes
2026-01-21 11:14:21,155 [Worker-12: Building] INFO  o.a.m.s.f.DefaultMavenResourcesFiltering - Copying 0 resource from src\main\resources to target\classes
2026-01-21 11:14:21,157 [Worker-12: Building] INFO  o.a.m.s.f.DefaultMavenResourcesFiltering - skip non existing resourceDirectory E:\Full-stack\E_commerce\06-Ecom-AdminServer\src\test\resources
2026-01-21 11:14:21,600 [Worker-20: Download sources and javadoc] INFO  o.e.m.c.i.e.AbstractTransferListenerAdapter - Downloading https://repo.maven.apache.org/maven2/org/springframework/boot/spring-boot-starter-webflux/4.0.1/spring-boot-starter-webflux-4.0.1-sources.jar
2026-01-21 11:14:21,606 [Worker-20: Download sources and javadoc] INFO  o.e.m.c.i.e.AbstractTransferListenerAdapter - Downloaded https://repo.maven.apache.org/maven2/org/springframework/boot/spring-boot-starter-webflux/4.0.1/spring-boot-starter-webflux-4.0.1-sources.jar
2026-01-21 11:14:21,610 [Worker-20: Download sources and javadoc] INFO  o.e.m.j.internal.DownloadSourcesJob - Downloaded sources for org.springframework.boot:spring-boot-starter-webflux:4.0.1
2026-01-21 11:14:21,706 [Worker-20: Download sources and javadoc] INFO  o.e.m.c.i.e.AbstractTransferListenerAdapter - Downloading https://repo.maven.apache.org/maven2/org/springframework/boot/spring-boot-starter-reactor-netty/4.0.1/spring-boot-starter-reactor-netty-4.0.1-sources.jar
2026-01-21 11:14:21,717 [Worker-20: Download sources and javadoc] INFO  o.e.m.c.i.e.AbstractTransferListenerAdapter - Downloaded https://repo.maven.apache.org/maven2/org/springframework/boot/spring-boot-starter-reactor-netty/4.0.1/spring-boot-starter-reactor-netty-4.0.1-sources.jar
2026-01-21 11:14:21,723 [Worker-20: Download sources and javadoc] INFO  o.e.m.j.internal.DownloadSourcesJob - Downloaded sources for org.springframework.boot:spring-boot-starter-reactor-netty:4.0.1
2026-01-21 11:14:22,059 [Worker-20: Download sources and javadoc] INFO  o.e.m.c.i.e.AbstractTransferListenerAdapter - Downloading https://repo.maven.apache.org/maven2/org/springframework/boot/spring-boot-reactor/4.0.1/spring-boot-reactor-4.0.1-sources.jar
2026-01-21 11:14:22,271 [Worker-20: Download sources and javadoc] INFO  o.e.m.c.i.e.AbstractTransferListenerAdapter - Downloaded https://repo.maven.apache.org/maven2/org/springframework/boot/spring-boot-reactor/4.0.1/spring-boot-reactor-4.0.1-sources.jar
2026-01-21 11:14:22,274 [Worker-20: Download sources and javadoc] INFO  o.e.m.j.internal.DownloadSourcesJob - Downloaded sources for org.springframework.boot:spring-boot-reactor:4.0.1
2026-01-21 11:14:22,521 [Worker-20: Download sources and javadoc] INFO  o.e.m.c.i.e.AbstractTransferListenerAdapter - Downloading https://repo.maven.apache.org/maven2/org/springframework/boot/spring-boot-reactor-netty/4.0.1/spring-boot-reactor-netty-4.0.1-sources.jar
2026-01-21 11:14:23,002 [Worker-20: Download sources and javadoc] INFO  o.e.m.c.i.e.AbstractTransferListenerAdapter - Downloaded https://repo.maven.apache.org/maven2/org/springframework/boot/spring-boot-reactor-netty/4.0.1/spring-boot-reactor-netty-4.0.1-sources.jar
2026-01-21 11:14:23,005 [Worker-20: Download sources and javadoc] INFO  o.e.m.j.internal.DownloadSourcesJob - Downloaded sources for org.springframework.boot:spring-boot-reactor-netty:4.0.1
2026-01-21 11:14:23,086 [Worker-20: Download sources and javadoc] INFO  o.e.m.c.i.e.AbstractTransferListenerAdapter - Downloading https://repo.maven.apache.org/maven2/io/projectreactor/netty/reactor-netty-http/1.3.1/reactor-netty-http-1.3.1-sources.jar
2026-01-21 11:14:23,178 [Worker-20: Download sources and javadoc] INFO  o.e.m.c.i.e.AbstractTransferListenerAdapter - Downloaded https://repo.maven.apache.org/maven2/io/projectreactor/netty/reactor-netty-http/1.3.1/reactor-netty-http-1.3.1-sources.jar
2026-01-21 11:14:23,181 [Worker-20: Download sources and javadoc] INFO  o.e.m.j.internal.DownloadSourcesJob - Downloaded sources for io.projectreactor.netty:reactor-netty-http:1.3.1
2026-01-21 11:14:23,278 [Worker-20: Download sources and javadoc] INFO  o.e.m.c.i.e.AbstractTransferListenerAdapter - Downloading https://repo.maven.apache.org/maven2/io/netty/netty-codec-http/4.2.9.Final/netty-codec-http-4.2.9.Final-sources.jar
2026-01-21 11:14:23,386 [Worker-20: Download sources and javadoc] INFO  o.e.m.c.i.e.AbstractTransferListenerAdapter - Downloaded https://repo.maven.apache.org/maven2/io/netty/netty-codec-http/4.2.9.Final/netty-codec-http-4.2.9.Final-sources.jar
2026-01-21 11:14:23,388 [Worker-20: Download sources and javadoc] INFO  o.e.m.j.internal.DownloadSourcesJob - Downloaded sources for io.netty:netty-codec-http:4.2.9.Final
2026-01-21 11:14:23,496 [Worker-20: Download sources and javadoc] INFO  o.e.m.c.i.e.AbstractTransferListenerAdapter - Downloading https://repo.maven.apache.org/maven2/io/netty/netty-codec-compression/4.2.9.Final/netty-codec-compression-4.2.9.Final-sources.jar
2026-01-21 11:14:23,569 [Worker-20: Download sources and javadoc] INFO  o.e.m.c.i.e.AbstractTransferListenerAdapter - Downloaded https://repo.maven.apache.org/maven2/io/netty/netty-codec-compression/4.2.9.Final/netty-codec-compression-4.2.9.Final-sources.jar
2026-01-21 11:14:23,572 [Worker-20: Download sources and javadoc] INFO  o.e.m.j.internal.DownloadSourcesJob - Downloaded sources for io.netty:netty-codec-compression:4.2.9.Final
2026-01-21 11:14:23,674 [Worker-20: Download sources and javadoc] INFO  o.e.m.c.i.e.AbstractTransferListenerAdapter - Downloading https://repo.maven.apache.org/maven2/io/netty/netty-codec-http2/4.2.9.Final/netty-codec-http2-4.2.9.Final-sources.jar
2026-01-21 11:14:23,781 [Worker-20: Download sources and javadoc] INFO  o.e.m.c.i.e.AbstractTransferListenerAdapter - Downloaded https://repo.maven.apache.org/maven2/io/netty/netty-codec-http2/4.2.9.Final/netty-codec-http2-4.2.9.Final-sources.jar
2026-01-21 11:14:23,785 [Worker-20: Download sources and javadoc] INFO  o.e.m.j.internal.DownloadSourcesJob - Downloaded sources for io.netty:netty-codec-http2:4.2.9.Final
2026-01-21 11:14:23,889 [Worker-20: Download sources and javadoc] INFO  o.e.m.c.i.e.AbstractTransferListenerAdapter - Downloading https://repo.maven.apache.org/maven2/io/netty/netty-codec-http3/4.2.9.Final/netty-codec-http3-4.2.9.Final-sources.jar
2026-01-21 11:14:23,979 [Worker-20: Download sources and javadoc] INFO  o.e.m.c.i.e.AbstractTransferListenerAdapter - Downloaded https://repo.maven.apache.org/maven2/io/netty/netty-codec-http3/4.2.9.Final/netty-codec-http3-4.2.9.Final-sources.jar
2026-01-21 11:14:23,985 [Worker-20: Download sources and javadoc] INFO  o.e.m.j.internal.DownloadSourcesJob - Downloaded sources for io.netty:netty-codec-http3:4.2.9.Final
2026-01-21 11:14:24,063 [Worker-11: Building] INFO  o.a.m.s.f.DefaultMavenResourcesFiltering - Copying 1 resource from src\main\resources to target\classes
2026-01-21 11:14:24,076 [Worker-11: Building] INFO  o.a.m.s.f.DefaultMavenResourcesFiltering - Copying 0 resource from src\main\resources to target\classes
2026-01-21 11:14:24,078 [Worker-11: Building] INFO  o.a.m.s.f.DefaultMavenResourcesFiltering - skip non existing resourceDirectory E:\Full-stack\E_commerce\02-Customer-Api\src\test\resources
2026-01-21 11:14:24,098 [Worker-20: Download sources and javadoc] INFO  o.e.m.c.i.e.AbstractTransferListenerAdapter - Downloading https://repo.maven.apache.org/maven2/io/netty/netty-codec-classes-quic/4.2.9.Final/netty-codec-classes-quic-4.2.9.Final-sources.jar
2026-01-21 11:14:24,174 [Worker-20: Download sources and javadoc] INFO  o.e.m.c.i.e.AbstractTransferListenerAdapter - Downloaded https://repo.maven.apache.org/maven2/io/netty/netty-codec-classes-quic/4.2.9.Final/netty-codec-classes-quic-4.2.9.Final-sources.jar
2026-01-21 11:14:24,178 [Worker-20: Download sources and javadoc] INFO  o.e.m.j.internal.DownloadSourcesJob - Downloaded sources for io.netty:netty-codec-classes-quic:4.2.9.Final
2026-01-21 11:14:24,213 [Worker-11: Building] INFO  o.a.m.s.f.DefaultMavenResourcesFiltering - Copying 1 resource from src\main\resources to target\classes
2026-01-21 11:14:24,225 [Worker-11: Building] INFO  o.a.m.s.f.DefaultMavenResourcesFiltering - Copying 0 resource from src\main\resources to target\classes
2026-01-21 11:14:24,228 [Worker-11: Building] INFO  o.a.m.s.f.DefaultMavenResourcesFiltering - skip non existing resourceDirectory E:\Full-stack\E_commerce\03-Order-Api\src\test\resources
2026-01-21 11:14:24,297 [Worker-20: Download sources and javadoc] INFO  o.e.m.c.i.e.AbstractTransferListenerAdapter - Downloading https://repo.maven.apache.org/maven2/io/netty/netty-codec-native-quic/4.2.9.Final/netty-codec-native-quic-4.2.9.Final-sources.jar
2026-01-21 11:14:24,351 [Worker-11: Building] INFO  o.a.m.s.f.DefaultMavenResourcesFiltering - Copying 1 resource from src\main\resources to target\classes
2026-01-21 11:14:24,366 [Worker-11: Building] INFO  o.a.m.s.f.DefaultMavenResourcesFiltering - Copying 0 resource from src\main\resources to target\classes
2026-01-21 11:14:24,369 [Worker-11: Building] INFO  o.a.m.s.f.DefaultMavenResourcesFiltering - skip non existing resourceDirectory E:\Full-stack\E_commerce\04-Notification-Api\src\test\resources
2026-01-21 11:14:24,538 [Worker-20: Download sources and javadoc] INFO  o.e.m.c.i.e.AbstractTransferListenerAdapter - Downloaded https://repo.maven.apache.org/maven2/io/netty/netty-codec-native-quic/4.2.9.Final/netty-codec-native-quic-4.2.9.Final-sources.jar
2026-01-21 11:14:24,542 [Worker-20: Download sources and javadoc] INFO  o.e.m.j.internal.DownloadSourcesJob - Downloaded sources for io.netty:netty-codec-native-quic:4.2.9.Finallinux-x86_64
2026-01-21 11:14:25,050 [Worker-20: Download sources and javadoc] INFO  o.e.m.j.internal.DownloadSourcesJob - Downloaded sources for io.netty:netty-codec-native-quic:4.2.9.Finallinux-aarch_64
2026-01-21 11:14:25,064 [Worker-20: Download sources and javadoc] INFO  o.e.m.j.internal.DownloadSourcesJob - Downloaded sources for io.netty:netty-codec-native-quic:4.2.9.Finalosx-x86_64
2026-01-21 11:14:25,079 [Worker-20: Download sources and javadoc] INFO  o.e.m.j.internal.DownloadSourcesJob - Downloaded sources for io.netty:netty-codec-native-quic:4.2.9.Finalosx-aarch_64
2026-01-21 11:14:25,093 [Worker-20: Download sources and javadoc] INFO  o.e.m.j.internal.DownloadSourcesJob - Downloaded sources for io.netty:netty-codec-native-quic:4.2.9.Finalwindows-x86_64
2026-01-21 11:14:25,099 [Worker-11: Building] INFO  o.e.m.c.i.l.LifecycleMappingFactory - Using org.eclipse.m2e.jdt.JarLifecycleMapping lifecycle mapping for MavenProject: in.ashokit:06-Ecom-AdminServer:0.0.1-SNAPSHOT @ E:\Full-stack\E_commerce\06-Ecom-AdminServer\pom.xml.
2026-01-21 11:14:25,186 [Worker-20: Download sources and javadoc] INFO  o.e.m.c.i.e.AbstractTransferListenerAdapter - Downloading https://repo.maven.apache.org/maven2/io/netty/netty-resolver-dns-native-macos/4.2.9.Final/netty-resolver-dns-native-macos-4.2.9.Final-sources.jar
2026-01-21 11:14:25,338 [Worker-20: Download sources and javadoc] INFO  o.e.m.c.i.e.AbstractTransferListenerAdapter - Downloaded https://repo.maven.apache.org/maven2/io/netty/netty-resolver-dns-native-macos/4.2.9.Final/netty-resolver-dns-native-macos-4.2.9.Final-sources.jar
2026-01-21 11:14:25,343 [Worker-20: Download sources and javadoc] INFO  o.e.m.j.internal.DownloadSourcesJob - Downloaded sources for io.netty:netty-resolver-dns-native-macos:4.2.9.Finalosx-x86_64
2026-01-21 11:14:25,439 [Worker-20: Download sources and javadoc] INFO  o.e.m.c.i.e.AbstractTransferListenerAdapter - Downloading https://repo.maven.apache.org/maven2/io/netty/netty-resolver-dns-classes-macos/4.2.9.Final/netty-resolver-dns-classes-macos-4.2.9.Final-sources.jar
2026-01-21 11:14:25,550 [Worker-20: Download sources and javadoc] INFO  o.e.m.c.i.e.AbstractTransferListenerAdapter - Downloaded https://repo.maven.apache.org/maven2/io/netty/netty-resolver-dns-classes-macos/4.2.9.Final/netty-resolver-dns-classes-macos-4.2.9.Final-sources.jar
2026-01-21 11:14:25,553 [Worker-20: Download sources and javadoc] INFO  o.e.m.j.internal.DownloadSourcesJob - Downloaded sources for io.netty:netty-resolver-dns-classes-macos:4.2.9.Final
2026-01-21 11:14:25,641 [Worker-20: Download sources and javadoc] INFO  o.e.m.c.i.e.AbstractTransferListenerAdapter - Downloading https://repo.maven.apache.org/maven2/io/netty/netty-transport-native-epoll/4.2.9.Final/netty-transport-native-epoll-4.2.9.Final-sources.jar
2026-01-21 11:14:25,774 [Worker-20: Download sources and javadoc] INFO  o.e.m.c.i.e.AbstractTransferListenerAdapter - Downloaded https://repo.maven.apache.org/maven2/io/netty/netty-transport-native-epoll/4.2.9.Final/netty-transport-native-epoll-4.2.9.Final-sources.jar
2026-01-21 11:14:25,778 [Worker-20: Download sources and javadoc] INFO  o.e.m.j.internal.DownloadSourcesJob - Downloaded sources for io.netty:netty-transport-native-epoll:4.2.9.Finallinux-x86_64
2026-01-21 11:14:25,821 [Worker-11: Building] INFO  o.a.m.s.f.DefaultMavenResourcesFiltering - Copying 1 resource from src\main\resources to target\classes
2026-01-21 11:14:25,831 [Worker-11: Building] INFO  o.a.m.s.f.DefaultMavenResourcesFiltering - Copying 0 resource from src\main\resources to target\classes
2026-01-21 11:14:25,834 [Worker-11: Building] INFO  o.a.m.s.f.DefaultMavenResourcesFiltering - skip non existing resourceDirectory E:\Full-stack\E_commerce\06-Ecom-AdminServer\src\test\resources
2026-01-21 11:14:25,899 [Worker-20: Download sources and javadoc] INFO  o.e.m.c.i.e.AbstractTransferListenerAdapter - Downloading https://repo.maven.apache.org/maven2/io/netty/netty-transport-classes-epoll/4.2.9.Final/netty-transport-classes-epoll-4.2.9.Final-sources.jar
2026-01-21 11:14:25,958 [Worker-20: Download sources and javadoc] INFO  o.e.m.c.i.e.AbstractTransferListenerAdapter - Downloaded https://repo.maven.apache.org/maven2/io/netty/netty-transport-classes-epoll/4.2.9.Final/netty-transport-classes-epoll-4.2.9.Final-sources.jar
2026-01-21 11:14:25,962 [Worker-20: Download sources and javadoc] INFO  o.e.m.j.internal.DownloadSourcesJob - Downloaded sources for io.netty:netty-transport-classes-epoll:4.2.9.Final
2026-01-21 11:14:26,068 [Worker-20: Download sources and javadoc] INFO  o.e.m.c.i.e.AbstractTransferListenerAdapter - Downloading https://repo.maven.apache.org/maven2/io/projectreactor/netty/reactor-netty-core/1.3.1/reactor-netty-core-1.3.1-sources.jar
2026-01-21 11:14:26,144 [Worker-20: Download sources and javadoc] INFO  o.e.m.c.i.e.AbstractTransferListenerAdapter - Downloaded https://repo.maven.apache.org/maven2/io/projectreactor/netty/reactor-netty-core/1.3.1/reactor-netty-core-1.3.1-sources.jar
2026-01-21 11:14:26,147 [Worker-20: Download sources and javadoc] INFO  o.e.m.j.internal.DownloadSourcesJob - Downloaded sources for io.projectreactor.netty:reactor-netty-core:1.3.1
2026-01-21 11:14:26,247 [Worker-20: Download sources and javadoc] INFO  o.e.m.c.i.e.AbstractTransferListenerAdapter - Downloading https://repo.maven.apache.org/maven2/io/netty/netty-handler-proxy/4.2.9.Final/netty-handler-proxy-4.2.9.Final-sources.jar
2026-01-21 11:14:26,524 [Worker-20: Download sources and javadoc] INFO  o.e.m.c.i.e.AbstractTransferListenerAdapter - Downloaded https://repo.maven.apache.org/maven2/io/netty/netty-handler-proxy/4.2.9.Final/netty-handler-proxy-4.2.9.Final-sources.jar
2026-01-21 11:14:26,528 [Worker-20: Download sources and javadoc] INFO  o.e.m.j.internal.DownloadSourcesJob - Downloaded sources for io.netty:netty-handler-proxy:4.2.9.Final
2026-01-21 11:14:26,645 [Worker-20: Download sources and javadoc] INFO  o.e.m.c.i.e.AbstractTransferListenerAdapter - Downloading https://repo.maven.apache.org/maven2/io/netty/netty-codec-socks/4.2.9.Final/netty-codec-socks-4.2.9.Final-sources.jar
2026-01-21 11:14:26,705 [Worker-20: Download sources and javadoc] INFO  o.e.m.c.i.e.AbstractTransferListenerAdapter - Downloaded https://repo.maven.apache.org/maven2/io/netty/netty-codec-socks/4.2.9.Final/netty-codec-socks-4.2.9.Final-sources.jar
2026-01-21 11:14:26,708 [Worker-20: Download sources and javadoc] INFO  o.e.m.j.internal.DownloadSourcesJob - Downloaded sources for io.netty:netty-codec-socks:4.2.9.Final
2026-01-21 11:14:26,838 [Worker-20: Download sources and javadoc] INFO  o.e.m.c.i.e.AbstractTransferListenerAdapter - Downloading https://repo.maven.apache.org/maven2/org/springframework/boot/spring-boot-webflux/4.0.1/spring-boot-webflux-4.0.1-sources.jar
2026-01-21 11:14:26,896 [Worker-20: Download sources and javadoc] INFO  o.e.m.c.i.e.AbstractTransferListenerAdapter - Downloaded https://repo.maven.apache.org/maven2/org/springframework/boot/spring-boot-webflux/4.0.1/spring-boot-webflux-4.0.1-sources.jar
2026-01-21 11:14:26,899 [Worker-20: Download sources and javadoc] INFO  o.e.m.j.internal.DownloadSourcesJob - Downloaded sources for org.springframework.boot:spring-boot-webflux:4.0.1
2026-01-21 11:14:27,015 [Worker-20: Download sources and javadoc] INFO  o.e.m.c.i.e.AbstractTransferListenerAdapter - Downloading https://repo.maven.apache.org/maven2/org/springframework/boot/spring-boot-http-codec/4.0.1/spring-boot-http-codec-4.0.1-sources.jar
2026-01-21 11:14:27,223 [Worker-20: Download sources and javadoc] INFO  o.e.m.c.i.e.AbstractTransferListenerAdapter - Downloaded https://repo.maven.apache.org/maven2/org/springframework/boot/spring-boot-http-codec/4.0.1/spring-boot-http-codec-4.0.1-sources.jar
2026-01-21 11:14:27,228 [Worker-20: Download sources and javadoc] INFO  o.e.m.j.internal.DownloadSourcesJob - Downloaded sources for org.springframework.boot:spring-boot-http-codec:4.0.1
2026-01-21 11:14:27,357 [Worker-20: Download sources and javadoc] INFO  o.e.m.c.i.e.AbstractTransferListenerAdapter - Downloading https://repo.maven.apache.org/maven2/org/springframework/spring-webflux/7.0.2/spring-webflux-7.0.2-sources.jar
2026-01-21 11:14:27,506 [Worker-20: Download sources and javadoc] INFO  o.e.m.c.i.e.AbstractTransferListenerAdapter - Downloaded https://repo.maven.apache.org/maven2/org/springframework/spring-webflux/7.0.2/spring-webflux-7.0.2-sources.jar
2026-01-21 11:14:27,511 [Worker-20: Download sources and javadoc] INFO  o.e.m.j.internal.DownloadSourcesJob - Downloaded sources for org.springframework:spring-webflux:7.0.2
2026-01-21 11:14:27,611 [Worker-20: Download sources and javadoc] INFO  o.e.m.c.i.e.AbstractTransferListenerAdapter - Downloading https://repo.maven.apache.org/maven2/org/springframework/boot/spring-boot-starter-thymeleaf/4.0.1/spring-boot-starter-thymeleaf-4.0.1-sources.jar
2026-01-21 11:14:27,617 [Worker-20: Download sources and javadoc] INFO  o.e.m.c.i.e.AbstractTransferListenerAdapter - Downloaded https://repo.maven.apache.org/maven2/org/springframework/boot/spring-boot-starter-thymeleaf/4.0.1/spring-boot-starter-thymeleaf-4.0.1-sources.jar
2026-01-21 11:14:27,620 [Worker-20: Download sources and javadoc] INFO  o.e.m.j.internal.DownloadSourcesJob - Downloaded sources for org.springframework.boot:spring-boot-starter-thymeleaf:4.0.1
2026-01-21 11:14:37,716 [Worker-20: Download sources and javadoc] INFO  o.e.m.c.i.e.AbstractTransferListenerAdapter - Downloading https://repo.maven.apache.org/maven2/org/springframework/boot/spring-boot-thymeleaf/4.0.1/spring-boot-thymeleaf-4.0.1-sources.jar
2026-01-21 11:14:37,967 [Worker-20: Download sources and javadoc] INFO  o.e.m.c.i.e.AbstractTransferListenerAdapter - Downloaded https://repo.maven.apache.org/maven2/org/springframework/boot/spring-boot-thymeleaf/4.0.1/spring-boot-thymeleaf-4.0.1-sources.jar
2026-01-21 11:14:37,969 [Worker-20: Download sources and javadoc] INFO  o.e.m.j.internal.DownloadSourcesJob - Downloaded sources for org.springframework.boot:spring-boot-thymeleaf:4.0.1
2026-01-21 11:14:39,090 [Worker-11: Launching 06-Ecom-AdminServer - Application] INFO  o.a.m.s.f.DefaultMavenResourcesFiltering - Copying 1 resource from src\main\resources to target\classes
2026-01-21 11:14:39,097 [Worker-11: Launching 06-Ecom-AdminServer - Application] INFO  o.a.m.s.f.DefaultMavenResourcesFiltering - Copying 0 resource from src\main\resources to target\classes
2026-01-21 11:14:39,100 [Worker-11: Launching 06-Ecom-AdminServer - Application] INFO  o.a.m.s.f.DefaultMavenResourcesFiltering - skip non existing resourceDirectory E:\Full-stack\E_commerce\06-Ecom-AdminServer\src\test\resources
2026-01-21 11:15:23,784 [Worker-20: Building] INFO  o.a.m.s.f.DefaultMavenResourcesFiltering - Copying 1 resource from src\main\resources to target\classes
2026-01-21 11:15:23,791 [Worker-20: Building] INFO  o.a.m.s.f.DefaultMavenResourcesFiltering - Copying 0 resource from src\main\resources to target\classes
2026-01-21 11:15:23,794 [Worker-20: Building] INFO  o.a.m.s.f.DefaultMavenResourcesFiltering - skip non existing resourceDirectory E:\Full-stack\E_commerce\06-Ecom-AdminServer\src\test\resources
2026-01-21 11:18:15,662 [Worker-15: Building] INFO  o.e.m.c.i.l.LifecycleMappingFactory - Using org.eclipse.m2e.jdt.JarLifecycleMapping lifecycle mapping for MavenProject: in.ashokit:06-Ecom-AdminServer:0.0.1-SNAPSHOT @ E:\Full-stack\E_commerce\06-Ecom-AdminServer\pom.xml.
2026-01-21 11:18:16,311 [Worker-15: Building] INFO  o.a.m.s.f.DefaultMavenResourcesFiltering - Copying 0 resource from src\main\resources to target\classes
2026-01-21 11:18:16,311 [Worker-15: Building] INFO  o.a.m.s.f.DefaultMavenResourcesFiltering - Copying 0 resource from src\main\resources to target\classes
2026-01-21 11:18:16,314 [Worker-15: Building] INFO  o.a.m.s.f.DefaultMavenResourcesFiltering - skip non existing resourceDirectory E:\Full-stack\E_commerce\06-Ecom-AdminServer\src\test\resources
2026-01-21 11:18:17,426 [Worker-15: Building] INFO  o.a.m.s.f.DefaultMavenResourcesFiltering - Copying 1 resource from src\main\resources to target\classes
2026-01-21 11:18:17,435 [Worker-15: Building] INFO  o.a.m.s.f.DefaultMavenResourcesFiltering - Copying 0 resource from src\main\resources to target\classes
2026-01-21 11:18:17,436 [Worker-15: Building] INFO  o.a.m.s.f.DefaultMavenResourcesFiltering - skip non existing resourceDirectory E:\Full-stack\E_commerce\06-Ecom-AdminServer\src\test\resources
2026-01-21 11:18:18,683 [Worker-23: Building] INFO  o.e.m.c.i.l.LifecycleMappingFactory - Using org.eclipse.m2e.jdt.JarLifecycleMapping lifecycle mapping for MavenProject: in.ashokit:06-Ecom-AdminServer:0.0.1-SNAPSHOT @ E:\Full-stack\E_commerce\06-Ecom-AdminServer\pom.xml.
2026-01-21 11:18:19,309 [Worker-23: Building] INFO  o.a.m.s.f.DefaultMavenResourcesFiltering - Copying 0 resource from src\main\resources to target\classes
2026-01-21 11:18:19,310 [Worker-23: Building] INFO  o.a.m.s.f.DefaultMavenResourcesFiltering - Copying 0 resource from src\main\resources to target\classes
2026-01-21 11:18:19,313 [Worker-23: Building] INFO  o.a.m.s.f.DefaultMavenResourcesFiltering - skip non existing resourceDirectory E:\Full-stack\E_commerce\06-Ecom-AdminServer\src\test\resources
2026-01-21 11:18:53,754 [Worker-15: Building] INFO  o.e.m.c.i.l.LifecycleMappingFactory - Using org.eclipse.m2e.jdt.JarLifecycleMapping lifecycle mapping for MavenProject: in.ashokit:06-Ecom-AdminServer:0.0.1-SNAPSHOT @ E:\Full-stack\E_commerce\06-Ecom-AdminServer\pom.xml.
2026-01-21 11:18:54,464 [Worker-15: Building] INFO  o.a.m.s.f.DefaultMavenResourcesFiltering - Copying 0 resource from src\main\resources to target\classes
2026-01-21 11:18:54,465 [Worker-15: Building] INFO  o.a.m.s.f.DefaultMavenResourcesFiltering - Copying 0 resource from src\main\resources to target\classes
2026-01-21 11:18:54,469 [Worker-15: Building] INFO  o.a.m.s.f.DefaultMavenResourcesFiltering - skip non existing resourceDirectory E:\Full-stack\E_commerce\06-Ecom-AdminServer\src\test\resources
2026-01-21 11:18:55,658 [Worker-22: Building] INFO  o.a.m.s.f.DefaultMavenResourcesFiltering - Copying 1 resource from src\main\resources to target\classes
2026-01-21 11:18:55,667 [Worker-22: Building] INFO  o.a.m.s.f.DefaultMavenResourcesFiltering - Copying 0 resource from src\main\resources to target\classes
2026-01-21 11:18:55,669 [Worker-22: Building] INFO  o.a.m.s.f.DefaultMavenResourcesFiltering - skip non existing resourceDirectory E:\Full-stack\E_commerce\06-Ecom-AdminServer\src\test\resources
2026-01-21 11:18:57,103 [Worker-24: Launching 06-Ecom-AdminServer - Application] INFO  o.e.m.c.i.l.LifecycleMappingFactory - Using org.eclipse.m2e.jdt.JarLifecycleMapping lifecycle mapping for MavenProject: in.ashokit:06-Ecom-AdminServer:0.0.1-SNAPSHOT @ E:\Full-stack\E_commerce\06-Ecom-AdminServer\pom.xml.
2026-01-21 11:18:57,786 [Worker-24: Launching 06-Ecom-AdminServer - Application] INFO  o.a.m.s.f.DefaultMavenResourcesFiltering - Copying 0 resource from src\main\resources to target\classes
2026-01-21 11:18:57,786 [Worker-24: Launching 06-Ecom-AdminServer - Application] INFO  o.a.m.s.f.DefaultMavenResourcesFiltering - Copying 0 resource from src\main\resources to target\classes
2026-01-21 11:18:57,788 [Worker-24: Launching 06-Ecom-AdminServer - Application] INFO  o.a.m.s.f.DefaultMavenResourcesFiltering - skip non existing resourceDirectory E:\Full-stack\E_commerce\06-Ecom-AdminServer\src\test\resources
2026-01-21 11:21:33,464 [Worker-23: Building] INFO  o.e.m.c.i.l.LifecycleMappingFactory - Using org.eclipse.m2e.jdt.JarLifecycleMapping lifecycle mapping for MavenProject: in.ashokit:06-Ecom-AdminServer:0.0.1-SNAPSHOT @ E:\Full-stack\E_commerce\06-Ecom-AdminServer\pom.xml.
2026-01-21 11:21:34,010 [Worker-23: Updating Maven Project] INFO  o.e.m.c.i.p.ProjectConfigurationManager - Update started
2026-01-21 11:21:34,136 [Worker-23: Updating Maven Project] INFO  o.e.m.c.i.l.LifecycleMappingFactory - Using org.eclipse.m2e.jdt.JarLifecycleMapping lifecycle mapping for MavenProject: in.ashokit:06-Ecom-AdminServer:0.0.1-SNAPSHOT @ E:\Full-stack\E_commerce\06-Ecom-AdminServer\pom.xml.
2026-01-21 11:21:34,445 [Worker-23: Updating Maven Project] INFO  o.e.m.j.i.AbstractJavaProjectConfigurator - Adding resource folder /06-Ecom-AdminServer/src/main/resources
2026-01-21 11:21:34,447 [Worker-23: Updating Maven Project] INFO  o.e.m.j.i.AbstractJavaProjectConfigurator - Adding resource folder /06-Ecom-AdminServer/src/main/resources
2026-01-21 11:21:34,447 [Worker-23: Updating Maven Project] INFO  o.e.m.j.i.AbstractJavaProjectConfigurator - Adding resource folder /06-Ecom-AdminServer/src/test/resources
2026-01-21 11:21:34,708 [Worker-23: Updating Maven Project] INFO  o.e.m.c.i.p.ProjectConfigurationManager - Update completed for 1 poms: local refresh takes 0.00 sec, refresh facades takes 0.00 sec, update config takes 0.00 sec 
2026-01-21 11:23:13,465 [Worker-27: Building] INFO  o.e.m.c.i.l.LifecycleMappingFactory - Using org.eclipse.m2e.jdt.JarLifecycleMapping lifecycle mapping for MavenProject: in.ashokit:06-Ecom-AdminServer:0.0.1-SNAPSHOT @ E:\Full-stack\E_commerce\06-Ecom-AdminServer\pom.xml.
2026-01-21 11:23:13,522 [Worker-27: Building] ERROR o.e.m.c.i.p.ProjectConfigurationManager - Could not read maven project
org.eclipse.core.runtime.CoreException: Could not read maven project
	at org.eclipse.m2e.core.internal.embedder.MavenImpl.lambda$4(MavenImpl.java:371)
	at org.eclipse.m2e.core.internal.embedder.MavenExecutionContext.executeBare(MavenExecutionContext.java:458)
	at org.eclipse.m2e.core.internal.embedder.MavenExecutionContext.execute(MavenExecutionContext.java:292)
	at org.eclipse.m2e.core.internal.embedder.MavenExecutionContext.execute(MavenExecutionContext.java:278)
	at org.eclipse.m2e.core.internal.embedder.MavenImpl.readProject(MavenImpl.java:361)
	at org.eclipse.m2e.mavenarchiver.internal.AbstractMavenArchiverConfigurator.lambda$4(AbstractMavenArchiverConfigurator.java:576)
	at org.eclipse.m2e.core.internal.embedder.MavenExecutionContext.executeBare(MavenExecutionContext.java:458)
	at org.eclipse.m2e.core.internal.embedder.MavenExecutionContext.execute(MavenExecutionContext.java:339)
	at org.eclipse.m2e.mavenarchiver.internal.AbstractMavenArchiverConfigurator.loadParentHierarchy(AbstractMavenArchiverConfigurator.java:568)
	at org.eclipse.m2e.mavenarchiver.internal.AbstractMavenArchiverConfigurator.generateManifest(AbstractMavenArchiverConfigurator.java:365)
	at org.eclipse.m2e.mavenarchiver.internal.AbstractMavenArchiverConfigurator.mavenProjectChanged(AbstractMavenArchiverConfigurator.java:228)
	at org.eclipse.m2e.mavenarchiver.internal.AbstractMavenArchiverConfigurator.mavenProjectChanged(AbstractMavenArchiverConfigurator.java:220)
	at org.eclipse.m2e.core.internal.project.ProjectConfigurationManager.mavenProjectChanged(ProjectConfigurationManager.java:885)
	at org.eclipse.m2e.core.internal.project.registry.ProjectRegistryManager.notifyProjectChangeListeners(ProjectRegistryManager.java:892)
	at org.eclipse.m2e.core.internal.project.registry.ProjectRegistryManager.applyMutableProjectRegistry(ProjectRegistryManager.java:1042)
	at org.eclipse.m2e.core.internal.project.registry.ProjectRegistryManager.refresh(ProjectRegistryManager.java:324)
	at org.eclipse.m2e.core.internal.builder.MavenBuilder$BuildMethod.getProjectFacade(MavenBuilder.java:146)
	at org.eclipse.m2e.core.internal.builder.MavenBuilder$BuildMethod.lambda$0(MavenBuilder.java:84)
	at org.eclipse.m2e.core.internal.embedder.MavenExecutionContext.executeBare(MavenExecutionContext.java:458)
	at org.eclipse.m2e.core.internal.embedder.MavenExecutionContext.execute(MavenExecutionContext.java:339)
	at org.eclipse.m2e.core.internal.embedder.MavenExecutionContext.execute(MavenExecutionContext.java:278)
	at org.eclipse.m2e.core.internal.builder.MavenBuilder$BuildMethod.execute(MavenBuilder.java:83)
	at org.eclipse.m2e.core.internal.builder.MavenBuilder.build(MavenBuilder.java:192)
	at org.eclipse.core.internal.events.BuildManager$2.run(BuildManager.java:1077)
	at org.eclipse.core.runtime.SafeRunner.run(SafeRunner.java:47)
	at org.eclipse.core.internal.events.BuildManager.basicBuild(BuildManager.java:296)
	at org.eclipse.core.internal.events.BuildManager.basicBuild(BuildManager.java:352)
	at org.eclipse.core.internal.events.BuildManager$1.run(BuildManager.java:441)
	at org.eclipse.core.runtime.SafeRunner.run(SafeRunner.java:47)
	at org.eclipse.core.internal.events.BuildManager.basicBuild(BuildManager.java:444)
	at org.eclipse.core.internal.events.BuildManager.basicBuildLoop(BuildManager.java:555)
	at org.eclipse.core.internal.events.BuildManager.basicBuildLoop(BuildManager.java:503)
	at org.eclipse.core.internal.events.BuildManager.build(BuildManager.java:585)
	at org.eclipse.core.internal.events.AutoBuildJob.doBuild(AutoBuildJob.java:207)
	at org.eclipse.core.internal.events.AutoBuildJob.run(AutoBuildJob.java:300)
	at org.eclipse.core.internal.jobs.Worker.run(Worker.java:63)
Caused by: org.apache.maven.project.ProjectBuildingException: 1 problem was encountered while building the effective model
[FATAL] Non-readable POM E:\Full-stack\E_commerce\06-Ecom-AdminServer: E:\Full-stack\E_commerce\06-Ecom-AdminServer (Access is denied) @ 
 for project  at E:\Full-stack\E_commerce\06-Ecom-AdminServer
	at org.apache.maven.project.DefaultProjectBuilder.build(DefaultProjectBuilder.java:180)
	at org.apache.maven.project.DefaultProjectBuilder.build(DefaultProjectBuilder.java:123)
	at org.eclipse.m2e.core.internal.embedder.MavenImpl.lambda$4(MavenImpl.java:369)
	... 35 common frames omitted
Caused by: org.apache.maven.model.building.ModelBuildingException: 1 problem was encountered while building the effective model
[FATAL] Non-readable POM E:\Full-stack\E_commerce\06-Ecom-AdminServer: E:\Full-stack\E_commerce\06-Ecom-AdminServer (Access is denied) @ 

	at org.apache.maven.model.building.DefaultModelProblemCollector.newModelBuildingException(DefaultModelProblemCollector.java:176)
	at org.apache.maven.model.building.DefaultModelBuilder.readModel(DefaultModelBuilder.java:643)
	at org.apache.maven.model.building.DefaultModelBuilder.build(DefaultModelBuilder.java:263)
	at org.apache.maven.model.building.DefaultModelBuilder.build(DefaultModelBuilder.java:249)
	at org.apache.maven.project.DefaultProjectBuilder.build(DefaultProjectBuilder.java:176)
	... 37 common frames omitted
2026-01-21 11:23:33,931 [Worker-23: Building] INFO  o.e.m.c.i.l.LifecycleMappingFactory - Using org.eclipse.m2e.jdt.JarLifecycleMapping lifecycle mapping for MavenProject: in.ashokit:06-Ecom-AdminServer:0.0.1-SNAPSHOT @ E:\Full-stack\E_commerce\06-Ecom-AdminServer\pom.xml.
2026-01-21 11:23:34,129 [Worker-23: Building] ERROR o.e.m.c.i.p.ProjectConfigurationManager - Could not read maven project
org.eclipse.core.runtime.CoreException: Could not read maven project
	at org.eclipse.m2e.core.internal.embedder.MavenImpl.lambda$4(MavenImpl.java:371)
	at org.eclipse.m2e.core.internal.embedder.MavenExecutionContext.executeBare(MavenExecutionContext.java:458)
	at org.eclipse.m2e.core.internal.embedder.MavenExecutionContext.execute(MavenExecutionContext.java:292)
	at org.eclipse.m2e.core.internal.embedder.MavenExecutionContext.execute(MavenExecutionContext.java:278)
	at org.eclipse.m2e.core.internal.embedder.MavenImpl.readProject(MavenImpl.java:361)
	at org.eclipse.m2e.mavenarchiver.internal.AbstractMavenArchiverConfigurator.lambda$4(AbstractMavenArchiverConfigurator.java:576)
	at org.eclipse.m2e.core.internal.embedder.MavenExecutionContext.executeBare(MavenExecutionContext.java:458)
	at org.eclipse.m2e.core.internal.embedder.MavenExecutionContext.execute(MavenExecutionContext.java:339)
	at org.eclipse.m2e.mavenarchiver.internal.AbstractMavenArchiverConfigurator.loadParentHierarchy(AbstractMavenArchiverConfigurator.java:568)
	at org.eclipse.m2e.mavenarchiver.internal.AbstractMavenArchiverConfigurator.generateManifest(AbstractMavenArchiverConfigurator.java:365)
	at org.eclipse.m2e.mavenarchiver.internal.AbstractMavenArchiverConfigurator.mavenProjectChanged(AbstractMavenArchiverConfigurator.java:228)
	at org.eclipse.m2e.mavenarchiver.internal.AbstractMavenArchiverConfigurator.mavenProjectChanged(AbstractMavenArchiverConfigurator.java:220)
	at org.eclipse.m2e.core.internal.project.ProjectConfigurationManager.mavenProjectChanged(ProjectConfigurationManager.java:885)
	at org.eclipse.m2e.core.internal.project.registry.ProjectRegistryManager.notifyProjectChangeListeners(ProjectRegistryManager.java:892)
	at org.eclipse.m2e.core.internal.project.registry.ProjectRegistryManager.applyMutableProjectRegistry(ProjectRegistryManager.java:1042)
	at org.eclipse.m2e.core.internal.project.registry.ProjectRegistryManager.refresh(ProjectRegistryManager.java:324)
	at org.eclipse.m2e.core.internal.builder.MavenBuilder$BuildMethod.getProjectFacade(MavenBuilder.java:146)
	at org.eclipse.m2e.core.internal.builder.MavenBuilder$BuildMethod.lambda$0(MavenBuilder.java:84)
	at org.eclipse.m2e.core.internal.embedder.MavenExecutionContext.executeBare(MavenExecutionContext.java:458)
	at org.eclipse.m2e.core.internal.embedder.MavenExecutionContext.execute(MavenExecutionContext.java:339)
	at org.eclipse.m2e.core.internal.embedder.MavenExecutionContext.execute(MavenExecutionContext.java:278)
	at org.eclipse.m2e.core.internal.builder.MavenBuilder$BuildMethod.execute(MavenBuilder.java:83)
	at org.eclipse.m2e.core.internal.builder.MavenBuilder.build(MavenBuilder.java:192)
	at org.eclipse.core.internal.events.BuildManager$2.run(BuildManager.java:1077)
	at org.eclipse.core.runtime.SafeRunner.run(SafeRunner.java:47)
	at org.eclipse.core.internal.events.BuildManager.basicBuild(BuildManager.java:296)
	at org.eclipse.core.internal.events.BuildManager.basicBuild(BuildManager.java:352)
	at org.eclipse.core.internal.events.BuildManager$1.run(BuildManager.java:441)
	at org.eclipse.core.runtime.SafeRunner.run(SafeRunner.java:47)
	at org.eclipse.core.internal.events.BuildManager.basicBuild(BuildManager.java:444)
	at org.eclipse.core.internal.events.BuildManager.basicBuildLoop(BuildManager.java:555)
	at org.eclipse.core.internal.events.BuildManager.basicBuildLoop(BuildManager.java:503)
	at org.eclipse.core.internal.events.BuildManager.build(BuildManager.java:585)
	at org.eclipse.core.internal.events.AutoBuildJob.doBuild(AutoBuildJob.java:207)
	at org.eclipse.core.internal.events.AutoBuildJob.run(AutoBuildJob.java:300)
	at org.eclipse.core.internal.jobs.Worker.run(Worker.java:63)
Caused by: org.apache.maven.project.ProjectBuildingException: 1 problem was encountered while building the effective model
[FATAL] Non-readable POM E:\Full-stack\E_commerce\06-Ecom-AdminServer: E:\Full-stack\E_commerce\06-Ecom-AdminServer (Access is denied) @ 
 for project  at E:\Full-stack\E_commerce\06-Ecom-AdminServer
	at org.apache.maven.project.DefaultProjectBuilder.build(DefaultProjectBuilder.java:180)
	at org.apache.maven.project.DefaultProjectBuilder.build(DefaultProjectBuilder.java:123)
	at org.eclipse.m2e.core.internal.embedder.MavenImpl.lambda$4(MavenImpl.java:369)
	... 35 common frames omitted
Caused by: org.apache.maven.model.building.ModelBuildingException: 1 problem was encountered while building the effective model
[FATAL] Non-readable POM E:\Full-stack\E_commerce\06-Ecom-AdminServer: E:\Full-stack\E_commerce\06-Ecom-AdminServer (Access is denied) @ 

	at org.apache.maven.model.building.DefaultModelProblemCollector.newModelBuildingException(DefaultModelProblemCollector.java:176)
	at org.apache.maven.model.building.DefaultModelBuilder.readModel(DefaultModelBuilder.java:643)
	at org.apache.maven.model.building.DefaultModelBuilder.build(DefaultModelBuilder.java:263)
	at org.apache.maven.model.building.DefaultModelBuilder.build(DefaultModelBuilder.java:249)
	at org.apache.maven.project.DefaultProjectBuilder.build(DefaultProjectBuilder.java:176)
	... 37 common frames omitted
2026-01-21 11:23:44,677 [Worker-27: Building] INFO  o.e.m.c.i.l.LifecycleMappingFactory - Using org.eclipse.m2e.jdt.JarLifecycleMapping lifecycle mapping for MavenProject: in.ashokit:06-Ecom-AdminServer:0.0.1-SNAPSHOT @ E:\Full-stack\E_commerce\06-Ecom-AdminServer\pom.xml.
2026-01-21 11:23:45,240 [Worker-27: Building] INFO  o.a.m.s.f.DefaultMavenResourcesFiltering - Copying 1 resource from src\main\resources to target\classes
2026-01-21 11:23:45,250 [Worker-27: Building] INFO  o.a.m.s.f.DefaultMavenResourcesFiltering - Copying 0 resource from src\main\resources to target\classes
2026-01-21 11:23:45,252 [Worker-27: Building] INFO  o.a.m.s.f.DefaultMavenResourcesFiltering - skip non existing resourceDirectory E:\Full-stack\E_commerce\06-Ecom-AdminServer\src\test\resources
2026-01-21 11:23:46,328 [Worker-27: Building] INFO  o.a.m.s.f.DefaultMavenResourcesFiltering - Copying 1 resource from src\main\resources to target\classes
2026-01-21 11:23:46,329 [Worker-27: Building] INFO  o.a.m.s.f.DefaultMavenResourcesFiltering - Copying 0 resource from src\main\resources to target\classes
2026-01-21 11:23:46,331 [Worker-27: Building] INFO  o.a.m.s.f.DefaultMavenResourcesFiltering - skip non existing resourceDirectory E:\Full-stack\E_commerce\06-Ecom-AdminServer\src\test\resources
2026-01-21 11:24:24,887 [Worker-36: Launching Executing clean in E__Full-stack_E_commerce_06-Ecom-AdminServer] INFO  o.eclipse.m2e.core.internal.Bundles - getClasspathEntries(Bundle=org.eclipse.m2e.maven.runtime_3.9.700.20240602-2313 [359])
2026-01-21 11:24:24,888 [Worker-36: Launching Executing clean in E__Full-stack_E_commerce_06-Ecom-AdminServer] INFO  o.eclipse.m2e.core.internal.Bundles - 	Entry: D:\Java Software\Sboot\sts-4.24.0.RELEASE\plugins\org.eclipse.m2e.maven.runtime_3.9.700.20240602-2313
2026-01-21 11:24:24,888 [Worker-36: Launching Executing clean in E__Full-stack_E_commerce_06-Ecom-AdminServer] INFO  o.eclipse.m2e.core.internal.Bundles - 	Entry: D:\Java Software\Sboot\sts-4.24.0.RELEASE\plugins\org.eclipse.m2e.maven.runtime_3.9.700.20240602-2313\jars\aopalliance-1.0.jar
2026-01-21 11:24:24,888 [Worker-36: Launching Executing clean in E__Full-stack_E_commerce_06-Ecom-AdminServer] INFO  o.eclipse.m2e.core.internal.Bundles - 	Entry: D:\Java Software\Sboot\sts-4.24.0.RELEASE\plugins\org.eclipse.m2e.maven.runtime_3.9.700.20240602-2313\jars\guice-5.1.0.jar
2026-01-21 11:24:24,888 [Worker-36: Launching Executing clean in E__Full-stack_E_commerce_06-Ecom-AdminServer] INFO  o.eclipse.m2e.core.internal.Bundles - 	Entry: D:\Java Software\Sboot\sts-4.24.0.RELEASE\plugins\org.eclipse.m2e.maven.runtime_3.9.700.20240602-2313\jars\httpclient-4.5.14.jar
2026-01-21 11:24:24,890 [Worker-36: Launching Executing clean in E__Full-stack_E_commerce_06-Ecom-AdminServer] INFO  o.eclipse.m2e.core.internal.Bundles - 	Entry: D:\Java Software\Sboot\sts-4.24.0.RELEASE\plugins\org.eclipse.m2e.maven.runtime_3.9.700.20240602-2313\jars\httpcore-4.4.16.jar
2026-01-21 11:24:24,890 [Worker-36: Launching Executing clean in E__Full-stack_E_commerce_06-Ecom-AdminServer] INFO  o.eclipse.m2e.core.internal.Bundles - 	Entry: D:\Java Software\Sboot\sts-4.24.0.RELEASE\plugins\org.eclipse.m2e.maven.runtime_3.9.700.20240602-2313\jars\jansi-2.4.1.jar
2026-01-21 11:24:24,890 [Worker-36: Launching Executing clean in E__Full-stack_E_commerce_06-Ecom-AdminServer] INFO  o.eclipse.m2e.core.internal.Bundles - 	Entry: D:\Java Software\Sboot\sts-4.24.0.RELEASE\plugins\org.eclipse.m2e.maven.runtime_3.9.700.20240602-2313\jars\jcl-over-slf4j-1.7.36.jar
2026-01-21 11:24:24,890 [Worker-36: Launching Executing clean in E__Full-stack_E_commerce_06-Ecom-AdminServer] INFO  o.eclipse.m2e.core.internal.Bundles - 	Entry: D:\Java Software\Sboot\sts-4.24.0.RELEASE\plugins\org.eclipse.m2e.maven.runtime_3.9.700.20240602-2313\jars\maven-artifact-3.9.7.jar
2026-01-21 11:24:24,890 [Worker-36: Launching Executing clean in E__Full-stack_E_commerce_06-Ecom-AdminServer] INFO  o.eclipse.m2e.core.internal.Bundles - 	Entry: D:\Java Software\Sboot\sts-4.24.0.RELEASE\plugins\org.eclipse.m2e.maven.runtime_3.9.700.20240602-2313\jars\maven-builder-support-3.9.7.jar
2026-01-21 11:24:24,890 [Worker-36: Launching Executing clean in E__Full-stack_E_commerce_06-Ecom-AdminServer] INFO  o.eclipse.m2e.core.internal.Bundles - 	Entry: D:\Java Software\Sboot\sts-4.24.0.RELEASE\plugins\org.eclipse.m2e.maven.runtime_3.9.700.20240602-2313\jars\maven-compat-3.9.7.jar
2026-01-21 11:24:24,890 [Worker-36: Launching Executing clean in E__Full-stack_E_commerce_06-Ecom-AdminServer] INFO  o.eclipse.m2e.core.internal.Bundles - 	Entry: D:\Java Software\Sboot\sts-4.24.0.RELEASE\plugins\org.eclipse.m2e.maven.runtime_3.9.700.20240602-2313\jars\maven-core-3.9.7.jar
2026-01-21 11:24:24,890 [Worker-36: Launching Executing clean in E__Full-stack_E_commerce_06-Ecom-AdminServer] INFO  o.eclipse.m2e.core.internal.Bundles - 	Entry: D:\Java Software\Sboot\sts-4.24.0.RELEASE\plugins\org.eclipse.m2e.maven.runtime_3.9.700.20240602-2313\jars\maven-embedder-3.9.7.jar
2026-01-21 11:24:24,890 [Worker-36: Launching Executing clean in E__Full-stack_E_commerce_06-Ecom-AdminServer] INFO  o.eclipse.m2e.core.internal.Bundles - 	Entry: D:\Java Software\Sboot\sts-4.24.0.RELEASE\plugins\org.eclipse.m2e.maven.runtime_3.9.700.20240602-2313\jars\maven-model-3.9.7.jar
2026-01-21 11:24:24,890 [Worker-36: Launching Executing clean in E__Full-stack_E_commerce_06-Ecom-AdminServer] INFO  o.eclipse.m2e.core.internal.Bundles - 	Entry: D:\Java Software\Sboot\sts-4.24.0.RELEASE\plugins\org.eclipse.m2e.maven.runtime_3.9.700.20240602-2313\jars\maven-model-builder-3.9.7.jar
2026-01-21 11:24:24,890 [Worker-36: Launching Executing clean in E__Full-stack_E_commerce_06-Ecom-AdminServer] INFO  o.eclipse.m2e.core.internal.Bundles - 	Entry: D:\Java Software\Sboot\sts-4.24.0.RELEASE\plugins\org.eclipse.m2e.maven.runtime_3.9.700.20240602-2313\jars\maven-plugin-api-3.9.7.jar
2026-01-21 11:24:24,890 [Worker-36: Launching Executing clean in E__Full-stack_E_commerce_06-Ecom-AdminServer] INFO  o.eclipse.m2e.core.internal.Bundles - 	Entry: D:\Java Software\Sboot\sts-4.24.0.RELEASE\plugins\org.eclipse.m2e.maven.runtime_3.9.700.20240602-2313\jars\maven-repository-metadata-3.9.7.jar
2026-01-21 11:24:24,890 [Worker-36: Launching Executing clean in E__Full-stack_E_commerce_06-Ecom-AdminServer] INFO  o.eclipse.m2e.core.internal.Bundles - 	Entry: D:\Java Software\Sboot\sts-4.24.0.RELEASE\plugins\org.eclipse.m2e.maven.runtime_3.9.700.20240602-2313\jars\maven-resolver-api-1.9.20.jar
2026-01-21 11:24:24,890 [Worker-36: Launching Executing clean in E__Full-stack_E_commerce_06-Ecom-AdminServer] INFO  o.eclipse.m2e.core.internal.Bundles - 	Entry: D:\Java Software\Sboot\sts-4.24.0.RELEASE\plugins\org.eclipse.m2e.maven.runtime_3.9.700.20240602-2313\jars\maven-resolver-connector-basic-1.9.20.jar
2026-01-21 11:24:24,890 [Worker-36: Launching Executing clean in E__Full-stack_E_commerce_06-Ecom-AdminServer] INFO  o.eclipse.m2e.core.internal.Bundles - 	Entry: D:\Java Software\Sboot\sts-4.24.0.RELEASE\plugins\org.eclipse.m2e.maven.runtime_3.9.700.20240602-2313\jars\maven-resolver-impl-1.9.20.jar
2026-01-21 11:24:24,890 [Worker-36: Launching Executing clean in E__Full-stack_E_commerce_06-Ecom-AdminServer] INFO  o.eclipse.m2e.core.internal.Bundles - 	Entry: D:\Java Software\Sboot\sts-4.24.0.RELEASE\plugins\org.eclipse.m2e.maven.runtime_3.9.700.20240602-2313\jars\maven-resolver-named-locks-1.9.20.jar
2026-01-21 11:24:24,890 [Worker-36: Launching Executing clean in E__Full-stack_E_commerce_06-Ecom-AdminServer] INFO  o.eclipse.m2e.core.internal.Bundles - 	Entry: D:\Java Software\Sboot\sts-4.24.0.RELEASE\plugins\org.eclipse.m2e.maven.runtime_3.9.700.20240602-2313\jars\maven-resolver-provider-3.9.7.jar
2026-01-21 11:24:24,890 [Worker-36: Launching Executing clean in E__Full-stack_E_commerce_06-Ecom-AdminServer] INFO  o.eclipse.m2e.core.internal.Bundles - 	Entry: D:\Java Software\Sboot\sts-4.24.0.RELEASE\plugins\org.eclipse.m2e.maven.runtime_3.9.700.20240602-2313\jars\maven-resolver-spi-1.9.20.jar
2026-01-21 11:24:24,890 [Worker-36: Launching Executing clean in E__Full-stack_E_commerce_06-Ecom-AdminServer] INFO  o.eclipse.m2e.core.internal.Bundles - 	Entry: D:\Java Software\Sboot\sts-4.24.0.RELEASE\plugins\org.eclipse.m2e.maven.runtime_3.9.700.20240602-2313\jars\maven-resolver-transport-file-1.9.20.jar
2026-01-21 11:24:24,890 [Worker-36: Launching Executing clean in E__Full-stack_E_commerce_06-Ecom-AdminServer] INFO  o.eclipse.m2e.core.internal.Bundles - 	Entry: D:\Java Software\Sboot\sts-4.24.0.RELEASE\plugins\org.eclipse.m2e.maven.runtime_3.9.700.20240602-2313\jars\maven-resolver-transport-http-1.9.20.jar
2026-01-21 11:24:24,890 [Worker-36: Launching Executing clean in E__Full-stack_E_commerce_06-Ecom-AdminServer] INFO  o.eclipse.m2e.core.internal.Bundles - 	Entry: D:\Java Software\Sboot\sts-4.24.0.RELEASE\plugins\org.eclipse.m2e.maven.runtime_3.9.700.20240602-2313\jars\maven-resolver-transport-wagon-1.9.20.jar
2026-01-21 11:24:24,890 [Worker-36: Launching Executing clean in E__Full-stack_E_commerce_06-Ecom-AdminServer] INFO  o.eclipse.m2e.core.internal.Bundles - 	Entry: D:\Java Software\Sboot\sts-4.24.0.RELEASE\plugins\org.eclipse.m2e.maven.runtime_3.9.700.20240602-2313\jars\maven-resolver-util-1.9.20.jar
2026-01-21 11:24:24,890 [Worker-36: Launching Executing clean in E__Full-stack_E_commerce_06-Ecom-AdminServer] INFO  o.eclipse.m2e.core.internal.Bundles - 	Entry: D:\Java Software\Sboot\sts-4.24.0.RELEASE\plugins\org.eclipse.m2e.maven.runtime_3.9.700.20240602-2313\jars\maven-settings-3.9.7.jar
2026-01-21 11:24:24,890 [Worker-36: Launching Executing clean in E__Full-stack_E_commerce_06-Ecom-AdminServer] INFO  o.eclipse.m2e.core.internal.Bundles - 	Entry: D:\Java Software\Sboot\sts-4.24.0.RELEASE\plugins\org.eclipse.m2e.maven.runtime_3.9.700.20240602-2313\jars\maven-settings-builder-3.9.7.jar
2026-01-21 11:24:24,890 [Worker-36: Launching Executing clean in E__Full-stack_E_commerce_06-Ecom-AdminServer] INFO  o.eclipse.m2e.core.internal.Bundles - 	Entry: D:\Java Software\Sboot\sts-4.24.0.RELEASE\plugins\org.eclipse.m2e.maven.runtime_3.9.700.20240602-2313\jars\maven-shared-utils-3.4.2.jar
2026-01-21 11:24:24,890 [Worker-36: Launching Executing clean in E__Full-stack_E_commerce_06-Ecom-AdminServer] INFO  o.eclipse.m2e.core.internal.Bundles - 	Entry: D:\Java Software\Sboot\sts-4.24.0.RELEASE\plugins\org.eclipse.m2e.maven.runtime_3.9.700.20240602-2313\jars\org.eclipse.sisu.inject-0.9.0.M2.jar
2026-01-21 11:24:24,890 [Worker-36: Launching Executing clean in E__Full-stack_E_commerce_06-Ecom-AdminServer] INFO  o.eclipse.m2e.core.internal.Bundles - 	Entry: D:\Java Software\Sboot\sts-4.24.0.RELEASE\plugins\org.eclipse.m2e.maven.runtime_3.9.700.20240602-2313\jars\org.eclipse.sisu.plexus-0.9.0.M2.jar
2026-01-21 11:24:24,890 [Worker-36: Launching Executing clean in E__Full-stack_E_commerce_06-Ecom-AdminServer] INFO  o.eclipse.m2e.core.internal.Bundles - 	Entry: D:\Java Software\Sboot\sts-4.24.0.RELEASE\plugins\org.eclipse.m2e.maven.runtime_3.9.700.20240602-2313\jars\plexus-build-api-0.0.7.jar
2026-01-21 11:24:24,890 [Worker-36: Launching Executing clean in E__Full-stack_E_commerce_06-Ecom-AdminServer] INFO  o.eclipse.m2e.core.internal.Bundles - 	Entry: D:\Java Software\Sboot\sts-4.24.0.RELEASE\plugins\org.eclipse.m2e.maven.runtime_3.9.700.20240602-2313\jars\plexus-build-api-1.2.0.jar
2026-01-21 11:24:24,890 [Worker-36: Launching Executing clean in E__Full-stack_E_commerce_06-Ecom-AdminServer] INFO  o.eclipse.m2e.core.internal.Bundles - 	Entry: D:\Java Software\Sboot\sts-4.24.0.RELEASE\plugins\org.eclipse.m2e.maven.runtime_3.9.700.20240602-2313\jars\plexus-cipher-2.0.jar
2026-01-21 11:24:24,890 [Worker-36: Launching Executing clean in E__Full-stack_E_commerce_06-Ecom-AdminServer] INFO  o.eclipse.m2e.core.internal.Bundles - 	Entry: D:\Java Software\Sboot\sts-4.24.0.RELEASE\plugins\org.eclipse.m2e.maven.runtime_3.9.700.20240602-2313\jars\plexus-classworlds-2.8.0.jar
2026-01-21 11:24:24,891 [Worker-36: Launching Executing clean in E__Full-stack_E_commerce_06-Ecom-AdminServer] INFO  o.eclipse.m2e.core.internal.Bundles - 	Entry: D:\Java Software\Sboot\sts-4.24.0.RELEASE\plugins\org.eclipse.m2e.maven.runtime_3.9.700.20240602-2313\jars\plexus-component-annotations-2.1.0.jar
2026-01-21 11:24:24,891 [Worker-36: Launching Executing clean in E__Full-stack_E_commerce_06-Ecom-AdminServer] INFO  o.eclipse.m2e.core.internal.Bundles - 	Entry: D:\Java Software\Sboot\sts-4.24.0.RELEASE\plugins\org.eclipse.m2e.maven.runtime_3.9.700.20240602-2313\jars\plexus-interpolation-1.27.jar
2026-01-21 11:24:24,891 [Worker-36: Launching Executing clean in E__Full-stack_E_commerce_06-Ecom-AdminServer] INFO  o.eclipse.m2e.core.internal.Bundles - 	Entry: D:\Java Software\Sboot\sts-4.24.0.RELEASE\plugins\org.eclipse.m2e.maven.runtime_3.9.700.20240602-2313\jars\plexus-sec-dispatcher-2.0.jar
2026-01-21 11:24:24,891 [Worker-36: Launching Executing clean in E__Full-stack_E_commerce_06-Ecom-AdminServer] INFO  o.eclipse.m2e.core.internal.Bundles - 	Entry: D:\Java Software\Sboot\sts-4.24.0.RELEASE\plugins\org.eclipse.m2e.maven.runtime_3.9.700.20240602-2313\jars\plexus-utils-3.5.1.jar
2026-01-21 11:24:24,891 [Worker-36: Launching Executing clean in E__Full-stack_E_commerce_06-Ecom-AdminServer] INFO  o.eclipse.m2e.core.internal.Bundles - 	Entry: D:\Java Software\Sboot\sts-4.24.0.RELEASE\plugins\org.eclipse.m2e.maven.runtime_3.9.700.20240602-2313\jars\wagon-file-3.5.3.jar
2026-01-21 11:24:24,891 [Worker-36: Launching Executing clean in E__Full-stack_E_commerce_06-Ecom-AdminServer] INFO  o.eclipse.m2e.core.internal.Bundles - 	Entry: D:\Java Software\Sboot\sts-4.24.0.RELEASE\plugins\org.eclipse.m2e.maven.runtime_3.9.700.20240602-2313\jars\wagon-http-3.5.3.jar
2026-01-21 11:24:24,891 [Worker-36: Launching Executing clean in E__Full-stack_E_commerce_06-Ecom-AdminServer] INFO  o.eclipse.m2e.core.internal.Bundles - 	Entry: D:\Java Software\Sboot\sts-4.24.0.RELEASE\plugins\org.eclipse.m2e.maven.runtime_3.9.700.20240602-2313\jars\wagon-http-shared-3.5.3.jar
2026-01-21 11:24:24,891 [Worker-36: Launching Executing clean in E__Full-stack_E_commerce_06-Ecom-AdminServer] INFO  o.eclipse.m2e.core.internal.Bundles - 	Entry: D:\Java Software\Sboot\sts-4.24.0.RELEASE\plugins\org.eclipse.m2e.maven.runtime_3.9.700.20240602-2313\jars\wagon-provider-api-3.5.3.jar
2026-01-21 11:24:24,891 [Worker-36: Launching Executing clean in E__Full-stack_E_commerce_06-Ecom-AdminServer] INFO  o.eclipse.m2e.core.internal.Bundles - getClasspathEntries(Bundle=com.google.guava_33.2.0.jre [29])
2026-01-21 11:24:24,891 [Worker-36: Launching Executing clean in E__Full-stack_E_commerce_06-Ecom-AdminServer] INFO  o.eclipse.m2e.core.internal.Bundles - 	Entry: D:\Java Software\Sboot\sts-4.24.0.RELEASE\plugins\com.google.guava_33.2.0.jre.jar
2026-01-21 11:24:24,891 [Worker-36: Launching Executing clean in E__Full-stack_E_commerce_06-Ecom-AdminServer] INFO  o.eclipse.m2e.core.internal.Bundles - getClasspathEntries(Bundle=slf4j.api_2.0.13 [592])
2026-01-21 11:24:24,891 [Worker-36: Launching Executing clean in E__Full-stack_E_commerce_06-Ecom-AdminServer] INFO  o.eclipse.m2e.core.internal.Bundles - 	Entry: D:\Java Software\Sboot\sts-4.24.0.RELEASE\plugins\slf4j.api_2.0.13.jar
2026-01-21 11:24:24,891 [Worker-36: Launching Executing clean in E__Full-stack_E_commerce_06-Ecom-AdminServer] INFO  o.eclipse.m2e.core.internal.Bundles - getClasspathEntries(Bundle=jakarta.inject.jakarta.inject-api_1.0.5 [44])
2026-01-21 11:24:24,892 [Worker-36: Launching Executing clean in E__Full-stack_E_commerce_06-Ecom-AdminServer] INFO  o.eclipse.m2e.core.internal.Bundles - 	Entry: D:\Java Software\Sboot\sts-4.24.0.RELEASE\plugins\jakarta.inject.jakarta.inject-api_1.0.5.jar
2026-01-21 11:24:24,892 [Worker-36: Launching Executing clean in E__Full-stack_E_commerce_06-Ecom-AdminServer] INFO  o.eclipse.m2e.core.internal.Bundles - getClasspathEntries(Bundle=javax.annotation_1.3.5.v20200909-1856 [53])
2026-01-21 11:24:24,892 [Worker-36: Launching Executing clean in E__Full-stack_E_commerce_06-Ecom-AdminServer] INFO  o.eclipse.m2e.core.internal.Bundles - 	Entry: D:\Java Software\Sboot\sts-4.24.0.RELEASE\plugins\javax.annotation_1.3.5.v20200909-1856.jar
2026-01-21 11:24:24,892 [Worker-36: Launching Executing clean in E__Full-stack_E_commerce_06-Ecom-AdminServer] INFO  o.eclipse.m2e.core.internal.Bundles - getClasspathEntries(Bundle=org.apache.commons.cli_1.8.0 [76])
2026-01-21 11:24:24,892 [Worker-36: Launching Executing clean in E__Full-stack_E_commerce_06-Ecom-AdminServer] INFO  o.eclipse.m2e.core.internal.Bundles - 	Entry: D:\Java Software\Sboot\sts-4.24.0.RELEASE\plugins\org.apache.commons.cli_1.8.0.jar
2026-01-21 11:24:24,892 [Worker-36: Launching Executing clean in E__Full-stack_E_commerce_06-Ecom-AdminServer] INFO  o.eclipse.m2e.core.internal.Bundles - getClasspathEntries(Bundle=org.apache.commons.commons-codec_1.16.0 [78])
2026-01-21 11:24:24,892 [Worker-36: Launching Executing clean in E__Full-stack_E_commerce_06-Ecom-AdminServer] INFO  o.eclipse.m2e.core.internal.Bundles - 	Entry: D:\Java Software\Sboot\sts-4.24.0.RELEASE\plugins\org.apache.commons.commons-codec_1.16.0.jar
2026-01-21 11:24:24,892 [Worker-36: Launching Executing clean in E__Full-stack_E_commerce_06-Ecom-AdminServer] INFO  o.eclipse.m2e.core.internal.Bundles - getClasspathEntries(Bundle=org.apache.commons.lang3_3.14.0 [82])
2026-01-21 11:24:24,892 [Worker-36: Launching Executing clean in E__Full-stack_E_commerce_06-Ecom-AdminServer] INFO  o.eclipse.m2e.core.internal.Bundles - 	Entry: D:\Java Software\Sboot\sts-4.24.0.RELEASE\plugins\org.apache.commons.lang3_3.14.0.jar
2026-01-21 11:24:24,892 [Worker-36: Launching Executing clean in E__Full-stack_E_commerce_06-Ecom-AdminServer] INFO  o.eclipse.m2e.core.internal.Bundles - getClasspathEntries(Bundle=com.google.guava.failureaccess_1.0.2 [30])
2026-01-21 11:24:24,892 [Worker-36: Launching Executing clean in E__Full-stack_E_commerce_06-Ecom-AdminServer] INFO  o.eclipse.m2e.core.internal.Bundles - 	Entry: D:\Java Software\Sboot\sts-4.24.0.RELEASE\plugins\com.google.guava.failureaccess_1.0.2.jar
2026-01-21 11:24:24,894 [Worker-36: Launching Executing clean in E__Full-stack_E_commerce_06-Ecom-AdminServer] INFO  o.e.m.i.launch.MavenLaunchDelegate - Run build in "E:\Full-stack\E_commerce\06-Ecom-AdminServer":
2026-01-21 11:24:24,896 [Worker-36: Launching Executing clean in E__Full-stack_E_commerce_06-Ecom-AdminServer] INFO  o.e.m.i.launch.MavenLaunchDelegate -  mvn  -Ppom.xml -B -Dstyle.color=always clean
2026-01-21 11:24:27,024 [Worker-36: Building] INFO  o.a.m.s.f.DefaultMavenResourcesFiltering - Copying 1 resource from src\main\resources to target\classes
2026-01-21 11:24:27,025 [Worker-36: Building] INFO  o.a.m.s.f.DefaultMavenResourcesFiltering - Copying 0 resource from src\main\resources to target\classes
2026-01-21 11:24:27,026 [Worker-36: Building] INFO  o.a.m.s.f.DefaultMavenResourcesFiltering - skip non existing resourceDirectory E:\Full-stack\E_commerce\06-Ecom-AdminServer\src\test\resources
2026-01-21 11:24:36,326 [Worker-35: Updating Maven Project] INFO  o.e.m.c.i.p.ProjectConfigurationManager - Update started
2026-01-21 11:24:36,537 [Worker-35: Updating Maven Project] INFO  o.e.m.c.i.l.LifecycleMappingFactory - Using org.eclipse.m2e.jdt.JarLifecycleMapping lifecycle mapping for MavenProject: in.ashokit:06-Ecom-AdminServer:0.0.1-SNAPSHOT @ E:\Full-stack\E_commerce\06-Ecom-AdminServer\pom.xml.
2026-01-21 11:24:36,921 [Worker-35: Updating Maven Project] INFO  o.e.m.j.i.AbstractJavaProjectConfigurator - Adding source folder /06-Ecom-AdminServer/src/main/java
2026-01-21 11:24:36,922 [Worker-35: Updating Maven Project] INFO  o.e.m.j.i.AbstractJavaProjectConfigurator - Adding resource folder /06-Ecom-AdminServer/src/main/resources
2026-01-21 11:24:36,922 [Worker-35: Updating Maven Project] INFO  o.e.m.j.i.AbstractJavaProjectConfigurator - Adding resource folder /06-Ecom-AdminServer/src/main/resources
2026-01-21 11:24:36,922 [Worker-35: Updating Maven Project] INFO  o.e.m.j.i.AbstractJavaProjectConfigurator - Adding source folder /06-Ecom-AdminServer/src/test/java
2026-01-21 11:24:36,922 [Worker-35: Updating Maven Project] INFO  o.e.m.j.i.AbstractJavaProjectConfigurator - Adding resource folder /06-Ecom-AdminServer/src/test/resources
2026-01-21 11:24:37,178 [Worker-35: Updating Maven Project] INFO  o.e.m.c.i.p.ProjectConfigurationManager - Update completed for 1 poms: local refresh takes 0.00 sec, refresh facades takes 0.00 sec, update config takes 0.00 sec 
2026-01-21 11:24:37,414 [Worker-34: Building] INFO  o.a.m.s.f.DefaultMavenResourcesFiltering - Copying 1 resource from src\main\resources to target\classes
2026-01-21 11:24:37,425 [Worker-34: Building] INFO  o.a.m.s.f.DefaultMavenResourcesFiltering - Copying 0 resource from src\main\resources to target\classes
2026-01-21 11:24:37,428 [Worker-34: Building] INFO  o.a.m.s.f.DefaultMavenResourcesFiltering - skip non existing resourceDirectory E:\Full-stack\E_commerce\06-Ecom-AdminServer\src\test\resources
2026-01-21 11:24:53,096 [Worker-31: Updating Maven Dependencies] INFO  o.e.m.c.i.l.LifecycleMappingFactory - Using org.eclipse.m2e.jdt.JarLifecycleMapping lifecycle mapping for MavenProject: in.ashokit:05-Ecom-ServiceRegistry:0.0.1-SNAPSHOT @ E:\Full-stack\E_commerce\05-Ecom-ServiceRegistry\pom.xml.
2026-01-21 11:30:58,259 [Worker-31: Updating Maven Dependencies] INFO  o.e.m.c.i.l.LifecycleMappingFactory - Using org.eclipse.m2e.jdt.JarLifecycleMapping lifecycle mapping for MavenProject: com.example:Product_Api:0.0.1-SNAPSHOT @ E:\Full-stack\E_commerce\01-Product-Api\pom.xml.
2026-01-21 11:39:11,142 [Worker-45: Building] INFO  o.a.m.s.f.DefaultMavenResourcesFiltering - Copying 1 resource from src\main\resources to target\classes
2026-01-21 11:39:11,153 [Worker-45: Building] INFO  o.a.m.s.f.DefaultMavenResourcesFiltering - Copying 0 resource from src\main\resources to target\classes
2026-01-21 11:39:11,156 [Worker-45: Building] INFO  o.a.m.s.f.DefaultMavenResourcesFiltering - skip non existing resourceDirectory E:\Full-stack\E_commerce\05-Ecom-ServiceRegistry\src\test\resources
2026-01-21 11:39:57,437 [Worker-46: Building] INFO  o.a.m.s.f.DefaultMavenResourcesFiltering - Copying 1 resource from src\main\resources to target\classes
2026-01-21 11:39:57,443 [Worker-46: Building] INFO  o.a.m.s.f.DefaultMavenResourcesFiltering - Copying 0 resource from src\main\resources to target\classes
2026-01-21 11:39:57,445 [Worker-46: Building] INFO  o.a.m.s.f.DefaultMavenResourcesFiltering - skip non existing resourceDirectory E:\Full-stack\E_commerce\05-Ecom-ServiceRegistry\src\test\resources
2026-01-21 11:40:44,469 [Worker-47: Updating Maven Dependencies] INFO  o.e.m.c.i.l.LifecycleMappingFactory - Using org.eclipse.m2e.jdt.JarLifecycleMapping lifecycle mapping for MavenProject: in.ashokit:06-Ecom-AdminServer:0.0.1-SNAPSHOT @ E:\Full-stack\E_commerce\06-Ecom-AdminServer\pom.xml.
2026-01-21 11:44:52,711 [Worker-73: Updating Maven Dependencies] INFO  o.e.m.c.i.l.LifecycleMappingFactory - Using org.eclipse.m2e.jdt.JarLifecycleMapping lifecycle mapping for MavenProject: com.example:Product_Api:0.0.1-SNAPSHOT @ E:\Full-stack\E_commerce\01-Product-Api\pom.xml.
2026-01-21 11:46:02,624 [Worker-32: Building] INFO  o.a.m.s.f.DefaultMavenResourcesFiltering - Copying 1 resource from src\main\resources to target\classes
2026-01-21 11:46:02,635 [Worker-32: Building] INFO  o.a.m.s.f.DefaultMavenResourcesFiltering - Copying 0 resource from src\main\resources to target\classes
2026-01-21 11:46:02,637 [Worker-32: Building] INFO  o.a.m.s.f.DefaultMavenResourcesFiltering - skip non existing resourceDirectory E:\Full-stack\E_commerce\01-Product-Api\src\test\resources
2026-01-21 11:47:31,912 [Worker-69: Building] INFO  o.e.m.c.i.e.AbstractTransferListenerAdapter - Downloading https://repo.maven.apache.org/maven2/org/springframework/cloud/spring-cloud-dependencies/2025.0.1/spring-cloud-dependencies-2025.0.1.pom
2026-01-21 11:47:31,944 [Worker-69: Building] INFO  o.e.m.c.i.e.AbstractTransferListenerAdapter - Downloaded https://repo.maven.apache.org/maven2/org/springframework/cloud/spring-cloud-dependencies/2025.0.1/spring-cloud-dependencies-2025.0.1.pom
2026-01-21 11:47:32,005 [Worker-69: Building] INFO  o.e.m.c.i.e.AbstractTransferListenerAdapter - Downloading https://repo.maven.apache.org/maven2/org/springframework/cloud/spring-cloud-dependencies-parent/4.3.2/spring-cloud-dependencies-parent-4.3.2.pom
2026-01-21 11:47:32,030 [Worker-69: Building] INFO  o.e.m.c.i.e.AbstractTransferListenerAdapter - Downloaded https://repo.maven.apache.org/maven2/org/springframework/cloud/spring-cloud-dependencies-parent/4.3.2/spring-cloud-dependencies-parent-4.3.2.pom
2026-01-21 11:47:32,076 [Worker-69: Building] INFO  o.e.m.c.i.e.AbstractTransferListenerAdapter - Downloading https://repo.maven.apache.org/maven2/org/springframework/cloud/spring-cloud-commons-dependencies/4.3.1/spring-cloud-commons-dependencies-4.3.1.pom
2026-01-21 11:47:32,103 [Worker-69: Building] INFO  o.e.m.c.i.e.AbstractTransferListenerAdapter - Downloaded https://repo.maven.apache.org/maven2/org/springframework/cloud/spring-cloud-commons-dependencies/4.3.1/spring-cloud-commons-dependencies-4.3.1.pom
2026-01-21 11:47:32,150 [Worker-69: Building] INFO  o.e.m.c.i.e.AbstractTransferListenerAdapter - Downloading https://repo.maven.apache.org/maven2/org/springframework/cloud/spring-cloud-netflix-dependencies/4.3.1/spring-cloud-netflix-dependencies-4.3.1.pom
2026-01-21 11:47:32,180 [Worker-69: Building] INFO  o.e.m.c.i.e.AbstractTransferListenerAdapter - Downloaded https://repo.maven.apache.org/maven2/org/springframework/cloud/spring-cloud-netflix-dependencies/4.3.1/spring-cloud-netflix-dependencies-4.3.1.pom
2026-01-21 11:47:32,241 [Worker-69: Building] INFO  o.e.m.c.i.e.AbstractTransferListenerAdapter - Downloading https://repo.maven.apache.org/maven2/org/springframework/cloud/spring-cloud-stream-dependencies/4.3.1/spring-cloud-stream-dependencies-4.3.1.pom
2026-01-21 11:47:32,270 [Worker-69: Building] INFO  o.e.m.c.i.e.AbstractTransferListenerAdapter - Downloaded https://repo.maven.apache.org/maven2/org/springframework/cloud/spring-cloud-stream-dependencies/4.3.1/spring-cloud-stream-dependencies-4.3.1.pom
2026-01-21 11:47:32,332 [Worker-69: Building] INFO  o.e.m.c.i.e.AbstractTransferListenerAdapter - Downloading https://repo.maven.apache.org/maven2/org/springframework/cloud/spring-cloud-task-dependencies/3.3.1/spring-cloud-task-dependencies-3.3.1.pom
2026-01-21 11:47:32,359 [Worker-69: Building] INFO  o.e.m.c.i.e.AbstractTransferListenerAdapter - Downloaded https://repo.maven.apache.org/maven2/org/springframework/cloud/spring-cloud-task-dependencies/3.3.1/spring-cloud-task-dependencies-3.3.1.pom
2026-01-21 11:47:32,404 [Worker-69: Building] INFO  o.e.m.c.i.e.AbstractTransferListenerAdapter - Downloading https://repo.maven.apache.org/maven2/org/springframework/cloud/spring-cloud-circuitbreaker-dependencies/3.3.1/spring-cloud-circuitbreaker-dependencies-3.3.1.pom
2026-01-21 11:47:32,431 [Worker-69: Building] INFO  o.e.m.c.i.e.AbstractTransferListenerAdapter - Downloaded https://repo.maven.apache.org/maven2/org/springframework/cloud/spring-cloud-circuitbreaker-dependencies/3.3.1/spring-cloud-circuitbreaker-dependencies-3.3.1.pom
2026-01-21 11:47:32,476 [Worker-69: Building] INFO  o.e.m.c.i.e.AbstractTransferListenerAdapter - Downloading https://repo.maven.apache.org/maven2/org/springframework/cloud/spring-cloud-config-dependencies/4.3.1/spring-cloud-config-dependencies-4.3.1.pom
2026-01-21 11:47:32,501 [Worker-69: Building] INFO  o.e.m.c.i.e.AbstractTransferListenerAdapter - Downloaded https://repo.maven.apache.org/maven2/org/springframework/cloud/spring-cloud-config-dependencies/4.3.1/spring-cloud-config-dependencies-4.3.1.pom
2026-01-21 11:47:32,564 [Worker-69: Building] INFO  o.e.m.c.i.e.AbstractTransferListenerAdapter - Downloading https://repo.maven.apache.org/maven2/org/springframework/cloud/spring-cloud-function-dependencies/4.3.1/spring-cloud-function-dependencies-4.3.1.pom
2026-01-21 11:47:32,594 [Worker-69: Building] INFO  o.e.m.c.i.e.AbstractTransferListenerAdapter - Downloaded https://repo.maven.apache.org/maven2/org/springframework/cloud/spring-cloud-function-dependencies/4.3.1/spring-cloud-function-dependencies-4.3.1.pom
2026-01-21 11:47:32,654 [Worker-69: Building] INFO  o.e.m.c.i.e.AbstractTransferListenerAdapter - Downloading https://repo.maven.apache.org/maven2/org/springframework/cloud/spring-cloud-gateway-dependencies/4.3.3/spring-cloud-gateway-dependencies-4.3.3.pom
2026-01-21 11:47:32,679 [Worker-69: Building] INFO  o.e.m.c.i.e.AbstractTransferListenerAdapter - Downloaded https://repo.maven.apache.org/maven2/org/springframework/cloud/spring-cloud-gateway-dependencies/4.3.3/spring-cloud-gateway-dependencies-4.3.3.pom
2026-01-21 11:47:32,727 [Worker-69: Building] INFO  o.e.m.c.i.e.AbstractTransferListenerAdapter - Downloading https://repo.maven.apache.org/maven2/org/springframework/cloud/spring-cloud-consul-dependencies/4.3.1/spring-cloud-consul-dependencies-4.3.1.pom
2026-01-21 11:47:32,753 [Worker-69: Building] INFO  o.e.m.c.i.e.AbstractTransferListenerAdapter - Downloaded https://repo.maven.apache.org/maven2/org/springframework/cloud/spring-cloud-consul-dependencies/4.3.1/spring-cloud-consul-dependencies-4.3.1.pom
2026-01-21 11:47:32,799 [Worker-69: Building] INFO  o.e.m.c.i.e.AbstractTransferListenerAdapter - Downloading https://repo.maven.apache.org/maven2/org/springframework/cloud/spring-cloud-vault-dependencies/4.3.1/spring-cloud-vault-dependencies-4.3.1.pom
2026-01-21 11:47:32,829 [Worker-69: Building] INFO  o.e.m.c.i.e.AbstractTransferListenerAdapter - Downloaded https://repo.maven.apache.org/maven2/org/springframework/cloud/spring-cloud-vault-dependencies/4.3.1/spring-cloud-vault-dependencies-4.3.1.pom
2026-01-21 11:47:32,879 [Worker-69: Building] INFO  o.e.m.c.i.e.AbstractTransferListenerAdapter - Downloading https://repo.maven.apache.org/maven2/org/springframework/cloud/spring-cloud-zookeeper-dependencies/4.3.1/spring-cloud-zookeeper-dependencies-4.3.1.pom
2026-01-21 11:47:32,908 [Worker-69: Building] INFO  o.e.m.c.i.e.AbstractTransferListenerAdapter - Downloaded https://repo.maven.apache.org/maven2/org/springframework/cloud/spring-cloud-zookeeper-dependencies/4.3.1/spring-cloud-zookeeper-dependencies-4.3.1.pom
2026-01-21 11:47:32,968 [Worker-69: Building] INFO  o.e.m.c.i.e.AbstractTransferListenerAdapter - Downloading https://repo.maven.apache.org/maven2/org/springframework/cloud/spring-cloud-bus-dependencies/4.3.1/spring-cloud-bus-dependencies-4.3.1.pom
2026-01-21 11:47:32,995 [Worker-69: Building] INFO  o.e.m.c.i.e.AbstractTransferListenerAdapter - Downloaded https://repo.maven.apache.org/maven2/org/springframework/cloud/spring-cloud-bus-dependencies/4.3.1/spring-cloud-bus-dependencies-4.3.1.pom
2026-01-21 11:47:33,043 [Worker-69: Building] INFO  o.e.m.c.i.e.AbstractTransferListenerAdapter - Downloading https://repo.maven.apache.org/maven2/org/springframework/cloud/spring-cloud-contract-dependencies/4.3.1/spring-cloud-contract-dependencies-4.3.1.pom
2026-01-21 11:47:33,071 [Worker-69: Building] INFO  o.e.m.c.i.e.AbstractTransferListenerAdapter - Downloaded https://repo.maven.apache.org/maven2/org/springframework/cloud/spring-cloud-contract-dependencies/4.3.1/spring-cloud-contract-dependencies-4.3.1.pom
2026-01-21 11:47:33,126 [Worker-69: Building] INFO  o.e.m.c.i.e.AbstractTransferListenerAdapter - Downloading https://repo.maven.apache.org/maven2/org/springframework/cloud/spring-cloud-openfeign-dependencies/4.3.1/spring-cloud-openfeign-dependencies-4.3.1.pom
2026-01-21 11:47:33,153 [Worker-69: Building] INFO  o.e.m.c.i.e.AbstractTransferListenerAdapter - Downloaded https://repo.maven.apache.org/maven2/org/springframework/cloud/spring-cloud-openfeign-dependencies/4.3.1/spring-cloud-openfeign-dependencies-4.3.1.pom
2026-01-21 11:47:33,200 [Worker-69: Building] INFO  o.e.m.c.i.e.AbstractTransferListenerAdapter - Downloading https://repo.maven.apache.org/maven2/org/springframework/cloud/spring-cloud-kubernetes-dependencies/3.3.1/spring-cloud-kubernetes-dependencies-3.3.1.pom
2026-01-21 11:47:33,228 [Worker-69: Building] INFO  o.e.m.c.i.e.AbstractTransferListenerAdapter - Downloaded https://repo.maven.apache.org/maven2/org/springframework/cloud/spring-cloud-kubernetes-dependencies/3.3.1/spring-cloud-kubernetes-dependencies-3.3.1.pom
2026-01-21 11:47:33,282 [Worker-69: Building] INFO  o.e.m.c.i.e.AbstractTransferListenerAdapter - Downloading https://repo.maven.apache.org/maven2/io/fabric8/kubernetes-client-bom/7.3.1/kubernetes-client-bom-7.3.1.pom
2026-01-21 11:47:33,306 [Worker-69: Building] INFO  o.e.m.c.i.e.AbstractTransferListenerAdapter - Downloaded https://repo.maven.apache.org/maven2/io/fabric8/kubernetes-client-bom/7.3.1/kubernetes-client-bom-7.3.1.pom
2026-01-21 11:47:33,744 [Worker-69: Building] INFO  o.e.m.c.i.l.LifecycleMappingFactory - Using org.eclipse.m2e.jdt.JarLifecycleMapping lifecycle mapping for MavenProject: com.example:Product_Api:0.0.1-SNAPSHOT @ E:\Full-stack\E_commerce\01-Product-Api\pom.xml.
2026-01-21 11:47:33,952 [Worker-69: Building] INFO  o.e.m.c.i.e.AbstractTransferListenerAdapter - Downloading https://repo.maven.apache.org/maven2/org/springframework/cloud/spring-cloud-starter-netflix-eureka-server/4.3.1/spring-cloud-starter-netflix-eureka-server-4.3.1.pom
2026-01-21 11:47:33,979 [Worker-69: Building] INFO  o.e.m.c.i.e.AbstractTransferListenerAdapter - Downloaded https://repo.maven.apache.org/maven2/org/springframework/cloud/spring-cloud-starter-netflix-eureka-server/4.3.1/spring-cloud-starter-netflix-eureka-server-4.3.1.pom
2026-01-21 11:47:34,025 [Worker-69: Building] INFO  o.e.m.c.i.e.AbstractTransferListenerAdapter - Downloading https://repo.maven.apache.org/maven2/org/springframework/cloud/spring-cloud-netflix/4.3.1/spring-cloud-netflix-4.3.1.pom
2026-01-21 11:47:34,051 [Worker-69: Building] INFO  o.e.m.c.i.e.AbstractTransferListenerAdapter - Downloaded https://repo.maven.apache.org/maven2/org/springframework/cloud/spring-cloud-netflix/4.3.1/spring-cloud-netflix-4.3.1.pom
2026-01-21 11:47:34,096 [Worker-69: Building] INFO  o.e.m.c.i.e.AbstractTransferListenerAdapter - Downloading https://repo.maven.apache.org/maven2/org/springframework/cloud/spring-cloud-build/4.3.2/spring-cloud-build-4.3.2.pom
2026-01-21 11:47:34,127 [Worker-69: Building] INFO  o.e.m.c.i.e.AbstractTransferListenerAdapter - Downloaded https://repo.maven.apache.org/maven2/org/springframework/cloud/spring-cloud-build/4.3.2/spring-cloud-build-4.3.2.pom
2026-01-21 11:47:34,185 [Worker-69: Building] INFO  o.e.m.c.i.e.AbstractTransferListenerAdapter - Downloading https://repo.maven.apache.org/maven2/org/springframework/cloud/spring-cloud-build-dependencies/4.3.2/spring-cloud-build-dependencies-4.3.2.pom
2026-01-21 11:47:34,218 [Worker-69: Building] INFO  o.e.m.c.i.e.AbstractTransferListenerAdapter - Downloaded https://repo.maven.apache.org/maven2/org/springframework/cloud/spring-cloud-build-dependencies/4.3.2/spring-cloud-build-dependencies-4.3.2.pom
2026-01-21 11:47:34,267 [Worker-69: Building] INFO  o.e.m.c.i.e.AbstractTransferListenerAdapter - Downloading https://repo.maven.apache.org/maven2/org/springframework/boot/spring-boot-dependencies/3.5.8/spring-boot-dependencies-3.5.8.pom
2026-01-21 11:47:34,307 [Worker-69: Building] INFO  o.e.m.c.i.e.AbstractTransferListenerAdapter - Downloaded https://repo.maven.apache.org/maven2/org/springframework/boot/spring-boot-dependencies/3.5.8/spring-boot-dependencies-3.5.8.pom
2026-01-21 11:47:34,381 [Worker-69: Building] INFO  o.e.m.c.i.e.AbstractTransferListenerAdapter - Downloading https://repo.maven.apache.org/maven2/com/fasterxml/jackson/jackson-bom/2.19.4/jackson-bom-2.19.4.pom
2026-01-21 11:47:34,407 [Worker-69: Building] INFO  o.e.m.c.i.e.AbstractTransferListenerAdapter - Downloaded https://repo.maven.apache.org/maven2/com/fasterxml/jackson/jackson-bom/2.19.4/jackson-bom-2.19.4.pom
2026-01-21 11:47:34,464 [Worker-69: Building] INFO  o.e.m.c.i.e.AbstractTransferListenerAdapter - Downloading https://repo.maven.apache.org/maven2/org/eclipse/jetty/ee10/jetty-ee10-bom/12.0.30/jetty-ee10-bom-12.0.30.pom
2026-01-21 11:47:34,493 [Worker-69: Building] INFO  o.e.m.c.i.e.AbstractTransferListenerAdapter - Downloaded https://repo.maven.apache.org/maven2/org/eclipse/jetty/ee10/jetty-ee10-bom/12.0.30/jetty-ee10-bom-12.0.30.pom
2026-01-21 11:47:34,545 [Worker-69: Building] INFO  o.e.m.c.i.e.AbstractTransferListenerAdapter - Downloading https://repo.maven.apache.org/maven2/org/eclipse/jetty/jetty-bom/12.0.30/jetty-bom-12.0.30.pom
2026-01-21 11:47:34,575 [Worker-69: Building] INFO  o.e.m.c.i.e.AbstractTransferListenerAdapter - Downloaded https://repo.maven.apache.org/maven2/org/eclipse/jetty/jetty-bom/12.0.30/jetty-bom-12.0.30.pom
2026-01-21 11:47:34,634 [Worker-69: Building] INFO  o.e.m.c.i.e.AbstractTransferListenerAdapter - Downloading https://repo.maven.apache.org/maven2/io/micrometer/micrometer-bom/1.15.6/micrometer-bom-1.15.6.pom
2026-01-21 11:47:34,659 [Worker-69: Building] INFO  o.e.m.c.i.e.AbstractTransferListenerAdapter - Downloaded https://repo.maven.apache.org/maven2/io/micrometer/micrometer-bom/1.15.6/micrometer-bom-1.15.6.pom
2026-01-21 11:47:34,708 [Worker-69: Building] INFO  o.e.m.c.i.e.AbstractTransferListenerAdapter - Downloading https://repo.maven.apache.org/maven2/io/micrometer/micrometer-tracing-bom/1.5.6/micrometer-tracing-bom-1.5.6.pom
2026-01-21 11:47:34,732 [Worker-69: Building] INFO  o.e.m.c.i.e.AbstractTransferListenerAdapter - Downloaded https://repo.maven.apache.org/maven2/io/micrometer/micrometer-tracing-bom/1.5.6/micrometer-tracing-bom-1.5.6.pom
2026-01-21 11:47:34,786 [Worker-69: Building] INFO  o.e.m.c.i.e.AbstractTransferListenerAdapter - Downloading https://repo.maven.apache.org/maven2/io/projectreactor/reactor-bom/2024.0.12/reactor-bom-2024.0.12.pom
2026-01-21 11:47:34,810 [Worker-69: Building] INFO  o.e.m.c.i.e.AbstractTransferListenerAdapter - Downloaded https://repo.maven.apache.org/maven2/io/projectreactor/reactor-bom/2024.0.12/reactor-bom-2024.0.12.pom
2026-01-21 11:47:34,862 [Worker-69: Building] INFO  o.e.m.c.i.e.AbstractTransferListenerAdapter - Downloading https://repo.maven.apache.org/maven2/org/springframework/data/spring-data-bom/2025.0.6/spring-data-bom-2025.0.6.pom
2026-01-21 11:47:34,887 [Worker-69: Building] INFO  o.e.m.c.i.e.AbstractTransferListenerAdapter - Downloaded https://repo.maven.apache.org/maven2/org/springframework/data/spring-data-bom/2025.0.6/spring-data-bom-2025.0.6.pom
2026-01-21 11:47:34,934 [Worker-69: Building] INFO  o.e.m.c.i.e.AbstractTransferListenerAdapter - Downloading https://repo.maven.apache.org/maven2/org/springframework/spring-framework-bom/6.2.14/spring-framework-bom-6.2.14.pom
2026-01-21 11:47:34,961 [Worker-69: Building] INFO  o.e.m.c.i.e.AbstractTransferListenerAdapter - Downloaded https://repo.maven.apache.org/maven2/org/springframework/spring-framework-bom/6.2.14/spring-framework-bom-6.2.14.pom
2026-01-21 11:47:35,007 [Worker-69: Building] INFO  o.e.m.c.i.e.AbstractTransferListenerAdapter - Downloading https://repo.maven.apache.org/maven2/org/springframework/integration/spring-integration-bom/6.5.4/spring-integration-bom-6.5.4.pom
2026-01-21 11:47:35,031 [Worker-69: Building] INFO  o.e.m.c.i.e.AbstractTransferListenerAdapter - Downloaded https://repo.maven.apache.org/maven2/org/springframework/integration/spring-integration-bom/6.5.4/spring-integration-bom-6.5.4.pom
2026-01-21 11:47:35,084 [Worker-69: Building] INFO  o.e.m.c.i.e.AbstractTransferListenerAdapter - Downloading https://repo.maven.apache.org/maven2/org/springframework/pulsar/spring-pulsar-bom/1.2.12/spring-pulsar-bom-1.2.12.pom
2026-01-21 11:47:35,110 [Worker-69: Building] INFO  o.e.m.c.i.e.AbstractTransferListenerAdapter - Downloaded https://repo.maven.apache.org/maven2/org/springframework/pulsar/spring-pulsar-bom/1.2.12/spring-pulsar-bom-1.2.12.pom
2026-01-21 11:47:35,156 [Worker-69: Building] INFO  o.e.m.c.i.e.AbstractTransferListenerAdapter - Downloading https://repo.maven.apache.org/maven2/org/springframework/security/spring-security-bom/6.5.7/spring-security-bom-6.5.7.pom
2026-01-21 11:47:35,179 [Worker-69: Building] INFO  o.e.m.c.i.e.AbstractTransferListenerAdapter - Downloaded https://repo.maven.apache.org/maven2/org/springframework/security/spring-security-bom/6.5.7/spring-security-bom-6.5.7.pom
2026-01-21 11:47:35,232 [Worker-69: Building] INFO  o.e.m.c.i.e.AbstractTransferListenerAdapter - Downloading https://repo.maven.apache.org/maven2/org/springframework/cloud/spring-cloud-starter/4.3.1/spring-cloud-starter-4.3.1.pom
2026-01-21 11:47:35,257 [Worker-69: Building] INFO  o.e.m.c.i.e.AbstractTransferListenerAdapter - Downloaded https://repo.maven.apache.org/maven2/org/springframework/cloud/spring-cloud-starter/4.3.1/spring-cloud-starter-4.3.1.pom
2026-01-21 11:47:35,302 [Worker-69: Building] INFO  o.e.m.c.i.e.AbstractTransferListenerAdapter - Downloading https://repo.maven.apache.org/maven2/org/springframework/cloud/spring-cloud-commons-parent/4.3.1/spring-cloud-commons-parent-4.3.1.pom
2026-01-21 11:47:35,330 [Worker-69: Building] INFO  o.e.m.c.i.e.AbstractTransferListenerAdapter - Downloaded https://repo.maven.apache.org/maven2/org/springframework/cloud/spring-cloud-commons-parent/4.3.1/spring-cloud-commons-parent-4.3.1.pom
2026-01-21 11:47:35,374 [Worker-69: Building] INFO  o.e.m.c.i.e.AbstractTransferListenerAdapter - Downloading https://repo.maven.apache.org/maven2/org/springframework/cloud/spring-cloud-context/4.3.1/spring-cloud-context-4.3.1.pom
2026-01-21 11:47:35,399 [Worker-69: Building] INFO  o.e.m.c.i.e.AbstractTransferListenerAdapter - Downloaded https://repo.maven.apache.org/maven2/org/springframework/cloud/spring-cloud-context/4.3.1/spring-cloud-context-4.3.1.pom
2026-01-21 11:47:35,442 [Worker-69: Building] INFO  o.e.m.c.i.e.AbstractTransferListenerAdapter - Downloading https://repo.maven.apache.org/maven2/org/springframework/security/spring-security-crypto/6.5.5/spring-security-crypto-6.5.5.pom
2026-01-21 11:47:35,468 [Worker-69: Building] INFO  o.e.m.c.i.e.AbstractTransferListenerAdapter - Downloaded https://repo.maven.apache.org/maven2/org/springframework/security/spring-security-crypto/6.5.5/spring-security-crypto-6.5.5.pom
2026-01-21 11:47:35,512 [Worker-69: Building] INFO  o.e.m.c.i.e.AbstractTransferListenerAdapter - Downloading https://repo.maven.apache.org/maven2/org/springframework/cloud/spring-cloud-commons/4.3.1/spring-cloud-commons-4.3.1.pom
2026-01-21 11:47:35,539 [Worker-69: Building] INFO  o.e.m.c.i.e.AbstractTransferListenerAdapter - Downloaded https://repo.maven.apache.org/maven2/org/springframework/cloud/spring-cloud-commons/4.3.1/spring-cloud-commons-4.3.1.pom
2026-01-21 11:47:35,581 [Worker-69: Building] INFO  o.e.m.c.i.e.AbstractTransferListenerAdapter - Downloading https://repo.maven.apache.org/maven2/org/bouncycastle/bcprov-jdk18on/1.80/bcprov-jdk18on-1.80.pom
2026-01-21 11:47:35,603 [Worker-69: Building] INFO  o.e.m.c.i.e.AbstractTransferListenerAdapter - Downloaded https://repo.maven.apache.org/maven2/org/bouncycastle/bcprov-jdk18on/1.80/bcprov-jdk18on-1.80.pom
2026-01-21 11:47:35,648 [Worker-69: Building] INFO  o.e.m.c.i.e.AbstractTransferListenerAdapter - Downloading https://repo.maven.apache.org/maven2/org/springframework/cloud/spring-cloud-netflix-eureka-server/4.3.1/spring-cloud-netflix-eureka-server-4.3.1.pom
2026-01-21 11:47:35,676 [Worker-69: Building] INFO  o.e.m.c.i.e.AbstractTransferListenerAdapter - Downloaded https://repo.maven.apache.org/maven2/org/springframework/cloud/spring-cloud-netflix-eureka-server/4.3.1/spring-cloud-netflix-eureka-server-4.3.1.pom
2026-01-21 11:47:35,719 [Worker-69: Building] INFO  o.e.m.c.i.e.AbstractTransferListenerAdapter - Downloading https://repo.maven.apache.org/maven2/org/springframework/boot/spring-boot-starter-actuator/3.5.6/spring-boot-starter-actuator-3.5.6.pom
2026-01-21 11:47:35,745 [Worker-69: Building] INFO  o.e.m.c.i.e.AbstractTransferListenerAdapter - Downloaded https://repo.maven.apache.org/maven2/org/springframework/boot/spring-boot-starter-actuator/3.5.6/spring-boot-starter-actuator-3.5.6.pom
2026-01-21 11:47:35,788 [Worker-69: Building] INFO  o.e.m.c.i.e.AbstractTransferListenerAdapter - Downloading https://repo.maven.apache.org/maven2/org/springframework/boot/spring-boot-actuator-autoconfigure/3.5.6/spring-boot-actuator-autoconfigure-3.5.6.pom
2026-01-21 11:47:35,815 [Worker-69: Building] INFO  o.e.m.c.i.e.AbstractTransferListenerAdapter - Downloaded https://repo.maven.apache.org/maven2/org/springframework/boot/spring-boot-actuator-autoconfigure/3.5.6/spring-boot-actuator-autoconfigure-3.5.6.pom
2026-01-21 11:47:35,862 [Worker-69: Building] INFO  o.e.m.c.i.e.AbstractTransferListenerAdapter - Downloading https://repo.maven.apache.org/maven2/org/springframework/boot/spring-boot-actuator/3.5.6/spring-boot-actuator-3.5.6.pom
2026-01-21 11:47:35,886 [Worker-69: Building] INFO  o.e.m.c.i.e.AbstractTransferListenerAdapter - Downloaded https://repo.maven.apache.org/maven2/org/springframework/boot/spring-boot-actuator/3.5.6/spring-boot-actuator-3.5.6.pom
2026-01-21 11:47:35,936 [Worker-69: Building] INFO  o.e.m.c.i.e.AbstractTransferListenerAdapter - Downloading https://repo.maven.apache.org/maven2/io/micrometer/micrometer-jakarta9/1.15.4/micrometer-jakarta9-1.15.4.pom
2026-01-21 11:47:35,960 [Worker-69: Building] INFO  o.e.m.c.i.e.AbstractTransferListenerAdapter - Downloaded https://repo.maven.apache.org/maven2/io/micrometer/micrometer-jakarta9/1.15.4/micrometer-jakarta9-1.15.4.pom
2026-01-21 11:47:36,006 [Worker-69: Building] INFO  o.e.m.c.i.e.AbstractTransferListenerAdapter - Downloading https://repo.maven.apache.org/maven2/io/micrometer/micrometer-core/1.15.4/micrometer-core-1.15.4.pom
2026-01-21 11:47:36,032 [Worker-69: Building] INFO  o.e.m.c.i.e.AbstractTransferListenerAdapter - Downloaded https://repo.maven.apache.org/maven2/io/micrometer/micrometer-core/1.15.4/micrometer-core-1.15.4.pom
2026-01-21 11:47:36,088 [Worker-69: Building] INFO  o.e.m.c.i.e.AbstractTransferListenerAdapter - Downloading https://repo.maven.apache.org/maven2/org/springframework/boot/spring-boot-starter-freemarker/3.5.6/spring-boot-starter-freemarker-3.5.6.pom
2026-01-21 11:47:36,115 [Worker-69: Building] INFO  o.e.m.c.i.e.AbstractTransferListenerAdapter - Downloaded https://repo.maven.apache.org/maven2/org/springframework/boot/spring-boot-starter-freemarker/3.5.6/spring-boot-starter-freemarker-3.5.6.pom
2026-01-21 11:47:36,156 [Worker-69: Building] INFO  o.e.m.c.i.e.AbstractTransferListenerAdapter - Downloading https://repo.maven.apache.org/maven2/org/springframework/spring-context-support/6.2.11/spring-context-support-6.2.11.pom
2026-01-21 11:47:36,184 [Worker-69: Building] INFO  o.e.m.c.i.e.AbstractTransferListenerAdapter - Downloaded https://repo.maven.apache.org/maven2/org/springframework/spring-context-support/6.2.11/spring-context-support-6.2.11.pom
2026-01-21 11:47:36,229 [Worker-69: Building] INFO  o.e.m.c.i.e.AbstractTransferListenerAdapter - Downloading https://repo.maven.apache.org/maven2/org/springframework/cloud/spring-cloud-netflix-eureka-client/4.3.1/spring-cloud-netflix-eureka-client-4.3.1.pom
2026-01-21 11:47:36,255 [Worker-69: Building] INFO  o.e.m.c.i.e.AbstractTransferListenerAdapter - Downloaded https://repo.maven.apache.org/maven2/org/springframework/cloud/spring-cloud-netflix-eureka-client/4.3.1/spring-cloud-netflix-eureka-client-4.3.1.pom
2026-01-21 11:47:36,316 [Worker-69: Building] INFO  o.e.m.c.i.e.AbstractTransferListenerAdapter - Downloading https://repo.maven.apache.org/maven2/commons-codec/commons-codec/1.18.0/commons-codec-1.18.0.pom
2026-01-21 11:47:36,345 [Worker-69: Building] INFO  o.e.m.c.i.e.AbstractTransferListenerAdapter - Downloaded https://repo.maven.apache.org/maven2/commons-codec/commons-codec/1.18.0/commons-codec-1.18.0.pom
2026-01-21 11:47:36,451 [Worker-69: Building] INFO  o.e.m.c.i.e.AbstractTransferListenerAdapter - Downloading https://repo.maven.apache.org/maven2/org/apache/httpcomponents/client5/httpclient5/5.5/httpclient5-5.5.pom
2026-01-21 11:47:36,477 [Worker-69: Building] INFO  o.e.m.c.i.e.AbstractTransferListenerAdapter - Downloaded https://repo.maven.apache.org/maven2/org/apache/httpcomponents/client5/httpclient5/5.5/httpclient5-5.5.pom
2026-01-21 11:47:36,526 [Worker-69: Building] INFO  o.e.m.c.i.e.AbstractTransferListenerAdapter - Downloading https://repo.maven.apache.org/maven2/org/apache/httpcomponents/client5/httpclient5-parent/5.5/httpclient5-parent-5.5.pom
2026-01-21 11:47:36,559 [Worker-69: Building] INFO  o.e.m.c.i.e.AbstractTransferListenerAdapter - Downloaded https://repo.maven.apache.org/maven2/org/apache/httpcomponents/client5/httpclient5-parent/5.5/httpclient5-parent-5.5.pom
2026-01-21 11:47:36,618 [Worker-69: Building] INFO  o.e.m.c.i.e.AbstractTransferListenerAdapter - Downloading https://repo.maven.apache.org/maven2/org/apache/httpcomponents/core5/httpcore5/5.3.5/httpcore5-5.3.5.pom
2026-01-21 11:47:36,648 [Worker-69: Building] INFO  o.e.m.c.i.e.AbstractTransferListenerAdapter - Downloaded https://repo.maven.apache.org/maven2/org/apache/httpcomponents/core5/httpcore5/5.3.5/httpcore5-5.3.5.pom
2026-01-21 11:47:36,694 [Worker-69: Building] INFO  o.e.m.c.i.e.AbstractTransferListenerAdapter - Downloading https://repo.maven.apache.org/maven2/org/apache/httpcomponents/core5/httpcore5-parent/5.3.5/httpcore5-parent-5.3.5.pom
2026-01-21 11:47:36,731 [Worker-69: Building] INFO  o.e.m.c.i.e.AbstractTransferListenerAdapter - Downloaded https://repo.maven.apache.org/maven2/org/apache/httpcomponents/core5/httpcore5-parent/5.3.5/httpcore5-parent-5.3.5.pom
2026-01-21 11:47:36,793 [Worker-69: Building] INFO  o.e.m.c.i.e.AbstractTransferListenerAdapter - Downloading https://repo.maven.apache.org/maven2/org/apache/httpcomponents/core5/httpcore5-h2/5.3.5/httpcore5-h2-5.3.5.pom
2026-01-21 11:47:36,822 [Worker-69: Building] INFO  o.e.m.c.i.e.AbstractTransferListenerAdapter - Downloaded https://repo.maven.apache.org/maven2/org/apache/httpcomponents/core5/httpcore5-h2/5.3.5/httpcore5-h2-5.3.5.pom
2026-01-21 11:47:36,873 [Worker-69: Building] INFO  o.e.m.c.i.e.AbstractTransferListenerAdapter - Downloading https://repo.maven.apache.org/maven2/org/glassfish/jersey/core/jersey-client/3.1.11/jersey-client-3.1.11.pom
2026-01-21 11:47:36,899 [Worker-69: Building] INFO  o.e.m.c.i.e.AbstractTransferListenerAdapter - Downloaded https://repo.maven.apache.org/maven2/org/glassfish/jersey/core/jersey-client/3.1.11/jersey-client-3.1.11.pom
2026-01-21 11:47:36,950 [Worker-69: Building] INFO  o.e.m.c.i.e.AbstractTransferListenerAdapter - Downloading https://repo.maven.apache.org/maven2/org/glassfish/jersey/project/3.1.11/project-3.1.11.pom
2026-01-21 11:47:36,981 [Worker-69: Building] INFO  o.e.m.c.i.e.AbstractTransferListenerAdapter - Downloaded https://repo.maven.apache.org/maven2/org/glassfish/jersey/project/3.1.11/project-3.1.11.pom
2026-01-21 11:47:37,037 [Worker-69: Building] INFO  o.e.m.c.i.e.AbstractTransferListenerAdapter - Downloading https://repo.maven.apache.org/maven2/org/glassfish/jersey/core/jersey-common/3.1.11/jersey-common-3.1.11.pom
2026-01-21 11:47:37,064 [Worker-69: Building] INFO  o.e.m.c.i.e.AbstractTransferListenerAdapter - Downloaded https://repo.maven.apache.org/maven2/org/glassfish/jersey/core/jersey-common/3.1.11/jersey-common-3.1.11.pom
2026-01-21 11:47:37,161 [Worker-69: Building] INFO  o.e.m.c.i.e.AbstractTransferListenerAdapter - Downloading https://repo.maven.apache.org/maven2/org/glassfish/jersey/inject/jersey-hk2/3.1.11/jersey-hk2-3.1.11.pom
2026-01-21 11:47:37,185 [Worker-69: Building] INFO  o.e.m.c.i.e.AbstractTransferListenerAdapter - Downloaded https://repo.maven.apache.org/maven2/org/glassfish/jersey/inject/jersey-hk2/3.1.11/jersey-hk2-3.1.11.pom
2026-01-21 11:47:37,231 [Worker-69: Building] INFO  o.e.m.c.i.e.AbstractTransferListenerAdapter - Downloading https://repo.maven.apache.org/maven2/org/glassfish/jersey/inject/project/3.1.11/project-3.1.11.pom
2026-01-21 11:47:37,257 [Worker-69: Building] INFO  o.e.m.c.i.e.AbstractTransferListenerAdapter - Downloaded https://repo.maven.apache.org/maven2/org/glassfish/jersey/inject/project/3.1.11/project-3.1.11.pom
2026-01-21 11:47:37,720 [Worker-69: Building] INFO  o.e.m.c.i.e.AbstractTransferListenerAdapter - Downloading https://repo.maven.apache.org/maven2/org/glassfish/jersey/connectors/jersey-apache-connector/3.1.11/jersey-apache-connector-3.1.11.pom
2026-01-21 11:47:37,747 [Worker-69: Building] INFO  o.e.m.c.i.e.AbstractTransferListenerAdapter - Downloaded https://repo.maven.apache.org/maven2/org/glassfish/jersey/connectors/jersey-apache-connector/3.1.11/jersey-apache-connector-3.1.11.pom
2026-01-21 11:47:37,791 [Worker-69: Building] INFO  o.e.m.c.i.e.AbstractTransferListenerAdapter - Downloading https://repo.maven.apache.org/maven2/org/glassfish/jersey/connectors/project/3.1.11/project-3.1.11.pom
2026-01-21 11:47:37,817 [Worker-69: Building] INFO  o.e.m.c.i.e.AbstractTransferListenerAdapter - Downloaded https://repo.maven.apache.org/maven2/org/glassfish/jersey/connectors/project/3.1.11/project-3.1.11.pom
2026-01-21 11:47:37,947 [Worker-69: Building] INFO  o.e.m.c.i.e.AbstractTransferListenerAdapter - Downloading https://repo.maven.apache.org/maven2/org/glassfish/jersey/containers/jersey-container-servlet/3.1.11/jersey-container-servlet-3.1.11.pom
2026-01-21 11:47:37,976 [Worker-69: Building] INFO  o.e.m.c.i.e.AbstractTransferListenerAdapter - Downloaded https://repo.maven.apache.org/maven2/org/glassfish/jersey/containers/jersey-container-servlet/3.1.11/jersey-container-servlet-3.1.11.pom
2026-01-21 11:47:38,034 [Worker-69: Building] INFO  o.e.m.c.i.e.AbstractTransferListenerAdapter - Downloading https://repo.maven.apache.org/maven2/org/glassfish/jersey/containers/project/3.1.11/project-3.1.11.pom
2026-01-21 11:47:38,063 [Worker-69: Building] INFO  o.e.m.c.i.e.AbstractTransferListenerAdapter - Downloaded https://repo.maven.apache.org/maven2/org/glassfish/jersey/containers/project/3.1.11/project-3.1.11.pom
2026-01-21 11:47:38,111 [Worker-69: Building] INFO  o.e.m.c.i.e.AbstractTransferListenerAdapter - Downloading https://repo.maven.apache.org/maven2/org/glassfish/jersey/containers/jersey-container-servlet-core/3.1.11/jersey-container-servlet-core-3.1.11.pom
2026-01-21 11:47:38,136 [Worker-69: Building] INFO  o.e.m.c.i.e.AbstractTransferListenerAdapter - Downloaded https://repo.maven.apache.org/maven2/org/glassfish/jersey/containers/jersey-container-servlet-core/3.1.11/jersey-container-servlet-core-3.1.11.pom
2026-01-21 11:47:38,181 [Worker-69: Building] INFO  o.e.m.c.i.e.AbstractTransferListenerAdapter - Downloading https://repo.maven.apache.org/maven2/org/glassfish/jersey/core/jersey-server/3.1.11/jersey-server-3.1.11.pom
2026-01-21 11:47:38,207 [Worker-69: Building] INFO  o.e.m.c.i.e.AbstractTransferListenerAdapter - Downloaded https://repo.maven.apache.org/maven2/org/glassfish/jersey/core/jersey-server/3.1.11/jersey-server-3.1.11.pom
2026-01-21 11:47:38,264 [Worker-69: Building] INFO  o.e.m.c.i.e.AbstractTransferListenerAdapter - Downloading https://repo.maven.apache.org/maven2/com/fasterxml/jackson/dataformat/jackson-dataformat-xml/2.19.2/jackson-dataformat-xml-2.19.2.pom
2026-01-21 11:47:38,292 [Worker-69: Building] INFO  o.e.m.c.i.e.AbstractTransferListenerAdapter - Downloaded https://repo.maven.apache.org/maven2/com/fasterxml/jackson/dataformat/jackson-dataformat-xml/2.19.2/jackson-dataformat-xml-2.19.2.pom
2026-01-21 11:47:38,354 [Worker-69: Building] INFO  o.e.m.c.i.e.AbstractTransferListenerAdapter - Downloading https://repo.maven.apache.org/maven2/org/springframework/cloud/spring-cloud-starter-loadbalancer/4.3.1/spring-cloud-starter-loadbalancer-4.3.1.pom
2026-01-21 11:47:38,380 [Worker-69: Building] INFO  o.e.m.c.i.e.AbstractTransferListenerAdapter - Downloaded https://repo.maven.apache.org/maven2/org/springframework/cloud/spring-cloud-starter-loadbalancer/4.3.1/spring-cloud-starter-loadbalancer-4.3.1.pom
2026-01-21 11:47:38,426 [Worker-69: Building] INFO  o.e.m.c.i.e.AbstractTransferListenerAdapter - Downloading https://repo.maven.apache.org/maven2/org/springframework/cloud/spring-cloud-loadbalancer/4.3.1/spring-cloud-loadbalancer-4.3.1.pom
2026-01-21 11:47:38,453 [Worker-69: Building] INFO  o.e.m.c.i.e.AbstractTransferListenerAdapter - Downloaded https://repo.maven.apache.org/maven2/org/springframework/cloud/spring-cloud-loadbalancer/4.3.1/spring-cloud-loadbalancer-4.3.1.pom
2026-01-21 11:47:38,496 [Worker-69: Building] INFO  o.e.m.c.i.e.AbstractTransferListenerAdapter - Downloading https://repo.maven.apache.org/maven2/io/projectreactor/reactor-core/3.7.11/reactor-core-3.7.11.pom
2026-01-21 11:47:38,522 [Worker-69: Building] INFO  o.e.m.c.i.e.AbstractTransferListenerAdapter - Downloaded https://repo.maven.apache.org/maven2/io/projectreactor/reactor-core/3.7.11/reactor-core-3.7.11.pom
2026-01-21 11:47:38,568 [Worker-69: Building] INFO  o.e.m.c.i.e.AbstractTransferListenerAdapter - Downloading https://repo.maven.apache.org/maven2/io/projectreactor/addons/reactor-extra/3.5.3/reactor-extra-3.5.3.pom
2026-01-21 11:47:38,592 [Worker-69: Building] INFO  o.e.m.c.i.e.AbstractTransferListenerAdapter - Downloaded https://repo.maven.apache.org/maven2/io/projectreactor/addons/reactor-extra/3.5.3/reactor-extra-3.5.3.pom
2026-01-21 11:47:38,636 [Worker-69: Building] INFO  o.e.m.c.i.e.AbstractTransferListenerAdapter - Downloading https://repo.maven.apache.org/maven2/org/springframework/boot/spring-boot-starter-cache/3.5.6/spring-boot-starter-cache-3.5.6.pom
2026-01-21 11:47:38,663 [Worker-69: Building] INFO  o.e.m.c.i.e.AbstractTransferListenerAdapter - Downloaded https://repo.maven.apache.org/maven2/org/springframework/boot/spring-boot-starter-cache/3.5.6/spring-boot-starter-cache-3.5.6.pom
2026-01-21 11:47:38,870 [Worker-69: Building] INFO  o.e.m.c.i.e.AbstractTransferListenerAdapter - Downloading https://repo.maven.apache.org/maven2/org/springframework/cloud/spring-cloud-starter-netflix-eureka-server/4.3.1/spring-cloud-starter-netflix-eureka-server-4.3.1.jar
2026-01-21 11:47:38,926 [Worker-69: Building] INFO  o.e.m.c.i.e.AbstractTransferListenerAdapter - Downloaded https://repo.maven.apache.org/maven2/org/springframework/cloud/spring-cloud-starter-netflix-eureka-server/4.3.1/spring-cloud-starter-netflix-eureka-server-4.3.1.jar
2026-01-21 11:47:38,964 [BasicRepositoryConnector-repo.maven.apache.org-1-2] INFO  o.e.m.c.i.e.AbstractTransferListenerAdapter - Downloading https://repo.maven.apache.org/maven2/org/springframework/security/spring-security-crypto/6.5.5/spring-security-crypto-6.5.5.jar
2026-01-21 11:47:39,017 [BasicRepositoryConnector-repo.maven.apache.org-1-2] INFO  o.e.m.c.i.e.AbstractTransferListenerAdapter - Downloaded https://repo.maven.apache.org/maven2/org/springframework/security/spring-security-crypto/6.5.5/spring-security-crypto-6.5.5.jar
2026-01-21 11:47:39,026 [BasicRepositoryConnector-repo.maven.apache.org-1-4] INFO  o.e.m.c.i.e.AbstractTransferListenerAdapter - Downloading https://repo.maven.apache.org/maven2/org/bouncycastle/bcprov-jdk18on/1.80/bcprov-jdk18on-1.80.jar
2026-01-21 11:47:39,026 [BasicRepositoryConnector-repo.maven.apache.org-1-0] INFO  o.e.m.c.i.e.AbstractTransferListenerAdapter - Downloading https://repo.maven.apache.org/maven2/org/springframework/cloud/spring-cloud-starter/4.3.1/spring-cloud-starter-4.3.1.jar
2026-01-21 11:47:39,063 [BasicRepositoryConnector-repo.maven.apache.org-1-3] INFO  o.e.m.c.i.e.AbstractTransferListenerAdapter - Downloading https://repo.maven.apache.org/maven2/org/springframework/cloud/spring-cloud-commons/4.3.1/spring-cloud-commons-4.3.1.jar
2026-01-21 11:47:39,063 [BasicRepositoryConnector-repo.maven.apache.org-1-1] INFO  o.e.m.c.i.e.AbstractTransferListenerAdapter - Downloading https://repo.maven.apache.org/maven2/org/springframework/cloud/spring-cloud-context/4.3.1/spring-cloud-context-4.3.1.jar
2026-01-21 11:47:39,068 [BasicRepositoryConnector-repo.maven.apache.org-1-2] INFO  o.e.m.c.i.e.AbstractTransferListenerAdapter - Downloading https://repo.maven.apache.org/maven2/org/springframework/cloud/spring-cloud-netflix-eureka-server/4.3.1/spring-cloud-netflix-eureka-server-4.3.1.jar
2026-01-21 11:47:39,082 [BasicRepositoryConnector-repo.maven.apache.org-1-0] INFO  o.e.m.c.i.e.AbstractTransferListenerAdapter - Downloaded https://repo.maven.apache.org/maven2/org/springframework/cloud/spring-cloud-starter/4.3.1/spring-cloud-starter-4.3.1.jar
2026-01-21 11:47:39,129 [BasicRepositoryConnector-repo.maven.apache.org-1-0] INFO  o.e.m.c.i.e.AbstractTransferListenerAdapter - Downloading https://repo.maven.apache.org/maven2/org/springframework/boot/spring-boot-starter-actuator/3.5.6/spring-boot-starter-actuator-3.5.6.jar
2026-01-21 11:47:39,165 [BasicRepositoryConnector-repo.maven.apache.org-1-2] INFO  o.e.m.c.i.e.AbstractTransferListenerAdapter - Downloaded https://repo.maven.apache.org/maven2/org/springframework/cloud/spring-cloud-netflix-eureka-server/4.3.1/spring-cloud-netflix-eureka-server-4.3.1.jar
2026-01-21 11:47:39,173 [BasicRepositoryConnector-repo.maven.apache.org-1-1] INFO  o.e.m.c.i.e.AbstractTransferListenerAdapter - Downloaded https://repo.maven.apache.org/maven2/org/springframework/cloud/spring-cloud-context/4.3.1/spring-cloud-context-4.3.1.jar
2026-01-21 11:47:39,201 [BasicRepositoryConnector-repo.maven.apache.org-1-0] INFO  o.e.m.c.i.e.AbstractTransferListenerAdapter - Downloaded https://repo.maven.apache.org/maven2/org/springframework/boot/spring-boot-starter-actuator/3.5.6/spring-boot-starter-actuator-3.5.6.jar
2026-01-21 11:47:39,215 [BasicRepositoryConnector-repo.maven.apache.org-1-3] INFO  o.e.m.c.i.e.AbstractTransferListenerAdapter - Downloaded https://repo.maven.apache.org/maven2/org/springframework/cloud/spring-cloud-commons/4.3.1/spring-cloud-commons-4.3.1.jar
2026-01-21 11:47:39,215 [BasicRepositoryConnector-repo.maven.apache.org-1-2] INFO  o.e.m.c.i.e.AbstractTransferListenerAdapter - Downloading https://repo.maven.apache.org/maven2/org/springframework/boot/spring-boot-actuator-autoconfigure/3.5.6/spring-boot-actuator-autoconfigure-3.5.6.jar
2026-01-21 11:47:39,235 [BasicRepositoryConnector-repo.maven.apache.org-1-1] INFO  o.e.m.c.i.e.AbstractTransferListenerAdapter - Downloading https://repo.maven.apache.org/maven2/org/springframework/boot/spring-boot-actuator/3.5.6/spring-boot-actuator-3.5.6.jar
2026-01-21 11:47:39,306 [BasicRepositoryConnector-repo.maven.apache.org-1-0] INFO  o.e.m.c.i.e.AbstractTransferListenerAdapter - Downloading https://repo.maven.apache.org/maven2/io/micrometer/micrometer-jakarta9/1.15.4/micrometer-jakarta9-1.15.4.jar
2026-01-21 11:47:39,324 [BasicRepositoryConnector-repo.maven.apache.org-1-3] INFO  o.e.m.c.i.e.AbstractTransferListenerAdapter - Downloading https://repo.maven.apache.org/maven2/io/micrometer/micrometer-core/1.15.4/micrometer-core-1.15.4.jar
2026-01-21 11:47:39,568 [BasicRepositoryConnector-repo.maven.apache.org-1-3] INFO  o.e.m.c.i.e.AbstractTransferListenerAdapter - Downloaded https://repo.maven.apache.org/maven2/io/micrometer/micrometer-core/1.15.4/micrometer-core-1.15.4.jar
2026-01-21 11:47:39,611 [BasicRepositoryConnector-repo.maven.apache.org-1-3] INFO  o.e.m.c.i.e.AbstractTransferListenerAdapter - Downloading https://repo.maven.apache.org/maven2/org/springframework/boot/spring-boot-starter-freemarker/3.5.6/spring-boot-starter-freemarker-3.5.6.jar
2026-01-21 11:47:39,639 [BasicRepositoryConnector-repo.maven.apache.org-1-2] INFO  o.e.m.c.i.e.AbstractTransferListenerAdapter - Downloaded https://repo.maven.apache.org/maven2/org/springframework/boot/spring-boot-actuator-autoconfigure/3.5.6/spring-boot-actuator-autoconfigure-3.5.6.jar
2026-01-21 11:47:39,667 [BasicRepositoryConnector-repo.maven.apache.org-1-1] INFO  o.e.m.c.i.e.AbstractTransferListenerAdapter - Downloaded https://repo.maven.apache.org/maven2/org/springframework/boot/spring-boot-actuator/3.5.6/spring-boot-actuator-3.5.6.jar
2026-01-21 11:47:39,667 [BasicRepositoryConnector-repo.maven.apache.org-1-4] INFO  o.e.m.c.i.e.AbstractTransferListenerAdapter - Downloaded https://repo.maven.apache.org/maven2/org/bouncycastle/bcprov-jdk18on/1.80/bcprov-jdk18on-1.80.jar
2026-01-21 11:47:39,674 [BasicRepositoryConnector-repo.maven.apache.org-1-3] INFO  o.e.m.c.i.e.AbstractTransferListenerAdapter - Downloaded https://repo.maven.apache.org/maven2/org/springframework/boot/spring-boot-starter-freemarker/3.5.6/spring-boot-starter-freemarker-3.5.6.jar
2026-01-21 11:47:39,680 [BasicRepositoryConnector-repo.maven.apache.org-1-2] INFO  o.e.m.c.i.e.AbstractTransferListenerAdapter - Downloading https://repo.maven.apache.org/maven2/org/springframework/spring-context-support/6.2.11/spring-context-support-6.2.11.jar
2026-01-21 11:47:39,707 [BasicRepositoryConnector-repo.maven.apache.org-1-4] INFO  o.e.m.c.i.e.AbstractTransferListenerAdapter - Downloading https://repo.maven.apache.org/maven2/org/springframework/cloud/spring-cloud-netflix-eureka-client/4.3.1/spring-cloud-netflix-eureka-client-4.3.1.jar
2026-01-21 11:47:39,707 [BasicRepositoryConnector-repo.maven.apache.org-1-1] INFO  o.e.m.c.i.e.AbstractTransferListenerAdapter - Downloading https://repo.maven.apache.org/maven2/org/apache/httpcomponents/client5/httpclient5/5.5/httpclient5-5.5.jar
2026-01-21 11:47:39,724 [BasicRepositoryConnector-repo.maven.apache.org-1-2] INFO  o.e.m.c.i.e.AbstractTransferListenerAdapter - Downloaded https://repo.maven.apache.org/maven2/org/springframework/spring-context-support/6.2.11/spring-context-support-6.2.11.jar
2026-01-21 11:47:39,732 [BasicRepositoryConnector-repo.maven.apache.org-1-3] INFO  o.e.m.c.i.e.AbstractTransferListenerAdapter - Downloading https://repo.maven.apache.org/maven2/org/apache/httpcomponents/core5/httpcore5/5.3.5/httpcore5-5.3.5.jar
2026-01-21 11:47:39,763 [BasicRepositoryConnector-repo.maven.apache.org-1-2] INFO  o.e.m.c.i.e.AbstractTransferListenerAdapter - Downloading https://repo.maven.apache.org/maven2/org/apache/httpcomponents/core5/httpcore5-h2/5.3.5/httpcore5-h2-5.3.5.jar
2026-01-21 11:47:39,767 [BasicRepositoryConnector-repo.maven.apache.org-1-4] INFO  o.e.m.c.i.e.AbstractTransferListenerAdapter - Downloaded https://repo.maven.apache.org/maven2/org/springframework/cloud/spring-cloud-netflix-eureka-client/4.3.1/spring-cloud-netflix-eureka-client-4.3.1.jar
2026-01-21 11:47:39,786 [BasicRepositoryConnector-repo.maven.apache.org-1-1] INFO  o.e.m.c.i.e.AbstractTransferListenerAdapter - Downloaded https://repo.maven.apache.org/maven2/org/apache/httpcomponents/client5/httpclient5/5.5/httpclient5-5.5.jar
2026-01-21 11:47:39,806 [BasicRepositoryConnector-repo.maven.apache.org-1-4] INFO  o.e.m.c.i.e.AbstractTransferListenerAdapter - Downloading https://repo.maven.apache.org/maven2/org/glassfish/jersey/connectors/jersey-apache-connector/3.1.11/jersey-apache-connector-3.1.11.jar
2026-01-21 11:47:39,813 [BasicRepositoryConnector-repo.maven.apache.org-1-2] INFO  o.e.m.c.i.e.AbstractTransferListenerAdapter - Downloaded https://repo.maven.apache.org/maven2/org/apache/httpcomponents/core5/httpcore5-h2/5.3.5/httpcore5-h2-5.3.5.jar
2026-01-21 11:47:39,824 [BasicRepositoryConnector-repo.maven.apache.org-1-1] INFO  o.e.m.c.i.e.AbstractTransferListenerAdapter - Downloading https://repo.maven.apache.org/maven2/commons-codec/commons-codec/1.18.0/commons-codec-1.18.0.jar
2026-01-21 11:47:39,849 [BasicRepositoryConnector-repo.maven.apache.org-1-2] INFO  o.e.m.c.i.e.AbstractTransferListenerAdapter - Downloading https://repo.maven.apache.org/maven2/org/glassfish/jersey/containers/jersey-container-servlet/3.1.11/jersey-container-servlet-3.1.11.jar
2026-01-21 11:47:39,886 [BasicRepositoryConnector-repo.maven.apache.org-1-1] INFO  o.e.m.c.i.e.AbstractTransferListenerAdapter - Downloaded https://repo.maven.apache.org/maven2/commons-codec/commons-codec/1.18.0/commons-codec-1.18.0.jar
2026-01-21 11:47:39,925 [BasicRepositoryConnector-repo.maven.apache.org-1-0] INFO  o.e.m.c.i.e.AbstractTransferListenerAdapter - Downloaded https://repo.maven.apache.org/maven2/io/micrometer/micrometer-jakarta9/1.15.4/micrometer-jakarta9-1.15.4.jar
2026-01-21 11:47:39,938 [BasicRepositoryConnector-repo.maven.apache.org-1-1] INFO  o.e.m.c.i.e.AbstractTransferListenerAdapter - Downloading https://repo.maven.apache.org/maven2/org/glassfish/jersey/containers/jersey-container-servlet-core/3.1.11/jersey-container-servlet-core-3.1.11.jar
2026-01-21 11:47:39,952 [BasicRepositoryConnector-repo.maven.apache.org-1-3] INFO  o.e.m.c.i.e.AbstractTransferListenerAdapter - Downloaded https://repo.maven.apache.org/maven2/org/apache/httpcomponents/core5/httpcore5/5.3.5/httpcore5-5.3.5.jar
2026-01-21 11:47:39,977 [BasicRepositoryConnector-repo.maven.apache.org-1-0] INFO  o.e.m.c.i.e.AbstractTransferListenerAdapter - Downloading https://repo.maven.apache.org/maven2/org/glassfish/jersey/core/jersey-common/3.1.11/jersey-common-3.1.11.jar
2026-01-21 11:47:39,984 [BasicRepositoryConnector-repo.maven.apache.org-1-1] INFO  o.e.m.c.i.e.AbstractTransferListenerAdapter - Downloaded https://repo.maven.apache.org/maven2/org/glassfish/jersey/containers/jersey-container-servlet-core/3.1.11/jersey-container-servlet-core-3.1.11.jar
2026-01-21 11:47:39,997 [BasicRepositoryConnector-repo.maven.apache.org-1-3] INFO  o.e.m.c.i.e.AbstractTransferListenerAdapter - Downloading https://repo.maven.apache.org/maven2/org/glassfish/jersey/core/jersey-server/3.1.11/jersey-server-3.1.11.jar
2026-01-21 11:47:40,033 [BasicRepositoryConnector-repo.maven.apache.org-1-1] INFO  o.e.m.c.i.e.AbstractTransferListenerAdapter - Downloading https://repo.maven.apache.org/maven2/org/glassfish/jersey/core/jersey-client/3.1.11/jersey-client-3.1.11.jar
2026-01-21 11:47:40,089 [BasicRepositoryConnector-repo.maven.apache.org-1-1] INFO  o.e.m.c.i.e.AbstractTransferListenerAdapter - Downloaded https://repo.maven.apache.org/maven2/org/glassfish/jersey/core/jersey-client/3.1.11/jersey-client-3.1.11.jar
2026-01-21 11:47:40,097 [BasicRepositoryConnector-repo.maven.apache.org-1-3] INFO  o.e.m.c.i.e.AbstractTransferListenerAdapter - Downloaded https://repo.maven.apache.org/maven2/org/glassfish/jersey/core/jersey-server/3.1.11/jersey-server-3.1.11.jar
2026-01-21 11:47:40,128 [BasicRepositoryConnector-repo.maven.apache.org-1-1] INFO  o.e.m.c.i.e.AbstractTransferListenerAdapter - Downloading https://repo.maven.apache.org/maven2/org/glassfish/jersey/inject/jersey-hk2/3.1.11/jersey-hk2-3.1.11.jar
2026-01-21 11:47:40,138 [BasicRepositoryConnector-repo.maven.apache.org-1-3] INFO  o.e.m.c.i.e.AbstractTransferListenerAdapter - Downloading https://repo.maven.apache.org/maven2/com/fasterxml/jackson/dataformat/jackson-dataformat-xml/2.19.2/jackson-dataformat-xml-2.19.2.jar
2026-01-21 11:47:40,172 [BasicRepositoryConnector-repo.maven.apache.org-1-1] INFO  o.e.m.c.i.e.AbstractTransferListenerAdapter - Downloaded https://repo.maven.apache.org/maven2/org/glassfish/jersey/inject/jersey-hk2/3.1.11/jersey-hk2-3.1.11.jar
2026-01-21 11:47:40,185 [BasicRepositoryConnector-repo.maven.apache.org-1-3] INFO  o.e.m.c.i.e.AbstractTransferListenerAdapter - Downloaded https://repo.maven.apache.org/maven2/com/fasterxml/jackson/dataformat/jackson-dataformat-xml/2.19.2/jackson-dataformat-xml-2.19.2.jar
2026-01-21 11:47:40,209 [BasicRepositoryConnector-repo.maven.apache.org-1-1] INFO  o.e.m.c.i.e.AbstractTransferListenerAdapter - Downloading https://repo.maven.apache.org/maven2/org/springframework/cloud/spring-cloud-starter-loadbalancer/4.3.1/spring-cloud-starter-loadbalancer-4.3.1.jar
2026-01-21 11:47:40,234 [BasicRepositoryConnector-repo.maven.apache.org-1-3] INFO  o.e.m.c.i.e.AbstractTransferListenerAdapter - Downloading https://repo.maven.apache.org/maven2/org/springframework/cloud/spring-cloud-loadbalancer/4.3.1/spring-cloud-loadbalancer-4.3.1.jar
2026-01-21 11:47:40,266 [BasicRepositoryConnector-repo.maven.apache.org-1-1] INFO  o.e.m.c.i.e.AbstractTransferListenerAdapter - Downloaded https://repo.maven.apache.org/maven2/org/springframework/cloud/spring-cloud-starter-loadbalancer/4.3.1/spring-cloud-starter-loadbalancer-4.3.1.jar
2026-01-21 11:47:40,266 [BasicRepositoryConnector-repo.maven.apache.org-1-0] INFO  o.e.m.c.i.e.AbstractTransferListenerAdapter - Downloaded https://repo.maven.apache.org/maven2/org/glassfish/jersey/core/jersey-common/3.1.11/jersey-common-3.1.11.jar
2026-01-21 11:47:40,278 [BasicRepositoryConnector-repo.maven.apache.org-1-3] INFO  o.e.m.c.i.e.AbstractTransferListenerAdapter - Downloaded https://repo.maven.apache.org/maven2/org/springframework/cloud/spring-cloud-loadbalancer/4.3.1/spring-cloud-loadbalancer-4.3.1.jar
2026-01-21 11:47:40,307 [BasicRepositoryConnector-repo.maven.apache.org-1-1] INFO  o.e.m.c.i.e.AbstractTransferListenerAdapter - Downloading https://repo.maven.apache.org/maven2/io/projectreactor/reactor-core/3.7.11/reactor-core-3.7.11.jar
2026-01-21 11:47:40,332 [BasicRepositoryConnector-repo.maven.apache.org-1-3] INFO  o.e.m.c.i.e.AbstractTransferListenerAdapter - Downloading https://repo.maven.apache.org/maven2/org/springframework/boot/spring-boot-starter-cache/3.5.6/spring-boot-starter-cache-3.5.6.jar
2026-01-21 11:47:40,332 [BasicRepositoryConnector-repo.maven.apache.org-1-0] INFO  o.e.m.c.i.e.AbstractTransferListenerAdapter - Downloading https://repo.maven.apache.org/maven2/io/projectreactor/addons/reactor-extra/3.5.3/reactor-extra-3.5.3.jar
2026-01-21 11:47:40,384 [BasicRepositoryConnector-repo.maven.apache.org-1-3] INFO  o.e.m.c.i.e.AbstractTransferListenerAdapter - Downloaded https://repo.maven.apache.org/maven2/org/springframework/boot/spring-boot-starter-cache/3.5.6/spring-boot-starter-cache-3.5.6.jar
2026-01-21 11:47:40,397 [BasicRepositoryConnector-repo.maven.apache.org-1-2] INFO  o.e.m.c.i.e.AbstractTransferListenerAdapter - Downloaded https://repo.maven.apache.org/maven2/org/glassfish/jersey/containers/jersey-container-servlet/3.1.11/jersey-container-servlet-3.1.11.jar
2026-01-21 11:47:40,414 [BasicRepositoryConnector-repo.maven.apache.org-1-0] INFO  o.e.m.c.i.e.AbstractTransferListenerAdapter - Downloaded https://repo.maven.apache.org/maven2/io/projectreactor/addons/reactor-extra/3.5.3/reactor-extra-3.5.3.jar
2026-01-21 11:47:40,421 [BasicRepositoryConnector-repo.maven.apache.org-1-1] INFO  o.e.m.c.i.e.AbstractTransferListenerAdapter - Downloaded https://repo.maven.apache.org/maven2/io/projectreactor/reactor-core/3.7.11/reactor-core-3.7.11.jar
2026-01-21 11:47:40,519 [BasicRepositoryConnector-repo.maven.apache.org-1-4] INFO  o.e.m.c.i.e.AbstractTransferListenerAdapter - Downloaded https://repo.maven.apache.org/maven2/org/glassfish/jersey/connectors/jersey-apache-connector/3.1.11/jersey-apache-connector-3.1.11.jar
2026-01-21 11:47:40,668 [Worker-69: Building] INFO  o.e.m.c.i.l.LifecycleMappingFactory - Using org.eclipse.m2e.jdt.JarLifecycleMapping lifecycle mapping for MavenProject: in.ashokit:05-Ecom-ServiceRegistry:0.0.1-SNAPSHOT @ E:\Full-stack\E_commerce\05-Ecom-ServiceRegistry\pom.xml.
2026-01-21 11:47:41,278 [Worker-69: Building] INFO  o.e.m.c.i.l.LifecycleMappingFactory - Using org.eclipse.m2e.jdt.JarLifecycleMapping lifecycle mapping for MavenProject: in.ashokit:06-Ecom-AdminServer:0.0.1-SNAPSHOT @ E:\Full-stack\E_commerce\06-Ecom-AdminServer\pom.xml.
2026-01-21 11:47:41,547 [Worker-69: Building] INFO  o.e.m.c.i.l.LifecycleMappingFactory - Using org.eclipse.m2e.jdt.JarLifecycleMapping lifecycle mapping for MavenProject: com.example:Product_Api:0.0.1-SNAPSHOT @ E:\Full-stack\E_commerce\01-Product-Api\pom.xml.
2026-01-21 11:47:42,628 [Worker-69: Building] INFO  o.a.m.s.f.DefaultMavenResourcesFiltering - Copying 0 resource from src\main\resources to target\classes
2026-01-21 11:47:42,629 [Worker-69: Building] INFO  o.a.m.s.f.DefaultMavenResourcesFiltering - Copying 0 resource from src\main\resources to target\classes
2026-01-21 11:47:42,631 [Worker-69: Building] INFO  o.a.m.s.f.DefaultMavenResourcesFiltering - skip non existing resourceDirectory E:\Full-stack\E_commerce\01-Product-Api\src\test\resources
2026-01-21 11:47:42,947 [Worker-66: Updating Maven Project] INFO  o.e.m.c.i.p.ProjectConfigurationManager - Update started
2026-01-21 11:47:44,101 [Worker-66: Updating Maven Project] INFO  o.e.m.c.i.l.LifecycleMappingFactory - Using org.eclipse.m2e.jdt.JarLifecycleMapping lifecycle mapping for MavenProject: com.example:Product_Api:0.0.1-SNAPSHOT @ E:\Full-stack\E_commerce\01-Product-Api\pom.xml.
2026-01-21 11:47:44,229 [Worker-69: Download sources and javadoc] INFO  o.e.m.c.i.e.AbstractTransferListenerAdapter - Downloaded https://repo.maven.apache.org/maven2/org/springframework/cloud/spring-cloud-starter-netflix-eureka-server/4.3.1/spring-cloud-starter-netflix-eureka-server-4.3.1-sources.jar
2026-01-21 11:47:44,233 [Worker-69: Download sources and javadoc] ERROR o.e.m.j.internal.DownloadSourcesJob - Could not download sources for org.springframework.cloud:spring-cloud-starter-netflix-eureka-server:4.3.1
org.eclipse.core.runtime.CoreException: Could not resolve artifact org.springframework.cloud:spring-cloud-starter-netflix-eureka-server:jar:sources:4.3.1
	at org.eclipse.m2e.core.internal.embedder.MavenImpl.lambda$7(MavenImpl.java:540)
	at org.eclipse.m2e.core.internal.embedder.MavenExecutionContext.executeBare(MavenExecutionContext.java:458)
	at org.eclipse.m2e.core.internal.embedder.MavenExecutionContext.execute(MavenExecutionContext.java:292)
	at org.eclipse.m2e.core.internal.embedder.MavenExecutionContext.execute(MavenExecutionContext.java:278)
	at org.eclipse.m2e.core.internal.embedder.MavenImpl.resolve(MavenImpl.java:509)
	at org.eclipse.m2e.core.internal.embedder.MavenImpl.resolve(MavenImpl.java:494)
	at org.eclipse.m2e.jdt.internal.DownloadSourcesJob.download(DownloadSourcesJob.java:308)
	at org.eclipse.m2e.jdt.internal.DownloadSourcesJob.downloadAttachments(DownloadSourcesJob.java:282)
	at org.eclipse.m2e.jdt.internal.DownloadSourcesJob.downloadMaven(DownloadSourcesJob.java:252)
	at org.eclipse.m2e.jdt.internal.DownloadSourcesJob.downloadFilesAndPopulateToUpdate(DownloadSourcesJob.java:220)
	at org.eclipse.m2e.jdt.internal.DownloadSourcesJob.lambda$0(DownloadSourcesJob.java:149)
	at org.eclipse.m2e.core.internal.embedder.MavenExecutionContext.executeBare(MavenExecutionContext.java:458)
	at org.eclipse.m2e.core.internal.embedder.MavenExecutionContext.execute(MavenExecutionContext.java:339)
	at org.eclipse.m2e.core.internal.embedder.MavenExecutionContext.execute(MavenExecutionContext.java:278)
	at org.eclipse.m2e.core.embedder.IMaven.execute(IMaven.java:300)
	at org.eclipse.m2e.jdt.internal.DownloadSourcesJob.run(DownloadSourcesJob.java:149)
	at org.eclipse.core.internal.jobs.Worker.run(Worker.java:63)
2026-01-21 11:47:44,534 [Worker-69: Download sources and javadoc] INFO  o.e.m.c.i.e.AbstractTransferListenerAdapter - Downloaded https://repo.maven.apache.org/maven2/org/springframework/cloud/spring-cloud-starter/4.3.1/spring-cloud-starter-4.3.1-sources.jar
2026-01-21 11:47:44,537 [Worker-69: Download sources and javadoc] ERROR o.e.m.j.internal.DownloadSourcesJob - Could not download sources for org.springframework.cloud:spring-cloud-starter:4.3.1
org.eclipse.core.runtime.CoreException: Could not resolve artifact org.springframework.cloud:spring-cloud-starter:jar:sources:4.3.1
	at org.eclipse.m2e.core.internal.embedder.MavenImpl.lambda$7(MavenImpl.java:540)
	at org.eclipse.m2e.core.internal.embedder.MavenExecutionContext.executeBare(MavenExecutionContext.java:458)
	at org.eclipse.m2e.core.internal.embedder.MavenExecutionContext.execute(MavenExecutionContext.java:292)
	at org.eclipse.m2e.core.internal.embedder.MavenExecutionContext.execute(MavenExecutionContext.java:278)
	at org.eclipse.m2e.core.internal.embedder.MavenImpl.resolve(MavenImpl.java:509)
	at org.eclipse.m2e.core.internal.embedder.MavenImpl.resolve(MavenImpl.java:494)
	at org.eclipse.m2e.jdt.internal.DownloadSourcesJob.download(DownloadSourcesJob.java:308)
	at org.eclipse.m2e.jdt.internal.DownloadSourcesJob.downloadAttachments(DownloadSourcesJob.java:282)
	at org.eclipse.m2e.jdt.internal.DownloadSourcesJob.downloadMaven(DownloadSourcesJob.java:252)
	at org.eclipse.m2e.jdt.internal.DownloadSourcesJob.downloadFilesAndPopulateToUpdate(DownloadSourcesJob.java:220)
	at org.eclipse.m2e.jdt.internal.DownloadSourcesJob.lambda$0(DownloadSourcesJob.java:149)
	at org.eclipse.m2e.core.internal.embedder.MavenExecutionContext.executeBare(MavenExecutionContext.java:458)
	at org.eclipse.m2e.core.internal.embedder.MavenExecutionContext.execute(MavenExecutionContext.java:339)
	at org.eclipse.m2e.core.internal.embedder.MavenExecutionContext.execute(MavenExecutionContext.java:278)
	at org.eclipse.m2e.core.embedder.IMaven.execute(IMaven.java:300)
	at org.eclipse.m2e.jdt.internal.DownloadSourcesJob.run(DownloadSourcesJob.java:149)
	at org.eclipse.core.internal.jobs.Worker.run(Worker.java:63)
2026-01-21 11:47:44,669 [Worker-69: Download sources and javadoc] INFO  o.e.m.c.i.e.AbstractTransferListenerAdapter - Downloading https://repo.maven.apache.org/maven2/org/springframework/cloud/spring-cloud-context/4.3.1/spring-cloud-context-4.3.1-sources.jar
2026-01-21 11:47:44,745 [Worker-69: Download sources and javadoc] INFO  o.e.m.c.i.e.AbstractTransferListenerAdapter - Downloaded https://repo.maven.apache.org/maven2/org/springframework/cloud/spring-cloud-context/4.3.1/spring-cloud-context-4.3.1-sources.jar
2026-01-21 11:47:44,750 [Worker-69: Download sources and javadoc] INFO  o.e.m.j.internal.DownloadSourcesJob - Downloaded sources for org.springframework.cloud:spring-cloud-context:4.3.1
2026-01-21 11:47:44,891 [Worker-69: Download sources and javadoc] INFO  o.e.m.c.i.e.AbstractTransferListenerAdapter - Downloading https://repo.maven.apache.org/maven2/org/springframework/security/spring-security-crypto/6.5.5/spring-security-crypto-6.5.5-sources.jar
2026-01-21 11:47:45,029 [Worker-69: Download sources and javadoc] INFO  o.e.m.c.i.e.AbstractTransferListenerAdapter - Downloaded https://repo.maven.apache.org/maven2/org/springframework/security/spring-security-crypto/6.5.5/spring-security-crypto-6.5.5-sources.jar
2026-01-21 11:47:45,034 [Worker-69: Download sources and javadoc] INFO  o.e.m.j.internal.DownloadSourcesJob - Downloaded sources for org.springframework.security:spring-security-crypto:6.5.5
2026-01-21 11:47:45,198 [Worker-69: Download sources and javadoc] INFO  o.e.m.c.i.e.AbstractTransferListenerAdapter - Downloading https://repo.maven.apache.org/maven2/org/springframework/cloud/spring-cloud-commons/4.3.1/spring-cloud-commons-4.3.1-sources.jar
2026-01-21 11:47:45,335 [Worker-69: Download sources and javadoc] INFO  o.e.m.c.i.e.AbstractTransferListenerAdapter - Downloaded https://repo.maven.apache.org/maven2/org/springframework/cloud/spring-cloud-commons/4.3.1/spring-cloud-commons-4.3.1-sources.jar
2026-01-21 11:47:45,340 [Worker-69: Download sources and javadoc] INFO  o.e.m.j.internal.DownloadSourcesJob - Downloaded sources for org.springframework.cloud:spring-cloud-commons:4.3.1
2026-01-21 11:47:45,418 [Worker-66: Updating Maven Project] INFO  o.e.m.j.i.AbstractJavaProjectConfigurator - Adding source folder /01-Product-Api/src/main/java
2026-01-21 11:47:45,419 [Worker-66: Updating Maven Project] INFO  o.e.m.j.i.AbstractJavaProjectConfigurator - Adding resource folder /01-Product-Api/src/main/resources
2026-01-21 11:47:45,419 [Worker-66: Updating Maven Project] INFO  o.e.m.j.i.AbstractJavaProjectConfigurator - Adding resource folder /01-Product-Api/src/main/resources
2026-01-21 11:47:45,421 [Worker-66: Updating Maven Project] INFO  o.e.m.j.i.AbstractJavaProjectConfigurator - Adding source folder /01-Product-Api/src/test/java
2026-01-21 11:47:45,421 [Worker-66: Updating Maven Project] INFO  o.e.m.j.i.AbstractJavaProjectConfigurator - Adding resource folder /01-Product-Api/src/test/resources
2026-01-21 11:47:45,476 [Worker-69: Download sources and javadoc] INFO  o.e.m.c.i.e.AbstractTransferListenerAdapter - Downloading https://repo.maven.apache.org/maven2/org/bouncycastle/bcprov-jdk18on/1.80/bcprov-jdk18on-1.80-sources.jar
2026-01-21 11:47:46,111 [Worker-66: Updating Maven Project] INFO  o.e.m.c.i.p.ProjectConfigurationManager - Update completed for 1 poms: local refresh takes 0.00 sec, refresh facades takes 2.00 sec, update config takes 0.00 sec 
2026-01-21 11:47:46,155 [Worker-69: Download sources and javadoc] INFO  o.e.m.c.i.e.AbstractTransferListenerAdapter - Downloaded https://repo.maven.apache.org/maven2/org/bouncycastle/bcprov-jdk18on/1.80/bcprov-jdk18on-1.80-sources.jar
2026-01-21 11:47:46,160 [Worker-69: Download sources and javadoc] INFO  o.e.m.j.internal.DownloadSourcesJob - Downloaded sources for org.bouncycastle:bcprov-jdk18on:1.80
2026-01-21 11:47:46,326 [Worker-69: Download sources and javadoc] INFO  o.e.m.c.i.e.AbstractTransferListenerAdapter - Downloading https://repo.maven.apache.org/maven2/org/springframework/cloud/spring-cloud-netflix-eureka-server/4.3.1/spring-cloud-netflix-eureka-server-4.3.1-sources.jar
2026-01-21 11:47:46,481 [Worker-69: Download sources and javadoc] INFO  o.e.m.c.i.e.AbstractTransferListenerAdapter - Downloaded https://repo.maven.apache.org/maven2/org/springframework/cloud/spring-cloud-netflix-eureka-server/4.3.1/spring-cloud-netflix-eureka-server-4.3.1-sources.jar
2026-01-21 11:47:46,487 [Worker-69: Download sources and javadoc] INFO  o.e.m.j.internal.DownloadSourcesJob - Downloaded sources for org.springframework.cloud:spring-cloud-netflix-eureka-server:4.3.1
2026-01-21 11:47:46,622 [Worker-69: Download sources and javadoc] INFO  o.e.m.c.i.e.AbstractTransferListenerAdapter - Downloading https://repo.maven.apache.org/maven2/org/springframework/boot/spring-boot-starter-actuator/3.5.6/spring-boot-starter-actuator-3.5.6-sources.jar
2026-01-21 11:47:46,672 [Worker-73: Building] INFO  o.a.m.s.f.DefaultMavenResourcesFiltering - Copying 1 resource from src\main\resources to target\classes
2026-01-21 11:47:46,690 [Worker-73: Building] INFO  o.a.m.s.f.DefaultMavenResourcesFiltering - Copying 0 resource from src\main\resources to target\classes
2026-01-21 11:47:46,694 [Worker-73: Building] INFO  o.a.m.s.f.DefaultMavenResourcesFiltering - skip non existing resourceDirectory E:\Full-stack\E_commerce\01-Product-Api\src\test\resources
2026-01-21 11:47:46,750 [Worker-69: Download sources and javadoc] INFO  o.e.m.c.i.e.AbstractTransferListenerAdapter - Downloaded https://repo.maven.apache.org/maven2/org/springframework/boot/spring-boot-starter-actuator/3.5.6/spring-boot-starter-actuator-3.5.6-sources.jar
2026-01-21 11:47:46,754 [Worker-69: Download sources and javadoc] INFO  o.e.m.j.internal.DownloadSourcesJob - Downloaded sources for org.springframework.boot:spring-boot-starter-actuator:3.5.6
2026-01-21 11:47:46,902 [Worker-69: Download sources and javadoc] INFO  o.e.m.c.i.e.AbstractTransferListenerAdapter - Downloading https://repo.maven.apache.org/maven2/org/springframework/boot/spring-boot-actuator-autoconfigure/3.5.6/spring-boot-actuator-autoconfigure-3.5.6-sources.jar
2026-01-21 11:47:47,099 [Worker-69: Download sources and javadoc] INFO  o.e.m.c.i.e.AbstractTransferListenerAdapter - Downloaded https://repo.maven.apache.org/maven2/org/springframework/boot/spring-boot-actuator-autoconfigure/3.5.6/spring-boot-actuator-autoconfigure-3.5.6-sources.jar
2026-01-21 11:47:47,103 [Worker-69: Download sources and javadoc] INFO  o.e.m.j.internal.DownloadSourcesJob - Downloaded sources for org.springframework.boot:spring-boot-actuator-autoconfigure:3.5.6
2026-01-21 11:47:47,212 [Worker-69: Download sources and javadoc] INFO  o.e.m.c.i.e.AbstractTransferListenerAdapter - Downloading https://repo.maven.apache.org/maven2/org/springframework/boot/spring-boot-actuator/3.5.6/spring-boot-actuator-3.5.6-sources.jar
2026-01-21 11:47:47,329 [Worker-69: Download sources and javadoc] INFO  o.e.m.c.i.e.AbstractTransferListenerAdapter - Downloaded https://repo.maven.apache.org/maven2/org/springframework/boot/spring-boot-actuator/3.5.6/spring-boot-actuator-3.5.6-sources.jar
2026-01-21 11:47:47,334 [Worker-69: Download sources and javadoc] INFO  o.e.m.j.internal.DownloadSourcesJob - Downloaded sources for org.springframework.boot:spring-boot-actuator:3.5.6
2026-01-21 11:47:47,448 [Worker-69: Download sources and javadoc] INFO  o.e.m.c.i.e.AbstractTransferListenerAdapter - Downloading https://repo.maven.apache.org/maven2/io/micrometer/micrometer-jakarta9/1.15.4/micrometer-jakarta9-1.15.4-sources.jar
2026-01-21 11:47:47,810 [Worker-69: Download sources and javadoc] INFO  o.e.m.c.i.e.AbstractTransferListenerAdapter - Downloaded https://repo.maven.apache.org/maven2/io/micrometer/micrometer-jakarta9/1.15.4/micrometer-jakarta9-1.15.4-sources.jar
2026-01-21 11:47:47,815 [Worker-69: Download sources and javadoc] INFO  o.e.m.j.internal.DownloadSourcesJob - Downloaded sources for io.micrometer:micrometer-jakarta9:1.15.4
2026-01-21 11:47:48,186 [Worker-69: Download sources and javadoc] INFO  o.e.m.c.i.e.AbstractTransferListenerAdapter - Downloading https://repo.maven.apache.org/maven2/io/micrometer/micrometer-core/1.15.4/micrometer-core-1.15.4-sources.jar
2026-01-21 11:47:48,291 [Worker-69: Download sources and javadoc] INFO  o.e.m.c.i.e.AbstractTransferListenerAdapter - Downloaded https://repo.maven.apache.org/maven2/io/micrometer/micrometer-core/1.15.4/micrometer-core-1.15.4-sources.jar
2026-01-21 11:47:48,294 [Worker-69: Download sources and javadoc] INFO  o.e.m.j.internal.DownloadSourcesJob - Downloaded sources for io.micrometer:micrometer-core:1.15.4
2026-01-21 11:47:48,377 [Worker-69: Download sources and javadoc] INFO  o.e.m.c.i.e.AbstractTransferListenerAdapter - Downloading https://repo.maven.apache.org/maven2/org/springframework/boot/spring-boot-starter-freemarker/3.5.6/spring-boot-starter-freemarker-3.5.6-sources.jar
2026-01-21 11:47:48,382 [Worker-69: Download sources and javadoc] INFO  o.e.m.c.i.e.AbstractTransferListenerAdapter - Downloaded https://repo.maven.apache.org/maven2/org/springframework/boot/spring-boot-starter-freemarker/3.5.6/spring-boot-starter-freemarker-3.5.6-sources.jar
2026-01-21 11:47:48,384 [Worker-69: Download sources and javadoc] INFO  o.e.m.j.internal.DownloadSourcesJob - Downloaded sources for org.springframework.boot:spring-boot-starter-freemarker:3.5.6
2026-01-21 11:47:48,483 [Worker-69: Download sources and javadoc] INFO  o.e.m.c.i.e.AbstractTransferListenerAdapter - Downloading https://repo.maven.apache.org/maven2/org/springframework/spring-context-support/6.2.11/spring-context-support-6.2.11-sources.jar
2026-01-21 11:47:48,548 [Worker-69: Download sources and javadoc] INFO  o.e.m.c.i.e.AbstractTransferListenerAdapter - Downloaded https://repo.maven.apache.org/maven2/org/springframework/spring-context-support/6.2.11/spring-context-support-6.2.11-sources.jar
2026-01-21 11:47:48,551 [Worker-69: Download sources and javadoc] INFO  o.e.m.j.internal.DownloadSourcesJob - Downloaded sources for org.springframework:spring-context-support:6.2.11
2026-01-21 11:47:48,659 [Worker-69: Download sources and javadoc] INFO  o.e.m.c.i.e.AbstractTransferListenerAdapter - Downloading https://repo.maven.apache.org/maven2/org/springframework/cloud/spring-cloud-netflix-eureka-client/4.3.1/spring-cloud-netflix-eureka-client-4.3.1-sources.jar
2026-01-21 11:47:48,715 [Worker-69: Download sources and javadoc] INFO  o.e.m.c.i.e.AbstractTransferListenerAdapter - Downloaded https://repo.maven.apache.org/maven2/org/springframework/cloud/spring-cloud-netflix-eureka-client/4.3.1/spring-cloud-netflix-eureka-client-4.3.1-sources.jar
2026-01-21 11:47:48,719 [Worker-69: Download sources and javadoc] INFO  o.e.m.j.internal.DownloadSourcesJob - Downloaded sources for org.springframework.cloud:spring-cloud-netflix-eureka-client:4.3.1
2026-01-21 11:47:48,836 [Worker-69: Download sources and javadoc] INFO  o.e.m.c.i.e.AbstractTransferListenerAdapter - Downloading https://repo.maven.apache.org/maven2/org/apache/httpcomponents/client5/httpclient5/5.5/httpclient5-5.5-sources.jar
2026-01-21 11:47:48,977 [Worker-69: Download sources and javadoc] INFO  o.e.m.c.i.e.AbstractTransferListenerAdapter - Downloaded https://repo.maven.apache.org/maven2/org/apache/httpcomponents/client5/httpclient5/5.5/httpclient5-5.5-sources.jar
2026-01-21 11:47:48,981 [Worker-69: Download sources and javadoc] INFO  o.e.m.j.internal.DownloadSourcesJob - Downloaded sources for org.apache.httpcomponents.client5:httpclient5:5.5
2026-01-21 11:47:49,081 [Worker-69: Download sources and javadoc] INFO  o.e.m.c.i.e.AbstractTransferListenerAdapter - Downloading https://repo.maven.apache.org/maven2/org/apache/httpcomponents/core5/httpcore5/5.3.5/httpcore5-5.3.5-sources.jar
2026-01-21 11:47:49,202 [Worker-69: Download sources and javadoc] INFO  o.e.m.c.i.e.AbstractTransferListenerAdapter - Downloaded https://repo.maven.apache.org/maven2/org/apache/httpcomponents/core5/httpcore5/5.3.5/httpcore5-5.3.5-sources.jar
2026-01-21 11:47:49,205 [Worker-69: Download sources and javadoc] INFO  o.e.m.j.internal.DownloadSourcesJob - Downloaded sources for org.apache.httpcomponents.core5:httpcore5:5.3.5
2026-01-21 11:47:49,329 [Worker-69: Download sources and javadoc] INFO  o.e.m.c.i.e.AbstractTransferListenerAdapter - Downloading https://repo.maven.apache.org/maven2/org/apache/httpcomponents/core5/httpcore5-h2/5.3.5/httpcore5-h2-5.3.5-sources.jar
2026-01-21 11:47:49,418 [Worker-69: Download sources and javadoc] INFO  o.e.m.c.i.e.AbstractTransferListenerAdapter - Downloaded https://repo.maven.apache.org/maven2/org/apache/httpcomponents/core5/httpcore5-h2/5.3.5/httpcore5-h2-5.3.5-sources.jar
2026-01-21 11:47:49,420 [Worker-69: Download sources and javadoc] INFO  o.e.m.j.internal.DownloadSourcesJob - Downloaded sources for org.apache.httpcomponents.core5:httpcore5-h2:5.3.5
2026-01-21 11:47:49,503 [Worker-69: Download sources and javadoc] INFO  o.e.m.c.i.e.AbstractTransferListenerAdapter - Downloading https://repo.maven.apache.org/maven2/org/glassfish/jersey/connectors/jersey-apache-connector/3.1.11/jersey-apache-connector-3.1.11-sources.jar
2026-01-21 11:47:49,807 [Worker-69: Download sources and javadoc] INFO  o.e.m.c.i.e.AbstractTransferListenerAdapter - Downloaded https://repo.maven.apache.org/maven2/org/glassfish/jersey/connectors/jersey-apache-connector/3.1.11/jersey-apache-connector-3.1.11-sources.jar
2026-01-21 11:47:49,811 [Worker-69: Download sources and javadoc] INFO  o.e.m.j.internal.DownloadSourcesJob - Downloaded sources for org.glassfish.jersey.connectors:jersey-apache-connector:3.1.11
2026-01-21 11:47:49,919 [Worker-69: Download sources and javadoc] INFO  o.e.m.c.i.e.AbstractTransferListenerAdapter - Downloading https://repo.maven.apache.org/maven2/commons-codec/commons-codec/1.18.0/commons-codec-1.18.0-sources.jar
2026-01-21 11:47:50,068 [Worker-69: Download sources and javadoc] INFO  o.e.m.c.i.e.AbstractTransferListenerAdapter - Downloaded https://repo.maven.apache.org/maven2/commons-codec/commons-codec/1.18.0/commons-codec-1.18.0-sources.jar
2026-01-21 11:47:50,071 [Worker-69: Download sources and javadoc] INFO  o.e.m.j.internal.DownloadSourcesJob - Downloaded sources for commons-codec:commons-codec:1.18.0
2026-01-21 11:47:50,166 [Worker-69: Download sources and javadoc] INFO  o.e.m.c.i.e.AbstractTransferListenerAdapter - Downloading https://repo.maven.apache.org/maven2/org/glassfish/jersey/containers/jersey-container-servlet/3.1.11/jersey-container-servlet-3.1.11-sources.jar
2026-01-21 11:47:50,457 [Worker-69: Download sources and javadoc] INFO  o.e.m.c.i.e.AbstractTransferListenerAdapter - Downloaded https://repo.maven.apache.org/maven2/org/glassfish/jersey/containers/jersey-container-servlet/3.1.11/jersey-container-servlet-3.1.11-sources.jar
2026-01-21 11:47:50,460 [Worker-69: Download sources and javadoc] INFO  o.e.m.j.internal.DownloadSourcesJob - Downloaded sources for org.glassfish.jersey.containers:jersey-container-servlet:3.1.11
2026-01-21 11:47:53,618 [Worker-63: Building] INFO  o.a.m.s.f.DefaultMavenResourcesFiltering - Copying 1 resource from src\main\resources to target\classes
2026-01-21 11:47:53,624 [Worker-63: Building] INFO  o.a.m.s.f.DefaultMavenResourcesFiltering - Copying 0 resource from src\main\resources to target\classes
2026-01-21 11:47:53,626 [Worker-63: Building] INFO  o.a.m.s.f.DefaultMavenResourcesFiltering - skip non existing resourceDirectory E:\Full-stack\E_commerce\01-Product-Api\src\test\resources
2026-01-21 11:48:00,589 [Worker-69: Download sources and javadoc] INFO  o.e.m.c.i.e.AbstractTransferListenerAdapter - Downloading https://repo.maven.apache.org/maven2/org/glassfish/jersey/containers/jersey-container-servlet-core/3.1.11/jersey-container-servlet-core-3.1.11-sources.jar
2026-01-21 11:48:00,647 [Worker-69: Download sources and javadoc] INFO  o.e.m.c.i.e.AbstractTransferListenerAdapter - Downloaded https://repo.maven.apache.org/maven2/org/glassfish/jersey/containers/jersey-container-servlet-core/3.1.11/jersey-container-servlet-core-3.1.11-sources.jar
2026-01-21 11:48:00,651 [Worker-69: Download sources and javadoc] INFO  o.e.m.j.internal.DownloadSourcesJob - Downloaded sources for org.glassfish.jersey.containers:jersey-container-servlet-core:3.1.11
2026-01-21 11:48:00,741 [Worker-69: Download sources and javadoc] INFO  o.e.m.c.i.e.AbstractTransferListenerAdapter - Downloading https://repo.maven.apache.org/maven2/org/glassfish/jersey/core/jersey-common/3.1.11/jersey-common-3.1.11-sources.jar
2026-01-21 11:48:00,855 [Worker-69: Download sources and javadoc] INFO  o.e.m.c.i.e.AbstractTransferListenerAdapter - Downloaded https://repo.maven.apache.org/maven2/org/glassfish/jersey/core/jersey-common/3.1.11/jersey-common-3.1.11-sources.jar
2026-01-21 11:48:00,857 [Worker-69: Download sources and javadoc] INFO  o.e.m.j.internal.DownloadSourcesJob - Downloaded sources for org.glassfish.jersey.core:jersey-common:3.1.11
2026-01-21 11:48:00,977 [Worker-69: Download sources and javadoc] INFO  o.e.m.c.i.e.AbstractTransferListenerAdapter - Downloading https://repo.maven.apache.org/maven2/org/glassfish/jersey/core/jersey-server/3.1.11/jersey-server-3.1.11-sources.jar
2026-01-21 11:48:01,283 [Worker-69: Download sources and javadoc] INFO  o.e.m.c.i.e.AbstractTransferListenerAdapter - Downloaded https://repo.maven.apache.org/maven2/org/glassfish/jersey/core/jersey-server/3.1.11/jersey-server-3.1.11-sources.jar
2026-01-21 11:48:01,286 [Worker-69: Download sources and javadoc] INFO  o.e.m.j.internal.DownloadSourcesJob - Downloaded sources for org.glassfish.jersey.core:jersey-server:3.1.11
2026-01-21 11:48:01,420 [Worker-69: Download sources and javadoc] INFO  o.e.m.c.i.e.AbstractTransferListenerAdapter - Downloading https://repo.maven.apache.org/maven2/org/glassfish/jersey/core/jersey-client/3.1.11/jersey-client-3.1.11-sources.jar
2026-01-21 11:48:01,501 [Worker-69: Download sources and javadoc] INFO  o.e.m.c.i.e.AbstractTransferListenerAdapter - Downloaded https://repo.maven.apache.org/maven2/org/glassfish/jersey/core/jersey-client/3.1.11/jersey-client-3.1.11-sources.jar
2026-01-21 11:48:01,504 [Worker-69: Download sources and javadoc] INFO  o.e.m.j.internal.DownloadSourcesJob - Downloaded sources for org.glassfish.jersey.core:jersey-client:3.1.11
2026-01-21 11:48:01,647 [Worker-69: Download sources and javadoc] INFO  o.e.m.c.i.e.AbstractTransferListenerAdapter - Downloading https://repo.maven.apache.org/maven2/org/glassfish/jersey/inject/jersey-hk2/3.1.11/jersey-hk2-3.1.11-sources.jar
2026-01-21 11:48:02,144 [Worker-69: Download sources and javadoc] INFO  o.e.m.c.i.e.AbstractTransferListenerAdapter - Downloaded https://repo.maven.apache.org/maven2/org/glassfish/jersey/inject/jersey-hk2/3.1.11/jersey-hk2-3.1.11-sources.jar
2026-01-21 11:48:02,147 [Worker-69: Download sources and javadoc] INFO  o.e.m.j.internal.DownloadSourcesJob - Downloaded sources for org.glassfish.jersey.inject:jersey-hk2:3.1.11
2026-01-21 11:48:02,308 [Worker-69: Download sources and javadoc] INFO  o.e.m.c.i.e.AbstractTransferListenerAdapter - Downloading https://repo.maven.apache.org/maven2/com/fasterxml/jackson/dataformat/jackson-dataformat-xml/2.19.2/jackson-dataformat-xml-2.19.2-sources.jar
2026-01-21 11:48:02,363 [Worker-69: Download sources and javadoc] INFO  o.e.m.c.i.e.AbstractTransferListenerAdapter - Downloaded https://repo.maven.apache.org/maven2/com/fasterxml/jackson/dataformat/jackson-dataformat-xml/2.19.2/jackson-dataformat-xml-2.19.2-sources.jar
2026-01-21 11:48:02,367 [Worker-69: Download sources and javadoc] INFO  o.e.m.j.internal.DownloadSourcesJob - Downloaded sources for com.fasterxml.jackson.dataformat:jackson-dataformat-xml:2.19.2
2026-01-21 11:48:02,447 [Worker-69: Download sources and javadoc] INFO  o.e.m.c.i.e.AbstractTransferListenerAdapter - Downloaded https://repo.maven.apache.org/maven2/org/springframework/cloud/spring-cloud-starter-loadbalancer/4.3.1/spring-cloud-starter-loadbalancer-4.3.1-sources.jar
2026-01-21 11:48:02,450 [Worker-69: Download sources and javadoc] ERROR o.e.m.j.internal.DownloadSourcesJob - Could not download sources for org.springframework.cloud:spring-cloud-starter-loadbalancer:4.3.1
org.eclipse.core.runtime.CoreException: Could not resolve artifact org.springframework.cloud:spring-cloud-starter-loadbalancer:jar:sources:4.3.1
	at org.eclipse.m2e.core.internal.embedder.MavenImpl.lambda$7(MavenImpl.java:540)
	at org.eclipse.m2e.core.internal.embedder.MavenExecutionContext.executeBare(MavenExecutionContext.java:458)
	at org.eclipse.m2e.core.internal.embedder.MavenExecutionContext.execute(MavenExecutionContext.java:292)
	at org.eclipse.m2e.core.internal.embedder.MavenExecutionContext.execute(MavenExecutionContext.java:278)
	at org.eclipse.m2e.core.internal.embedder.MavenImpl.resolve(MavenImpl.java:509)
	at org.eclipse.m2e.core.internal.embedder.MavenImpl.resolve(MavenImpl.java:494)
	at org.eclipse.m2e.jdt.internal.DownloadSourcesJob.download(DownloadSourcesJob.java:308)
	at org.eclipse.m2e.jdt.internal.DownloadSourcesJob.downloadAttachments(DownloadSourcesJob.java:282)
	at org.eclipse.m2e.jdt.internal.DownloadSourcesJob.downloadMaven(DownloadSourcesJob.java:252)
	at org.eclipse.m2e.jdt.internal.DownloadSourcesJob.downloadFilesAndPopulateToUpdate(DownloadSourcesJob.java:220)
	at org.eclipse.m2e.jdt.internal.DownloadSourcesJob.lambda$0(DownloadSourcesJob.java:149)
	at org.eclipse.m2e.core.internal.embedder.MavenExecutionContext.executeBare(MavenExecutionContext.java:458)
	at org.eclipse.m2e.core.internal.embedder.MavenExecutionContext.execute(MavenExecutionContext.java:339)
	at org.eclipse.m2e.core.internal.embedder.MavenExecutionContext.execute(MavenExecutionContext.java:278)
	at org.eclipse.m2e.core.embedder.IMaven.execute(IMaven.java:300)
	at org.eclipse.m2e.jdt.internal.DownloadSourcesJob.run(DownloadSourcesJob.java:149)
	at org.eclipse.core.internal.jobs.Worker.run(Worker.java:63)
2026-01-21 11:48:02,559 [Worker-69: Download sources and javadoc] INFO  o.e.m.c.i.e.AbstractTransferListenerAdapter - Downloading https://repo.maven.apache.org/maven2/org/springframework/cloud/spring-cloud-loadbalancer/4.3.1/spring-cloud-loadbalancer-4.3.1-sources.jar
2026-01-21 11:48:02,614 [Worker-69: Download sources and javadoc] INFO  o.e.m.c.i.e.AbstractTransferListenerAdapter - Downloaded https://repo.maven.apache.org/maven2/org/springframework/cloud/spring-cloud-loadbalancer/4.3.1/spring-cloud-loadbalancer-4.3.1-sources.jar
2026-01-21 11:48:02,617 [Worker-69: Download sources and javadoc] INFO  o.e.m.j.internal.DownloadSourcesJob - Downloaded sources for org.springframework.cloud:spring-cloud-loadbalancer:4.3.1
2026-01-21 11:48:02,728 [Worker-69: Download sources and javadoc] INFO  o.e.m.c.i.e.AbstractTransferListenerAdapter - Downloading https://repo.maven.apache.org/maven2/io/projectreactor/reactor-core/3.7.11/reactor-core-3.7.11-sources.jar
2026-01-21 11:48:02,938 [Worker-69: Download sources and javadoc] INFO  o.e.m.c.i.e.AbstractTransferListenerAdapter - Downloaded https://repo.maven.apache.org/maven2/io/projectreactor/reactor-core/3.7.11/reactor-core-3.7.11-sources.jar
2026-01-21 11:48:02,940 [Worker-69: Download sources and javadoc] INFO  o.e.m.j.internal.DownloadSourcesJob - Downloaded sources for io.projectreactor:reactor-core:3.7.11
2026-01-21 11:48:03,053 [Worker-69: Download sources and javadoc] INFO  o.e.m.c.i.e.AbstractTransferListenerAdapter - Downloading https://repo.maven.apache.org/maven2/io/projectreactor/addons/reactor-extra/3.5.3/reactor-extra-3.5.3-sources.jar
2026-01-21 11:48:03,105 [Worker-69: Download sources and javadoc] INFO  o.e.m.c.i.e.AbstractTransferListenerAdapter - Downloaded https://repo.maven.apache.org/maven2/io/projectreactor/addons/reactor-extra/3.5.3/reactor-extra-3.5.3-sources.jar
2026-01-21 11:48:03,107 [Worker-69: Download sources and javadoc] INFO  o.e.m.j.internal.DownloadSourcesJob - Downloaded sources for io.projectreactor.addons:reactor-extra:3.5.3
2026-01-21 11:48:03,158 [Worker-70: Updating Maven Project] INFO  o.e.m.c.i.p.ProjectConfigurationManager - Update started
2026-01-21 11:48:03,189 [Worker-69: Download sources and javadoc] INFO  o.e.m.c.i.e.AbstractTransferListenerAdapter - Downloading https://repo.maven.apache.org/maven2/org/springframework/boot/spring-boot-starter-cache/3.5.6/spring-boot-starter-cache-3.5.6-sources.jar
2026-01-21 11:48:03,194 [Worker-69: Download sources and javadoc] INFO  o.e.m.c.i.e.AbstractTransferListenerAdapter - Downloaded https://repo.maven.apache.org/maven2/org/springframework/boot/spring-boot-starter-cache/3.5.6/spring-boot-starter-cache-3.5.6-sources.jar
2026-01-21 11:48:03,197 [Worker-69: Download sources and javadoc] INFO  o.e.m.j.internal.DownloadSourcesJob - Downloaded sources for org.springframework.boot:spring-boot-starter-cache:3.5.6
2026-01-21 11:48:03,414 [Worker-70: Updating Maven Project] INFO  o.e.m.c.i.l.LifecycleMappingFactory - Using org.eclipse.m2e.jdt.JarLifecycleMapping lifecycle mapping for MavenProject: com.example:Product_Api:0.0.1-SNAPSHOT @ E:\Full-stack\E_commerce\01-Product-Api\pom.xml.
2026-01-21 11:48:04,232 [Worker-70: Updating Maven Project] INFO  o.e.m.j.i.AbstractJavaProjectConfigurator - Adding source folder /01-Product-Api/src/main/java
2026-01-21 11:48:04,232 [Worker-70: Updating Maven Project] INFO  o.e.m.j.i.AbstractJavaProjectConfigurator - Adding resource folder /01-Product-Api/src/main/resources
2026-01-21 11:48:04,233 [Worker-70: Updating Maven Project] INFO  o.e.m.j.i.AbstractJavaProjectConfigurator - Adding resource folder /01-Product-Api/src/main/resources
2026-01-21 11:48:04,233 [Worker-70: Updating Maven Project] INFO  o.e.m.j.i.AbstractJavaProjectConfigurator - Adding source folder /01-Product-Api/src/test/java
2026-01-21 11:48:04,233 [Worker-70: Updating Maven Project] INFO  o.e.m.j.i.AbstractJavaProjectConfigurator - Adding resource folder /01-Product-Api/src/test/resources
2026-01-21 11:48:04,624 [Worker-70: Updating Maven Project] INFO  o.e.m.c.i.p.ProjectConfigurationManager - Update completed for 1 poms: local refresh takes 0.00 sec, refresh facades takes 1.00 sec, update config takes 0.00 sec 
2026-01-21 11:48:05,310 [Worker-72: Building] INFO  o.a.m.s.f.DefaultMavenResourcesFiltering - Copying 1 resource from src\main\resources to target\classes
2026-01-21 11:48:05,323 [Worker-72: Building] INFO  o.a.m.s.f.DefaultMavenResourcesFiltering - Copying 0 resource from src\main\resources to target\classes
2026-01-21 11:48:05,326 [Worker-72: Building] INFO  o.a.m.s.f.DefaultMavenResourcesFiltering - skip non existing resourceDirectory E:\Full-stack\E_commerce\01-Product-Api\src\test\resources
2026-01-21 12:06:43,526 [Worker-76: Building] INFO  o.e.m.c.i.e.AbstractTransferListenerAdapter - Downloading https://repo.maven.apache.org/maven2/de/codecentric/spring-boot-admin-dependencies/3.5.6/spring-boot-admin-dependencies-3.5.6.pom
2026-01-21 12:06:43,556 [Worker-76: Building] INFO  o.e.m.c.i.e.AbstractTransferListenerAdapter - Downloaded https://repo.maven.apache.org/maven2/de/codecentric/spring-boot-admin-dependencies/3.5.6/spring-boot-admin-dependencies-3.5.6.pom
2026-01-21 12:06:43,764 [Worker-76: Building] INFO  o.e.m.c.i.l.LifecycleMappingFactory - Using org.eclipse.m2e.jdt.JarLifecycleMapping lifecycle mapping for MavenProject: com.example:Product_Api:0.0.1-SNAPSHOT @ E:\Full-stack\E_commerce\01-Product-Api\pom.xml.
2026-01-21 12:06:44,285 [Worker-76: Building] INFO  o.e.m.c.i.e.AbstractTransferListenerAdapter - Downloading https://repo.maven.apache.org/maven2/de/codecentric/spring-boot-admin-starter-client/3.5.6/spring-boot-admin-starter-client-3.5.6.pom
2026-01-21 12:06:44,315 [Worker-76: Building] INFO  o.e.m.c.i.e.AbstractTransferListenerAdapter - Downloaded https://repo.maven.apache.org/maven2/de/codecentric/spring-boot-admin-starter-client/3.5.6/spring-boot-admin-starter-client-3.5.6.pom
2026-01-21 12:06:44,365 [Worker-76: Building] INFO  o.e.m.c.i.e.AbstractTransferListenerAdapter - Downloading https://repo.maven.apache.org/maven2/de/codecentric/spring-boot-admin-build/3.5.6/spring-boot-admin-build-3.5.6.pom
2026-01-21 12:06:44,400 [Worker-76: Building] INFO  o.e.m.c.i.e.AbstractTransferListenerAdapter - Downloaded https://repo.maven.apache.org/maven2/de/codecentric/spring-boot-admin-build/3.5.6/spring-boot-admin-build-3.5.6.pom
2026-01-21 12:06:44,451 [Worker-76: Building] INFO  o.e.m.c.i.e.AbstractTransferListenerAdapter - Downloading https://repo.maven.apache.org/maven2/de/codecentric/spring-boot-admin-client/3.5.6/spring-boot-admin-client-3.5.6.pom
2026-01-21 12:06:44,489 [Worker-76: Building] INFO  o.e.m.c.i.e.AbstractTransferListenerAdapter - Downloaded https://repo.maven.apache.org/maven2/de/codecentric/spring-boot-admin-client/3.5.6/spring-boot-admin-client-3.5.6.pom
2026-01-21 12:06:44,756 [Worker-76: Building] INFO  o.e.m.c.i.e.AbstractTransferListenerAdapter - Downloading https://repo.maven.apache.org/maven2/de/codecentric/spring-boot-admin-starter-client/3.5.6/spring-boot-admin-starter-client-3.5.6.jar
2026-01-21 12:06:44,804 [Worker-76: Building] INFO  o.e.m.c.i.e.AbstractTransferListenerAdapter - Downloaded https://repo.maven.apache.org/maven2/de/codecentric/spring-boot-admin-starter-client/3.5.6/spring-boot-admin-starter-client-3.5.6.jar
2026-01-21 12:06:44,866 [BasicRepositoryConnector-repo.maven.apache.org-2-0] INFO  o.e.m.c.i.e.AbstractTransferListenerAdapter - Downloading https://repo.maven.apache.org/maven2/de/codecentric/spring-boot-admin-client/3.5.6/spring-boot-admin-client-3.5.6.jar
2026-01-21 12:06:44,908 [BasicRepositoryConnector-repo.maven.apache.org-2-0] INFO  o.e.m.c.i.e.AbstractTransferListenerAdapter - Downloaded https://repo.maven.apache.org/maven2/de/codecentric/spring-boot-admin-client/3.5.6/spring-boot-admin-client-3.5.6.jar
2026-01-21 12:06:45,309 [Worker-76: Building] INFO  o.a.m.s.f.DefaultMavenResourcesFiltering - Copying 0 resource from src\main\resources to target\classes
2026-01-21 12:06:45,310 [Worker-76: Building] INFO  o.a.m.s.f.DefaultMavenResourcesFiltering - Copying 0 resource from src\main\resources to target\classes
2026-01-21 12:06:45,312 [Worker-76: Building] INFO  o.a.m.s.f.DefaultMavenResourcesFiltering - skip non existing resourceDirectory E:\Full-stack\E_commerce\01-Product-Api\src\test\resources
2026-01-21 12:06:45,459 [Worker-77: Updating Maven Project] INFO  o.e.m.c.i.p.ProjectConfigurationManager - Update started
2026-01-21 12:06:45,889 [Worker-77: Updating Maven Project] INFO  o.e.m.c.i.l.LifecycleMappingFactory - Using org.eclipse.m2e.jdt.JarLifecycleMapping lifecycle mapping for MavenProject: com.example:Product_Api:0.0.1-SNAPSHOT @ E:\Full-stack\E_commerce\01-Product-Api\pom.xml.
2026-01-21 12:06:46,186 [Worker-82: Download sources and javadoc] INFO  o.e.m.c.i.e.AbstractTransferListenerAdapter - Downloaded https://repo.maven.apache.org/maven2/org/springframework/cloud/spring-cloud-starter-netflix-eureka-server/4.3.1/spring-cloud-starter-netflix-eureka-server-4.3.1-javadoc.jar
2026-01-21 12:06:46,188 [Worker-82: Download sources and javadoc] ERROR o.e.m.j.internal.DownloadSourcesJob - Could not download javadoc for org.springframework.cloud:spring-cloud-starter-netflix-eureka-server:4.3.1
org.eclipse.core.runtime.CoreException: Could not resolve artifact org.springframework.cloud:spring-cloud-starter-netflix-eureka-server:jar:javadoc:4.3.1
	at org.eclipse.m2e.core.internal.embedder.MavenImpl.lambda$7(MavenImpl.java:540)
	at org.eclipse.m2e.core.internal.embedder.MavenExecutionContext.executeBare(MavenExecutionContext.java:458)
	at org.eclipse.m2e.core.internal.embedder.MavenExecutionContext.execute(MavenExecutionContext.java:292)
	at org.eclipse.m2e.core.internal.embedder.MavenExecutionContext.execute(MavenExecutionContext.java:278)
	at org.eclipse.m2e.core.internal.embedder.MavenImpl.resolve(MavenImpl.java:509)
	at org.eclipse.m2e.core.internal.embedder.MavenImpl.resolve(MavenImpl.java:494)
	at org.eclipse.m2e.jdt.internal.DownloadSourcesJob.download(DownloadSourcesJob.java:308)
	at org.eclipse.m2e.jdt.internal.DownloadSourcesJob.downloadAttachments(DownloadSourcesJob.java:294)
	at org.eclipse.m2e.jdt.internal.DownloadSourcesJob.downloadMaven(DownloadSourcesJob.java:252)
	at org.eclipse.m2e.jdt.internal.DownloadSourcesJob.downloadFilesAndPopulateToUpdate(DownloadSourcesJob.java:220)
	at org.eclipse.m2e.jdt.internal.DownloadSourcesJob.lambda$0(DownloadSourcesJob.java:149)
	at org.eclipse.m2e.core.internal.embedder.MavenExecutionContext.executeBare(MavenExecutionContext.java:458)
	at org.eclipse.m2e.core.internal.embedder.MavenExecutionContext.execute(MavenExecutionContext.java:339)
	at org.eclipse.m2e.core.internal.embedder.MavenExecutionContext.execute(MavenExecutionContext.java:278)
	at org.eclipse.m2e.core.embedder.IMaven.execute(IMaven.java:300)
	at org.eclipse.m2e.jdt.internal.DownloadSourcesJob.run(DownloadSourcesJob.java:149)
	at org.eclipse.core.internal.jobs.Worker.run(Worker.java:63)
2026-01-21 12:06:46,322 [Worker-82: Download sources and javadoc] INFO  o.e.m.c.i.e.AbstractTransferListenerAdapter - Downloading https://repo.maven.apache.org/maven2/org/springframework/cloud/spring-cloud-starter/4.3.1/spring-cloud-starter-4.3.1-javadoc.jar
2026-01-21 12:06:46,358 [Worker-82: Download sources and javadoc] INFO  o.e.m.c.i.e.AbstractTransferListenerAdapter - Downloaded https://repo.maven.apache.org/maven2/org/springframework/cloud/spring-cloud-starter/4.3.1/spring-cloud-starter-4.3.1-javadoc.jar
2026-01-21 12:06:46,361 [Worker-82: Download sources and javadoc] INFO  o.e.m.j.internal.DownloadSourcesJob - Downloaded javadoc for org.springframework.cloud:spring-cloud-starter:4.3.1
2026-01-21 12:06:46,469 [Worker-82: Download sources and javadoc] INFO  o.e.m.c.i.e.AbstractTransferListenerAdapter - Downloaded https://repo.maven.apache.org/maven2/org/springframework/cloud/spring-cloud-starter-loadbalancer/4.3.1/spring-cloud-starter-loadbalancer-4.3.1-javadoc.jar
2026-01-21 12:06:46,472 [Worker-82: Download sources and javadoc] ERROR o.e.m.j.internal.DownloadSourcesJob - Could not download javadoc for org.springframework.cloud:spring-cloud-starter-loadbalancer:4.3.1
org.eclipse.core.runtime.CoreException: Could not resolve artifact org.springframework.cloud:spring-cloud-starter-loadbalancer:jar:javadoc:4.3.1
	at org.eclipse.m2e.core.internal.embedder.MavenImpl.lambda$7(MavenImpl.java:540)
	at org.eclipse.m2e.core.internal.embedder.MavenExecutionContext.executeBare(MavenExecutionContext.java:458)
	at org.eclipse.m2e.core.internal.embedder.MavenExecutionContext.execute(MavenExecutionContext.java:292)
	at org.eclipse.m2e.core.internal.embedder.MavenExecutionContext.execute(MavenExecutionContext.java:278)
	at org.eclipse.m2e.core.internal.embedder.MavenImpl.resolve(MavenImpl.java:509)
	at org.eclipse.m2e.core.internal.embedder.MavenImpl.resolve(MavenImpl.java:494)
	at org.eclipse.m2e.jdt.internal.DownloadSourcesJob.download(DownloadSourcesJob.java:308)
	at org.eclipse.m2e.jdt.internal.DownloadSourcesJob.downloadAttachments(DownloadSourcesJob.java:294)
	at org.eclipse.m2e.jdt.internal.DownloadSourcesJob.downloadMaven(DownloadSourcesJob.java:252)
	at org.eclipse.m2e.jdt.internal.DownloadSourcesJob.downloadFilesAndPopulateToUpdate(DownloadSourcesJob.java:220)
	at org.eclipse.m2e.jdt.internal.DownloadSourcesJob.lambda$0(DownloadSourcesJob.java:149)
	at org.eclipse.m2e.core.internal.embedder.MavenExecutionContext.executeBare(MavenExecutionContext.java:458)
	at org.eclipse.m2e.core.internal.embedder.MavenExecutionContext.execute(MavenExecutionContext.java:339)
	at org.eclipse.m2e.core.internal.embedder.MavenExecutionContext.execute(MavenExecutionContext.java:278)
	at org.eclipse.m2e.core.embedder.IMaven.execute(IMaven.java:300)
	at org.eclipse.m2e.jdt.internal.DownloadSourcesJob.run(DownloadSourcesJob.java:149)
	at org.eclipse.core.internal.jobs.Worker.run(Worker.java:63)
2026-01-21 12:06:46,727 [Worker-77: Updating Maven Project] INFO  o.e.m.j.i.AbstractJavaProjectConfigurator - Adding source folder /01-Product-Api/src/main/java
2026-01-21 12:06:46,727 [Worker-77: Updating Maven Project] INFO  o.e.m.j.i.AbstractJavaProjectConfigurator - Adding resource folder /01-Product-Api/src/main/resources
2026-01-21 12:06:46,728 [Worker-77: Updating Maven Project] INFO  o.e.m.j.i.AbstractJavaProjectConfigurator - Adding resource folder /01-Product-Api/src/main/resources
2026-01-21 12:06:46,728 [Worker-77: Updating Maven Project] INFO  o.e.m.j.i.AbstractJavaProjectConfigurator - Adding source folder /01-Product-Api/src/test/java
2026-01-21 12:06:46,728 [Worker-77: Updating Maven Project] INFO  o.e.m.j.i.AbstractJavaProjectConfigurator - Adding resource folder /01-Product-Api/src/test/resources
2026-01-21 12:06:46,886 [Worker-82: Download sources and javadoc] INFO  o.e.m.c.i.e.AbstractTransferListenerAdapter - Downloaded https://repo.maven.apache.org/maven2/de/codecentric/spring-boot-admin-starter-client/3.5.6/spring-boot-admin-starter-client-3.5.6-sources.jar
2026-01-21 12:06:46,888 [Worker-82: Download sources and javadoc] ERROR o.e.m.j.internal.DownloadSourcesJob - Could not download sources for de.codecentric:spring-boot-admin-starter-client:3.5.6
org.eclipse.core.runtime.CoreException: Could not resolve artifact de.codecentric:spring-boot-admin-starter-client:jar:sources:3.5.6
	at org.eclipse.m2e.core.internal.embedder.MavenImpl.lambda$7(MavenImpl.java:540)
	at org.eclipse.m2e.core.internal.embedder.MavenExecutionContext.executeBare(MavenExecutionContext.java:458)
	at org.eclipse.m2e.core.internal.embedder.MavenExecutionContext.execute(MavenExecutionContext.java:292)
	at org.eclipse.m2e.core.internal.embedder.MavenExecutionContext.execute(MavenExecutionContext.java:278)
	at org.eclipse.m2e.core.internal.embedder.MavenImpl.resolve(MavenImpl.java:509)
	at org.eclipse.m2e.core.internal.embedder.MavenImpl.resolve(MavenImpl.java:494)
	at org.eclipse.m2e.jdt.internal.DownloadSourcesJob.download(DownloadSourcesJob.java:308)
	at org.eclipse.m2e.jdt.internal.DownloadSourcesJob.downloadAttachments(DownloadSourcesJob.java:282)
	at org.eclipse.m2e.jdt.internal.DownloadSourcesJob.downloadMaven(DownloadSourcesJob.java:252)
	at org.eclipse.m2e.jdt.internal.DownloadSourcesJob.downloadFilesAndPopulateToUpdate(DownloadSourcesJob.java:220)
	at org.eclipse.m2e.jdt.internal.DownloadSourcesJob.lambda$0(DownloadSourcesJob.java:149)
	at org.eclipse.m2e.core.internal.embedder.MavenExecutionContext.executeBare(MavenExecutionContext.java:458)
	at org.eclipse.m2e.core.internal.embedder.MavenExecutionContext.execute(MavenExecutionContext.java:339)
	at org.eclipse.m2e.core.internal.embedder.MavenExecutionContext.execute(MavenExecutionContext.java:278)
	at org.eclipse.m2e.core.embedder.IMaven.execute(IMaven.java:300)
	at org.eclipse.m2e.jdt.internal.DownloadSourcesJob.run(DownloadSourcesJob.java:149)
	at org.eclipse.core.internal.jobs.Worker.run(Worker.java:63)
2026-01-21 12:06:47,040 [Worker-82: Download sources and javadoc] INFO  o.e.m.c.i.e.AbstractTransferListenerAdapter - Downloading https://repo.maven.apache.org/maven2/de/codecentric/spring-boot-admin-client/3.5.6/spring-boot-admin-client-3.5.6-sources.jar
2026-01-21 12:06:47,153 [Worker-77: Updating Maven Project] INFO  o.e.m.c.i.p.ProjectConfigurationManager - Update completed for 1 poms: local refresh takes 0.00 sec, refresh facades takes 1.00 sec, update config takes 0.00 sec 
2026-01-21 12:06:47,499 [Worker-83: Building] INFO  o.a.m.s.f.DefaultMavenResourcesFiltering - Copying 1 resource from src\main\resources to target\classes
2026-01-21 12:06:47,509 [Worker-83: Building] INFO  o.a.m.s.f.DefaultMavenResourcesFiltering - Copying 0 resource from src\main\resources to target\classes
2026-01-21 12:06:47,511 [Worker-83: Building] INFO  o.a.m.s.f.DefaultMavenResourcesFiltering - skip non existing resourceDirectory E:\Full-stack\E_commerce\01-Product-Api\src\test\resources
2026-01-21 12:06:47,731 [Worker-82: Download sources and javadoc] INFO  o.e.m.c.i.e.AbstractTransferListenerAdapter - Downloaded https://repo.maven.apache.org/maven2/de/codecentric/spring-boot-admin-client/3.5.6/spring-boot-admin-client-3.5.6-sources.jar
2026-01-21 12:06:47,733 [Worker-82: Download sources and javadoc] INFO  o.e.m.j.internal.DownloadSourcesJob - Downloaded sources for de.codecentric:spring-boot-admin-client:3.5.6
2026-01-21 12:07:13,417 [Worker-84: Building] INFO  o.a.m.s.f.DefaultMavenResourcesFiltering - Copying 1 resource from src\main\resources to target\classes
2026-01-21 12:07:13,422 [Worker-84: Building] INFO  o.a.m.s.f.DefaultMavenResourcesFiltering - Copying 0 resource from src\main\resources to target\classes
2026-01-21 12:07:13,424 [Worker-84: Building] INFO  o.a.m.s.f.DefaultMavenResourcesFiltering - skip non existing resourceDirectory E:\Full-stack\E_commerce\01-Product-Api\src\test\resources
2026-01-21 12:09:02,338 [Worker-77: Building] INFO  o.e.m.c.i.l.LifecycleMappingFactory - Using org.eclipse.m2e.jdt.JarLifecycleMapping lifecycle mapping for MavenProject: com.example:Product_Api:0.0.1-SNAPSHOT @ E:\Full-stack\E_commerce\01-Product-Api\pom.xml.
2026-01-21 12:09:03,107 [Worker-77: Building] INFO  o.e.m.c.i.e.AbstractTransferListenerAdapter - Downloading https://repo.maven.apache.org/maven2/io/zipkin/reporter2/zipkin-reporter-brave/3.5.1/zipkin-reporter-brave-3.5.1.pom
2026-01-21 12:09:03,132 [Worker-77: Building] INFO  o.e.m.c.i.e.AbstractTransferListenerAdapter - Downloaded https://repo.maven.apache.org/maven2/io/zipkin/reporter2/zipkin-reporter-brave/3.5.1/zipkin-reporter-brave-3.5.1.pom
2026-01-21 12:09:03,484 [Worker-77: Building] INFO  o.e.m.c.i.e.AbstractTransferListenerAdapter - Downloading https://repo.maven.apache.org/maven2/io/zipkin/reporter2/zipkin-reporter-parent/3.5.1/zipkin-reporter-parent-3.5.1.pom
2026-01-21 12:09:03,679 [Worker-77: Building] INFO  o.e.m.c.i.e.AbstractTransferListenerAdapter - Downloaded https://repo.maven.apache.org/maven2/io/zipkin/reporter2/zipkin-reporter-parent/3.5.1/zipkin-reporter-parent-3.5.1.pom
2026-01-21 12:09:04,101 [Worker-77: Building] INFO  o.e.m.c.i.e.AbstractTransferListenerAdapter - Downloading https://repo.maven.apache.org/maven2/io/zipkin/reporter2/zipkin-reporter/3.5.1/zipkin-reporter-3.5.1.pom
2026-01-21 12:09:04,131 [Worker-77: Building] INFO  o.e.m.c.i.e.AbstractTransferListenerAdapter - Downloaded https://repo.maven.apache.org/maven2/io/zipkin/reporter2/zipkin-reporter/3.5.1/zipkin-reporter-3.5.1.pom
2026-01-21 12:09:04,956 [Worker-77: Building] INFO  o.e.m.c.i.e.AbstractTransferListenerAdapter - Downloading https://repo.maven.apache.org/maven2/io/zipkin/reporter2/zipkin-reporter-brave/3.5.1/zipkin-reporter-brave-3.5.1.jar
2026-01-21 12:09:05,821 [Worker-77: Building] INFO  o.e.m.c.i.e.AbstractTransferListenerAdapter - Downloaded https://repo.maven.apache.org/maven2/io/zipkin/reporter2/zipkin-reporter-brave/3.5.1/zipkin-reporter-brave-3.5.1.jar
2026-01-21 12:09:06,166 [BasicRepositoryConnector-repo.maven.apache.org-3-0] INFO  o.e.m.c.i.e.AbstractTransferListenerAdapter - Downloading https://repo.maven.apache.org/maven2/io/zipkin/reporter2/zipkin-reporter/3.5.1/zipkin-reporter-3.5.1.jar
2026-01-21 12:09:06,486 [BasicRepositoryConnector-repo.maven.apache.org-3-0] INFO  o.e.m.c.i.e.AbstractTransferListenerAdapter - Downloaded https://repo.maven.apache.org/maven2/io/zipkin/reporter2/zipkin-reporter/3.5.1/zipkin-reporter-3.5.1.jar
2026-01-21 12:09:06,930 [Worker-77: Building] INFO  o.a.m.s.f.DefaultMavenResourcesFiltering - Copying 0 resource from src\main\resources to target\classes
2026-01-21 12:09:06,931 [Worker-77: Building] INFO  o.a.m.s.f.DefaultMavenResourcesFiltering - Copying 0 resource from src\main\resources to target\classes
2026-01-21 12:09:06,934 [Worker-77: Building] INFO  o.a.m.s.f.DefaultMavenResourcesFiltering - skip non existing resourceDirectory E:\Full-stack\E_commerce\01-Product-Api\src\test\resources
2026-01-21 12:09:07,361 [Worker-86: Building] INFO  o.a.m.s.f.DefaultMavenResourcesFiltering - Copying 1 resource from src\main\resources to target\classes
2026-01-21 12:09:07,375 [Worker-86: Building] INFO  o.a.m.s.f.DefaultMavenResourcesFiltering - Copying 0 resource from src\main\resources to target\classes
2026-01-21 12:09:07,378 [Worker-86: Building] INFO  o.a.m.s.f.DefaultMavenResourcesFiltering - skip non existing resourceDirectory E:\Full-stack\E_commerce\01-Product-Api\src\test\resources
2026-01-21 12:09:07,810 [Worker-79: Download sources and javadoc] INFO  o.e.m.c.i.e.AbstractTransferListenerAdapter - Downloading https://repo.maven.apache.org/maven2/io/zipkin/reporter2/zipkin-reporter-brave/3.5.1/zipkin-reporter-brave-3.5.1-sources.jar
2026-01-21 12:09:08,159 [Worker-79: Download sources and javadoc] INFO  o.e.m.c.i.e.AbstractTransferListenerAdapter - Downloaded https://repo.maven.apache.org/maven2/io/zipkin/reporter2/zipkin-reporter-brave/3.5.1/zipkin-reporter-brave-3.5.1-sources.jar
2026-01-21 12:09:08,162 [Worker-79: Download sources and javadoc] INFO  o.e.m.j.internal.DownloadSourcesJob - Downloaded sources for io.zipkin.reporter2:zipkin-reporter-brave:3.5.1
2026-01-21 12:09:08,267 [Worker-79: Download sources and javadoc] INFO  o.e.m.c.i.e.AbstractTransferListenerAdapter - Downloading https://repo.maven.apache.org/maven2/io/zipkin/reporter2/zipkin-reporter/3.5.1/zipkin-reporter-3.5.1-sources.jar
2026-01-21 12:09:08,940 [Worker-79: Download sources and javadoc] INFO  o.e.m.c.i.e.AbstractTransferListenerAdapter - Downloaded https://repo.maven.apache.org/maven2/io/zipkin/reporter2/zipkin-reporter/3.5.1/zipkin-reporter-3.5.1-sources.jar
2026-01-21 12:09:08,943 [Worker-79: Download sources and javadoc] INFO  o.e.m.j.internal.DownloadSourcesJob - Downloaded sources for io.zipkin.reporter2:zipkin-reporter:3.5.1
2026-01-21 12:09:19,139 [Worker-79: Download sources and javadoc] INFO  o.e.m.c.i.e.AbstractTransferListenerAdapter - Downloaded https://repo.maven.apache.org/maven2/de/codecentric/spring-boot-admin-starter-client/3.5.6/spring-boot-admin-starter-client-3.5.6-javadoc.jar
2026-01-21 12:09:19,141 [Worker-79: Download sources and javadoc] ERROR o.e.m.j.internal.DownloadSourcesJob - Could not download javadoc for de.codecentric:spring-boot-admin-starter-client:3.5.6
org.eclipse.core.runtime.CoreException: Could not resolve artifact de.codecentric:spring-boot-admin-starter-client:jar:javadoc:3.5.6
	at org.eclipse.m2e.core.internal.embedder.MavenImpl.lambda$7(MavenImpl.java:540)
	at org.eclipse.m2e.core.internal.embedder.MavenExecutionContext.executeBare(MavenExecutionContext.java:458)
	at org.eclipse.m2e.core.internal.embedder.MavenExecutionContext.execute(MavenExecutionContext.java:292)
	at org.eclipse.m2e.core.internal.embedder.MavenExecutionContext.execute(MavenExecutionContext.java:278)
	at org.eclipse.m2e.core.internal.embedder.MavenImpl.resolve(MavenImpl.java:509)
	at org.eclipse.m2e.core.internal.embedder.MavenImpl.resolve(MavenImpl.java:494)
	at org.eclipse.m2e.jdt.internal.DownloadSourcesJob.download(DownloadSourcesJob.java:308)
	at org.eclipse.m2e.jdt.internal.DownloadSourcesJob.downloadAttachments(DownloadSourcesJob.java:294)
	at org.eclipse.m2e.jdt.internal.DownloadSourcesJob.downloadMaven(DownloadSourcesJob.java:252)
	at org.eclipse.m2e.jdt.internal.DownloadSourcesJob.downloadFilesAndPopulateToUpdate(DownloadSourcesJob.java:220)
	at org.eclipse.m2e.jdt.internal.DownloadSourcesJob.lambda$0(DownloadSourcesJob.java:149)
	at org.eclipse.m2e.core.internal.embedder.MavenExecutionContext.executeBare(MavenExecutionContext.java:458)
	at org.eclipse.m2e.core.internal.embedder.MavenExecutionContext.execute(MavenExecutionContext.java:339)
	at org.eclipse.m2e.core.internal.embedder.MavenExecutionContext.execute(MavenExecutionContext.java:278)
	at org.eclipse.m2e.core.embedder.IMaven.execute(IMaven.java:300)
	at org.eclipse.m2e.jdt.internal.DownloadSourcesJob.run(DownloadSourcesJob.java:149)
	at org.eclipse.core.internal.jobs.Worker.run(Worker.java:63)
2026-01-21 12:14:27,974 [Worker-85: Building] INFO  o.a.m.s.f.DefaultMavenResourcesFiltering - Copying 1 resource from src\main\resources to target\classes
2026-01-21 12:14:27,992 [Worker-85: Building] INFO  o.a.m.s.f.DefaultMavenResourcesFiltering - Copying 0 resource from src\main\resources to target\classes
2026-01-21 12:14:27,997 [Worker-85: Building] INFO  o.a.m.s.f.DefaultMavenResourcesFiltering - skip non existing resourceDirectory E:\Full-stack\E_commerce\01-Product-Api\src\test\resources
2026-01-21 12:19:22,708 [Worker-77: Building] INFO  o.a.m.s.f.DefaultMavenResourcesFiltering - Copying 1 resource from src\main\resources to target\classes
2026-01-21 12:19:22,713 [Worker-77: Building] INFO  o.a.m.s.f.DefaultMavenResourcesFiltering - Copying 0 resource from src\main\resources to target\classes
2026-01-21 12:19:22,715 [Worker-77: Building] INFO  o.a.m.s.f.DefaultMavenResourcesFiltering - skip non existing resourceDirectory E:\Full-stack\E_commerce\01-Product-Api\src\test\resources
2026-01-21 12:19:59,517 [Worker-93: Building] INFO  o.e.m.c.i.l.LifecycleMappingFactory - Using org.eclipse.m2e.jdt.JarLifecycleMapping lifecycle mapping for MavenProject: com.example:Product_Api:0.0.1-SNAPSHOT @ E:\Full-stack\E_commerce\01-Product-Api\pom.xml.
2026-01-21 12:20:00,329 [Worker-93: Building] INFO  o.a.m.s.f.DefaultMavenResourcesFiltering - Copying 0 resource from src\main\resources to target\classes
2026-01-21 12:20:00,330 [Worker-93: Building] INFO  o.a.m.s.f.DefaultMavenResourcesFiltering - Copying 0 resource from src\main\resources to target\classes
2026-01-21 12:20:00,332 [Worker-93: Building] INFO  o.a.m.s.f.DefaultMavenResourcesFiltering - skip non existing resourceDirectory E:\Full-stack\E_commerce\01-Product-Api\src\test\resources
2026-01-21 12:20:01,635 [Worker-90: Building] INFO  o.a.m.s.f.DefaultMavenResourcesFiltering - Copying 1 resource from src\main\resources to target\classes
2026-01-21 12:20:01,651 [Worker-90: Building] INFO  o.a.m.s.f.DefaultMavenResourcesFiltering - Copying 0 resource from src\main\resources to target\classes
2026-01-21 12:20:01,653 [Worker-90: Building] INFO  o.a.m.s.f.DefaultMavenResourcesFiltering - skip non existing resourceDirectory E:\Full-stack\E_commerce\01-Product-Api\src\test\resources
2026-01-21 12:23:56,808 [Worker-91: Building] INFO  o.e.m.c.i.l.LifecycleMappingFactory - Using org.eclipse.m2e.jdt.JarLifecycleMapping lifecycle mapping for MavenProject: com.example:Product_Api:0.0.1-SNAPSHOT @ E:\Full-stack\E_commerce\01-Product-Api\pom.xml.
2026-01-21 12:23:57,049 [Worker-91: Building] INFO  o.e.m.c.i.e.AbstractTransferListenerAdapter - Downloading https://repo.maven.apache.org/maven2/org/springframework/cloud/spring-cloud-starter-netflix-eureka-client/4.3.1/spring-cloud-starter-netflix-eureka-client-4.3.1.pom
2026-01-21 12:23:57,074 [Worker-91: Building] INFO  o.e.m.c.i.e.AbstractTransferListenerAdapter - Downloaded https://repo.maven.apache.org/maven2/org/springframework/cloud/spring-cloud-starter-netflix-eureka-client/4.3.1/spring-cloud-starter-netflix-eureka-client-4.3.1.pom
2026-01-21 12:23:57,408 [Worker-91: Building] INFO  o.e.m.c.i.e.AbstractTransferListenerAdapter - Downloading https://repo.maven.apache.org/maven2/org/springframework/cloud/spring-cloud-starter-netflix-eureka-client/4.3.1/spring-cloud-starter-netflix-eureka-client-4.3.1.jar
2026-01-21 12:23:57,456 [Worker-91: Building] INFO  o.e.m.c.i.e.AbstractTransferListenerAdapter - Downloaded https://repo.maven.apache.org/maven2/org/springframework/cloud/spring-cloud-starter-netflix-eureka-client/4.3.1/spring-cloud-starter-netflix-eureka-client-4.3.1.jar
2026-01-21 12:23:58,006 [Worker-91: Building] INFO  o.a.m.s.f.DefaultMavenResourcesFiltering - Copying 0 resource from src\main\resources to target\classes
2026-01-21 12:23:58,006 [Worker-91: Building] INFO  o.a.m.s.f.DefaultMavenResourcesFiltering - Copying 0 resource from src\main\resources to target\classes
2026-01-21 12:23:58,008 [Worker-91: Building] INFO  o.a.m.s.f.DefaultMavenResourcesFiltering - skip non existing resourceDirectory E:\Full-stack\E_commerce\01-Product-Api\src\test\resources
2026-01-21 12:23:58,610 [Worker-106: Building] INFO  o.a.m.s.f.DefaultMavenResourcesFiltering - Copying 1 resource from src\main\resources to target\classes
2026-01-21 12:23:58,622 [Worker-106: Building] INFO  o.a.m.s.f.DefaultMavenResourcesFiltering - Copying 0 resource from src\main\resources to target\classes
2026-01-21 12:23:58,624 [Worker-106: Building] INFO  o.a.m.s.f.DefaultMavenResourcesFiltering - skip non existing resourceDirectory E:\Full-stack\E_commerce\01-Product-Api\src\test\resources
2026-01-21 12:23:59,033 [Worker-102: Download sources and javadoc] INFO  o.e.m.c.i.e.AbstractTransferListenerAdapter - Downloaded https://repo.maven.apache.org/maven2/org/springframework/cloud/spring-cloud-starter-netflix-eureka-client/4.3.1/spring-cloud-starter-netflix-eureka-client-4.3.1-sources.jar
2026-01-21 12:23:59,035 [Worker-102: Download sources and javadoc] ERROR o.e.m.j.internal.DownloadSourcesJob - Could not download sources for org.springframework.cloud:spring-cloud-starter-netflix-eureka-client:4.3.1
org.eclipse.core.runtime.CoreException: Could not resolve artifact org.springframework.cloud:spring-cloud-starter-netflix-eureka-client:jar:sources:4.3.1
	at org.eclipse.m2e.core.internal.embedder.MavenImpl.lambda$7(MavenImpl.java:540)
	at org.eclipse.m2e.core.internal.embedder.MavenExecutionContext.executeBare(MavenExecutionContext.java:458)
	at org.eclipse.m2e.core.internal.embedder.MavenExecutionContext.execute(MavenExecutionContext.java:292)
	at org.eclipse.m2e.core.internal.embedder.MavenExecutionContext.execute(MavenExecutionContext.java:278)
	at org.eclipse.m2e.core.internal.embedder.MavenImpl.resolve(MavenImpl.java:509)
	at org.eclipse.m2e.core.internal.embedder.MavenImpl.resolve(MavenImpl.java:494)
	at org.eclipse.m2e.jdt.internal.DownloadSourcesJob.download(DownloadSourcesJob.java:308)
	at org.eclipse.m2e.jdt.internal.DownloadSourcesJob.downloadAttachments(DownloadSourcesJob.java:282)
	at org.eclipse.m2e.jdt.internal.DownloadSourcesJob.downloadMaven(DownloadSourcesJob.java:252)
	at org.eclipse.m2e.jdt.internal.DownloadSourcesJob.downloadFilesAndPopulateToUpdate(DownloadSourcesJob.java:220)
	at org.eclipse.m2e.jdt.internal.DownloadSourcesJob.lambda$0(DownloadSourcesJob.java:149)
	at org.eclipse.m2e.core.internal.embedder.MavenExecutionContext.executeBare(MavenExecutionContext.java:458)
	at org.eclipse.m2e.core.internal.embedder.MavenExecutionContext.execute(MavenExecutionContext.java:339)
	at org.eclipse.m2e.core.internal.embedder.MavenExecutionContext.execute(MavenExecutionContext.java:278)
	at org.eclipse.m2e.core.embedder.IMaven.execute(IMaven.java:300)
	at org.eclipse.m2e.jdt.internal.DownloadSourcesJob.run(DownloadSourcesJob.java:149)
	at org.eclipse.core.internal.jobs.Worker.run(Worker.java:63)
2026-01-21 12:24:08,880 [Worker-91: Download sources and javadoc] INFO  o.e.m.c.i.e.AbstractTransferListenerAdapter - Downloaded https://repo.maven.apache.org/maven2/org/springframework/cloud/spring-cloud-starter-netflix-eureka-client/4.3.1/spring-cloud-starter-netflix-eureka-client-4.3.1-javadoc.jar
2026-01-21 12:24:08,883 [Worker-91: Download sources and javadoc] ERROR o.e.m.j.internal.DownloadSourcesJob - Could not download javadoc for org.springframework.cloud:spring-cloud-starter-netflix-eureka-client:4.3.1
org.eclipse.core.runtime.CoreException: Could not resolve artifact org.springframework.cloud:spring-cloud-starter-netflix-eureka-client:jar:javadoc:4.3.1
	at org.eclipse.m2e.core.internal.embedder.MavenImpl.lambda$7(MavenImpl.java:540)
	at org.eclipse.m2e.core.internal.embedder.MavenExecutionContext.executeBare(MavenExecutionContext.java:458)
	at org.eclipse.m2e.core.internal.embedder.MavenExecutionContext.execute(MavenExecutionContext.java:292)
	at org.eclipse.m2e.core.internal.embedder.MavenExecutionContext.execute(MavenExecutionContext.java:278)
	at org.eclipse.m2e.core.internal.embedder.MavenImpl.resolve(MavenImpl.java:509)
	at org.eclipse.m2e.core.internal.embedder.MavenImpl.resolve(MavenImpl.java:494)
	at org.eclipse.m2e.jdt.internal.DownloadSourcesJob.download(DownloadSourcesJob.java:308)
	at org.eclipse.m2e.jdt.internal.DownloadSourcesJob.downloadAttachments(DownloadSourcesJob.java:294)
	at org.eclipse.m2e.jdt.internal.DownloadSourcesJob.downloadMaven(DownloadSourcesJob.java:252)
	at org.eclipse.m2e.jdt.internal.DownloadSourcesJob.downloadFilesAndPopulateToUpdate(DownloadSourcesJob.java:220)
	at org.eclipse.m2e.jdt.internal.DownloadSourcesJob.lambda$0(DownloadSourcesJob.java:149)
	at org.eclipse.m2e.core.internal.embedder.MavenExecutionContext.executeBare(MavenExecutionContext.java:458)
	at org.eclipse.m2e.core.internal.embedder.MavenExecutionContext.execute(MavenExecutionContext.java:339)
	at org.eclipse.m2e.core.internal.embedder.MavenExecutionContext.execute(MavenExecutionContext.java:278)
	at org.eclipse.m2e.core.embedder.IMaven.execute(IMaven.java:300)
	at org.eclipse.m2e.jdt.internal.DownloadSourcesJob.run(DownloadSourcesJob.java:149)
	at org.eclipse.core.internal.jobs.Worker.run(Worker.java:63)
2026-01-21 12:27:58,608 [Worker-94: Building] INFO  o.e.m.c.i.l.LifecycleMappingFactory - Using org.eclipse.m2e.jdt.JarLifecycleMapping lifecycle mapping for MavenProject: in.ashokit:06-Ecom-AdminServer:0.0.1-SNAPSHOT @ E:\Full-stack\E_commerce\06-Ecom-AdminServer\pom.xml.
2026-01-21 12:28:50,825 [Worker-53: Building] INFO  o.e.m.c.i.l.LifecycleMappingFactory - Using org.eclipse.m2e.jdt.JarLifecycleMapping lifecycle mapping for MavenProject: in.ashokit:06-Ecom-AdminServer:0.0.1-SNAPSHOT @ E:\Full-stack\E_commerce\06-Ecom-AdminServer\pom.xml.
2026-01-21 12:28:51,264 [Worker-53: Building] INFO  o.a.m.s.f.DefaultMavenResourcesFiltering - Copying 1 resource from src\main\resources to target\classes
2026-01-21 12:28:51,275 [Worker-53: Building] INFO  o.a.m.s.f.DefaultMavenResourcesFiltering - Copying 0 resource from src\main\resources to target\classes
2026-01-21 12:28:51,277 [Worker-53: Building] INFO  o.a.m.s.f.DefaultMavenResourcesFiltering - skip non existing resourceDirectory E:\Full-stack\E_commerce\06-Ecom-AdminServer\src\test\resources
2026-01-21 12:29:00,917 [Worker-107: Building] INFO  o.e.m.c.i.l.LifecycleMappingFactory - Using org.eclipse.m2e.jdt.JarLifecycleMapping lifecycle mapping for MavenProject: in.ashokit:06-Ecom-AdminServer:0.0.1-SNAPSHOT @ E:\Full-stack\E_commerce\06-Ecom-AdminServer\pom.xml.
2026-01-21 12:30:16,927 [Worker-94: Building] INFO  o.e.m.c.i.l.LifecycleMappingFactory - Using org.eclipse.m2e.jdt.JarLifecycleMapping lifecycle mapping for MavenProject: com.example:Product_Api:0.0.1-SNAPSHOT @ E:\Full-stack\E_commerce\01-Product-Api\pom.xml.
2026-01-21 12:30:17,660 [Worker-94: Building] INFO  o.a.m.s.f.DefaultMavenResourcesFiltering - Copying 0 resource from src\main\resources to target\classes
2026-01-21 12:30:17,660 [Worker-94: Building] INFO  o.a.m.s.f.DefaultMavenResourcesFiltering - Copying 0 resource from src\main\resources to target\classes
2026-01-21 12:30:17,663 [Worker-94: Building] INFO  o.a.m.s.f.DefaultMavenResourcesFiltering - skip non existing resourceDirectory E:\Full-stack\E_commerce\01-Product-Api\src\test\resources
2026-01-21 12:30:49,510 [Worker-107: Launching Executing verify in E__Full-stack_E_commerce_01-Product-Api] INFO  o.eclipse.m2e.core.internal.Bundles - getClasspathEntries(Bundle=org.eclipse.m2e.maven.runtime_3.9.700.20240602-2313 [359])
2026-01-21 12:30:49,510 [Worker-107: Launching Executing verify in E__Full-stack_E_commerce_01-Product-Api] INFO  o.eclipse.m2e.core.internal.Bundles - 	Entry: D:\Java Software\Sboot\sts-4.24.0.RELEASE\plugins\org.eclipse.m2e.maven.runtime_3.9.700.20240602-2313
2026-01-21 12:30:49,510 [Worker-107: Launching Executing verify in E__Full-stack_E_commerce_01-Product-Api] INFO  o.eclipse.m2e.core.internal.Bundles - 	Entry: D:\Java Software\Sboot\sts-4.24.0.RELEASE\plugins\org.eclipse.m2e.maven.runtime_3.9.700.20240602-2313\jars\aopalliance-1.0.jar
2026-01-21 12:30:49,510 [Worker-107: Launching Executing verify in E__Full-stack_E_commerce_01-Product-Api] INFO  o.eclipse.m2e.core.internal.Bundles - 	Entry: D:\Java Software\Sboot\sts-4.24.0.RELEASE\plugins\org.eclipse.m2e.maven.runtime_3.9.700.20240602-2313\jars\guice-5.1.0.jar
2026-01-21 12:30:49,510 [Worker-107: Launching Executing verify in E__Full-stack_E_commerce_01-Product-Api] INFO  o.eclipse.m2e.core.internal.Bundles - 	Entry: D:\Java Software\Sboot\sts-4.24.0.RELEASE\plugins\org.eclipse.m2e.maven.runtime_3.9.700.20240602-2313\jars\httpclient-4.5.14.jar
2026-01-21 12:30:49,510 [Worker-107: Launching Executing verify in E__Full-stack_E_commerce_01-Product-Api] INFO  o.eclipse.m2e.core.internal.Bundles - 	Entry: D:\Java Software\Sboot\sts-4.24.0.RELEASE\plugins\org.eclipse.m2e.maven.runtime_3.9.700.20240602-2313\jars\httpcore-4.4.16.jar
2026-01-21 12:30:49,512 [Worker-107: Launching Executing verify in E__Full-stack_E_commerce_01-Product-Api] INFO  o.eclipse.m2e.core.internal.Bundles - 	Entry: D:\Java Software\Sboot\sts-4.24.0.RELEASE\plugins\org.eclipse.m2e.maven.runtime_3.9.700.20240602-2313\jars\jansi-2.4.1.jar
2026-01-21 12:30:49,512 [Worker-107: Launching Executing verify in E__Full-stack_E_commerce_01-Product-Api] INFO  o.eclipse.m2e.core.internal.Bundles - 	Entry: D:\Java Software\Sboot\sts-4.24.0.RELEASE\plugins\org.eclipse.m2e.maven.runtime_3.9.700.20240602-2313\jars\jcl-over-slf4j-1.7.36.jar
2026-01-21 12:30:49,512 [Worker-107: Launching Executing verify in E__Full-stack_E_commerce_01-Product-Api] INFO  o.eclipse.m2e.core.internal.Bundles - 	Entry: D:\Java Software\Sboot\sts-4.24.0.RELEASE\plugins\org.eclipse.m2e.maven.runtime_3.9.700.20240602-2313\jars\maven-artifact-3.9.7.jar
2026-01-21 12:30:49,512 [Worker-107: Launching Executing verify in E__Full-stack_E_commerce_01-Product-Api] INFO  o.eclipse.m2e.core.internal.Bundles - 	Entry: D:\Java Software\Sboot\sts-4.24.0.RELEASE\plugins\org.eclipse.m2e.maven.runtime_3.9.700.20240602-2313\jars\maven-builder-support-3.9.7.jar
2026-01-21 12:30:49,512 [Worker-107: Launching Executing verify in E__Full-stack_E_commerce_01-Product-Api] INFO  o.eclipse.m2e.core.internal.Bundles - 	Entry: D:\Java Software\Sboot\sts-4.24.0.RELEASE\plugins\org.eclipse.m2e.maven.runtime_3.9.700.20240602-2313\jars\maven-compat-3.9.7.jar
2026-01-21 12:30:49,512 [Worker-107: Launching Executing verify in E__Full-stack_E_commerce_01-Product-Api] INFO  o.eclipse.m2e.core.internal.Bundles - 	Entry: D:\Java Software\Sboot\sts-4.24.0.RELEASE\plugins\org.eclipse.m2e.maven.runtime_3.9.700.20240602-2313\jars\maven-core-3.9.7.jar
2026-01-21 12:30:49,512 [Worker-107: Launching Executing verify in E__Full-stack_E_commerce_01-Product-Api] INFO  o.eclipse.m2e.core.internal.Bundles - 	Entry: D:\Java Software\Sboot\sts-4.24.0.RELEASE\plugins\org.eclipse.m2e.maven.runtime_3.9.700.20240602-2313\jars\maven-embedder-3.9.7.jar
2026-01-21 12:30:49,512 [Worker-107: Launching Executing verify in E__Full-stack_E_commerce_01-Product-Api] INFO  o.eclipse.m2e.core.internal.Bundles - 	Entry: D:\Java Software\Sboot\sts-4.24.0.RELEASE\plugins\org.eclipse.m2e.maven.runtime_3.9.700.20240602-2313\jars\maven-model-3.9.7.jar
2026-01-21 12:30:49,512 [Worker-107: Launching Executing verify in E__Full-stack_E_commerce_01-Product-Api] INFO  o.eclipse.m2e.core.internal.Bundles - 	Entry: D:\Java Software\Sboot\sts-4.24.0.RELEASE\plugins\org.eclipse.m2e.maven.runtime_3.9.700.20240602-2313\jars\maven-model-builder-3.9.7.jar
2026-01-21 12:30:49,512 [Worker-107: Launching Executing verify in E__Full-stack_E_commerce_01-Product-Api] INFO  o.eclipse.m2e.core.internal.Bundles - 	Entry: D:\Java Software\Sboot\sts-4.24.0.RELEASE\plugins\org.eclipse.m2e.maven.runtime_3.9.700.20240602-2313\jars\maven-plugin-api-3.9.7.jar
2026-01-21 12:30:49,512 [Worker-107: Launching Executing verify in E__Full-stack_E_commerce_01-Product-Api] INFO  o.eclipse.m2e.core.internal.Bundles - 	Entry: D:\Java Software\Sboot\sts-4.24.0.RELEASE\plugins\org.eclipse.m2e.maven.runtime_3.9.700.20240602-2313\jars\maven-repository-metadata-3.9.7.jar
2026-01-21 12:30:49,512 [Worker-107: Launching Executing verify in E__Full-stack_E_commerce_01-Product-Api] INFO  o.eclipse.m2e.core.internal.Bundles - 	Entry: D:\Java Software\Sboot\sts-4.24.0.RELEASE\plugins\org.eclipse.m2e.maven.runtime_3.9.700.20240602-2313\jars\maven-resolver-api-1.9.20.jar
2026-01-21 12:30:49,512 [Worker-107: Launching Executing verify in E__Full-stack_E_commerce_01-Product-Api] INFO  o.eclipse.m2e.core.internal.Bundles - 	Entry: D:\Java Software\Sboot\sts-4.24.0.RELEASE\plugins\org.eclipse.m2e.maven.runtime_3.9.700.20240602-2313\jars\maven-resolver-connector-basic-1.9.20.jar
2026-01-21 12:30:49,512 [Worker-107: Launching Executing verify in E__Full-stack_E_commerce_01-Product-Api] INFO  o.eclipse.m2e.core.internal.Bundles - 	Entry: D:\Java Software\Sboot\sts-4.24.0.RELEASE\plugins\org.eclipse.m2e.maven.runtime_3.9.700.20240602-2313\jars\maven-resolver-impl-1.9.20.jar
2026-01-21 12:30:49,512 [Worker-107: Launching Executing verify in E__Full-stack_E_commerce_01-Product-Api] INFO  o.eclipse.m2e.core.internal.Bundles - 	Entry: D:\Java Software\Sboot\sts-4.24.0.RELEASE\plugins\org.eclipse.m2e.maven.runtime_3.9.700.20240602-2313\jars\maven-resolver-named-locks-1.9.20.jar
2026-01-21 12:30:49,512 [Worker-107: Launching Executing verify in E__Full-stack_E_commerce_01-Product-Api] INFO  o.eclipse.m2e.core.internal.Bundles - 	Entry: D:\Java Software\Sboot\sts-4.24.0.RELEASE\plugins\org.eclipse.m2e.maven.runtime_3.9.700.20240602-2313\jars\maven-resolver-provider-3.9.7.jar
2026-01-21 12:30:49,512 [Worker-107: Launching Executing verify in E__Full-stack_E_commerce_01-Product-Api] INFO  o.eclipse.m2e.core.internal.Bundles - 	Entry: D:\Java Software\Sboot\sts-4.24.0.RELEASE\plugins\org.eclipse.m2e.maven.runtime_3.9.700.20240602-2313\jars\maven-resolver-spi-1.9.20.jar
2026-01-21 12:30:49,512 [Worker-107: Launching Executing verify in E__Full-stack_E_commerce_01-Product-Api] INFO  o.eclipse.m2e.core.internal.Bundles - 	Entry: D:\Java Software\Sboot\sts-4.24.0.RELEASE\plugins\org.eclipse.m2e.maven.runtime_3.9.700.20240602-2313\jars\maven-resolver-transport-file-1.9.20.jar
2026-01-21 12:30:49,512 [Worker-107: Launching Executing verify in E__Full-stack_E_commerce_01-Product-Api] INFO  o.eclipse.m2e.core.internal.Bundles - 	Entry: D:\Java Software\Sboot\sts-4.24.0.RELEASE\plugins\org.eclipse.m2e.maven.runtime_3.9.700.20240602-2313\jars\maven-resolver-transport-http-1.9.20.jar
2026-01-21 12:30:49,512 [Worker-107: Launching Executing verify in E__Full-stack_E_commerce_01-Product-Api] INFO  o.eclipse.m2e.core.internal.Bundles - 	Entry: D:\Java Software\Sboot\sts-4.24.0.RELEASE\plugins\org.eclipse.m2e.maven.runtime_3.9.700.20240602-2313\jars\maven-resolver-transport-wagon-1.9.20.jar
2026-01-21 12:30:49,512 [Worker-107: Launching Executing verify in E__Full-stack_E_commerce_01-Product-Api] INFO  o.eclipse.m2e.core.internal.Bundles - 	Entry: D:\Java Software\Sboot\sts-4.24.0.RELEASE\plugins\org.eclipse.m2e.maven.runtime_3.9.700.20240602-2313\jars\maven-resolver-util-1.9.20.jar
2026-01-21 12:30:49,512 [Worker-107: Launching Executing verify in E__Full-stack_E_commerce_01-Product-Api] INFO  o.eclipse.m2e.core.internal.Bundles - 	Entry: D:\Java Software\Sboot\sts-4.24.0.RELEASE\plugins\org.eclipse.m2e.maven.runtime_3.9.700.20240602-2313\jars\maven-settings-3.9.7.jar
2026-01-21 12:30:49,512 [Worker-107: Launching Executing verify in E__Full-stack_E_commerce_01-Product-Api] INFO  o.eclipse.m2e.core.internal.Bundles - 	Entry: D:\Java Software\Sboot\sts-4.24.0.RELEASE\plugins\org.eclipse.m2e.maven.runtime_3.9.700.20240602-2313\jars\maven-settings-builder-3.9.7.jar
2026-01-21 12:30:49,512 [Worker-107: Launching Executing verify in E__Full-stack_E_commerce_01-Product-Api] INFO  o.eclipse.m2e.core.internal.Bundles - 	Entry: D:\Java Software\Sboot\sts-4.24.0.RELEASE\plugins\org.eclipse.m2e.maven.runtime_3.9.700.20240602-2313\jars\maven-shared-utils-3.4.2.jar
2026-01-21 12:30:49,512 [Worker-107: Launching Executing verify in E__Full-stack_E_commerce_01-Product-Api] INFO  o.eclipse.m2e.core.internal.Bundles - 	Entry: D:\Java Software\Sboot\sts-4.24.0.RELEASE\plugins\org.eclipse.m2e.maven.runtime_3.9.700.20240602-2313\jars\org.eclipse.sisu.inject-0.9.0.M2.jar
2026-01-21 12:30:49,512 [Worker-107: Launching Executing verify in E__Full-stack_E_commerce_01-Product-Api] INFO  o.eclipse.m2e.core.internal.Bundles - 	Entry: D:\Java Software\Sboot\sts-4.24.0.RELEASE\plugins\org.eclipse.m2e.maven.runtime_3.9.700.20240602-2313\jars\org.eclipse.sisu.plexus-0.9.0.M2.jar
2026-01-21 12:30:49,512 [Worker-107: Launching Executing verify in E__Full-stack_E_commerce_01-Product-Api] INFO  o.eclipse.m2e.core.internal.Bundles - 	Entry: D:\Java Software\Sboot\sts-4.24.0.RELEASE\plugins\org.eclipse.m2e.maven.runtime_3.9.700.20240602-2313\jars\plexus-build-api-0.0.7.jar
2026-01-21 12:30:49,512 [Worker-107: Launching Executing verify in E__Full-stack_E_commerce_01-Product-Api] INFO  o.eclipse.m2e.core.internal.Bundles - 	Entry: D:\Java Software\Sboot\sts-4.24.0.RELEASE\plugins\org.eclipse.m2e.maven.runtime_3.9.700.20240602-2313\jars\plexus-build-api-1.2.0.jar
2026-01-21 12:30:49,512 [Worker-107: Launching Executing verify in E__Full-stack_E_commerce_01-Product-Api] INFO  o.eclipse.m2e.core.internal.Bundles - 	Entry: D:\Java Software\Sboot\sts-4.24.0.RELEASE\plugins\org.eclipse.m2e.maven.runtime_3.9.700.20240602-2313\jars\plexus-cipher-2.0.jar
2026-01-21 12:30:49,512 [Worker-107: Launching Executing verify in E__Full-stack_E_commerce_01-Product-Api] INFO  o.eclipse.m2e.core.internal.Bundles - 	Entry: D:\Java Software\Sboot\sts-4.24.0.RELEASE\plugins\org.eclipse.m2e.maven.runtime_3.9.700.20240602-2313\jars\plexus-classworlds-2.8.0.jar
2026-01-21 12:30:49,512 [Worker-107: Launching Executing verify in E__Full-stack_E_commerce_01-Product-Api] INFO  o.eclipse.m2e.core.internal.Bundles - 	Entry: D:\Java Software\Sboot\sts-4.24.0.RELEASE\plugins\org.eclipse.m2e.maven.runtime_3.9.700.20240602-2313\jars\plexus-component-annotations-2.1.0.jar
2026-01-21 12:30:49,512 [Worker-107: Launching Executing verify in E__Full-stack_E_commerce_01-Product-Api] INFO  o.eclipse.m2e.core.internal.Bundles - 	Entry: D:\Java Software\Sboot\sts-4.24.0.RELEASE\plugins\org.eclipse.m2e.maven.runtime_3.9.700.20240602-2313\jars\plexus-interpolation-1.27.jar
2026-01-21 12:30:49,512 [Worker-107: Launching Executing verify in E__Full-stack_E_commerce_01-Product-Api] INFO  o.eclipse.m2e.core.internal.Bundles - 	Entry: D:\Java Software\Sboot\sts-4.24.0.RELEASE\plugins\org.eclipse.m2e.maven.runtime_3.9.700.20240602-2313\jars\plexus-sec-dispatcher-2.0.jar
2026-01-21 12:30:49,512 [Worker-107: Launching Executing verify in E__Full-stack_E_commerce_01-Product-Api] INFO  o.eclipse.m2e.core.internal.Bundles - 	Entry: D:\Java Software\Sboot\sts-4.24.0.RELEASE\plugins\org.eclipse.m2e.maven.runtime_3.9.700.20240602-2313\jars\plexus-utils-3.5.1.jar
2026-01-21 12:30:49,512 [Worker-107: Launching Executing verify in E__Full-stack_E_commerce_01-Product-Api] INFO  o.eclipse.m2e.core.internal.Bundles - 	Entry: D:\Java Software\Sboot\sts-4.24.0.RELEASE\plugins\org.eclipse.m2e.maven.runtime_3.9.700.20240602-2313\jars\wagon-file-3.5.3.jar
2026-01-21 12:30:49,512 [Worker-107: Launching Executing verify in E__Full-stack_E_commerce_01-Product-Api] INFO  o.eclipse.m2e.core.internal.Bundles - 	Entry: D:\Java Software\Sboot\sts-4.24.0.RELEASE\plugins\org.eclipse.m2e.maven.runtime_3.9.700.20240602-2313\jars\wagon-http-3.5.3.jar
2026-01-21 12:30:49,512 [Worker-107: Launching Executing verify in E__Full-stack_E_commerce_01-Product-Api] INFO  o.eclipse.m2e.core.internal.Bundles - 	Entry: D:\Java Software\Sboot\sts-4.24.0.RELEASE\plugins\org.eclipse.m2e.maven.runtime_3.9.700.20240602-2313\jars\wagon-http-shared-3.5.3.jar
2026-01-21 12:30:49,513 [Worker-107: Launching Executing verify in E__Full-stack_E_commerce_01-Product-Api] INFO  o.eclipse.m2e.core.internal.Bundles - 	Entry: D:\Java Software\Sboot\sts-4.24.0.RELEASE\plugins\org.eclipse.m2e.maven.runtime_3.9.700.20240602-2313\jars\wagon-provider-api-3.5.3.jar
2026-01-21 12:30:49,513 [Worker-107: Launching Executing verify in E__Full-stack_E_commerce_01-Product-Api] INFO  o.eclipse.m2e.core.internal.Bundles - getClasspathEntries(Bundle=com.google.guava_33.2.0.jre [29])
2026-01-21 12:30:49,513 [Worker-107: Launching Executing verify in E__Full-stack_E_commerce_01-Product-Api] INFO  o.eclipse.m2e.core.internal.Bundles - 	Entry: D:\Java Software\Sboot\sts-4.24.0.RELEASE\plugins\com.google.guava_33.2.0.jre.jar
2026-01-21 12:30:49,513 [Worker-107: Launching Executing verify in E__Full-stack_E_commerce_01-Product-Api] INFO  o.eclipse.m2e.core.internal.Bundles - getClasspathEntries(Bundle=slf4j.api_2.0.13 [592])
2026-01-21 12:30:49,513 [Worker-107: Launching Executing verify in E__Full-stack_E_commerce_01-Product-Api] INFO  o.eclipse.m2e.core.internal.Bundles - 	Entry: D:\Java Software\Sboot\sts-4.24.0.RELEASE\plugins\slf4j.api_2.0.13.jar
2026-01-21 12:30:49,513 [Worker-107: Launching Executing verify in E__Full-stack_E_commerce_01-Product-Api] INFO  o.eclipse.m2e.core.internal.Bundles - getClasspathEntries(Bundle=jakarta.inject.jakarta.inject-api_1.0.5 [44])
2026-01-21 12:30:49,514 [Worker-107: Launching Executing verify in E__Full-stack_E_commerce_01-Product-Api] INFO  o.eclipse.m2e.core.internal.Bundles - 	Entry: D:\Java Software\Sboot\sts-4.24.0.RELEASE\plugins\jakarta.inject.jakarta.inject-api_1.0.5.jar
2026-01-21 12:30:49,514 [Worker-107: Launching Executing verify in E__Full-stack_E_commerce_01-Product-Api] INFO  o.eclipse.m2e.core.internal.Bundles - getClasspathEntries(Bundle=javax.annotation_1.3.5.v20200909-1856 [53])
2026-01-21 12:30:49,514 [Worker-107: Launching Executing verify in E__Full-stack_E_commerce_01-Product-Api] INFO  o.eclipse.m2e.core.internal.Bundles - 	Entry: D:\Java Software\Sboot\sts-4.24.0.RELEASE\plugins\javax.annotation_1.3.5.v20200909-1856.jar
2026-01-21 12:30:49,514 [Worker-107: Launching Executing verify in E__Full-stack_E_commerce_01-Product-Api] INFO  o.eclipse.m2e.core.internal.Bundles - getClasspathEntries(Bundle=org.apache.commons.cli_1.8.0 [76])
2026-01-21 12:30:49,514 [Worker-107: Launching Executing verify in E__Full-stack_E_commerce_01-Product-Api] INFO  o.eclipse.m2e.core.internal.Bundles - 	Entry: D:\Java Software\Sboot\sts-4.24.0.RELEASE\plugins\org.apache.commons.cli_1.8.0.jar
2026-01-21 12:30:49,514 [Worker-107: Launching Executing verify in E__Full-stack_E_commerce_01-Product-Api] INFO  o.eclipse.m2e.core.internal.Bundles - getClasspathEntries(Bundle=org.apache.commons.commons-codec_1.16.0 [78])
2026-01-21 12:30:49,514 [Worker-107: Launching Executing verify in E__Full-stack_E_commerce_01-Product-Api] INFO  o.eclipse.m2e.core.internal.Bundles - 	Entry: D:\Java Software\Sboot\sts-4.24.0.RELEASE\plugins\org.apache.commons.commons-codec_1.16.0.jar
2026-01-21 12:30:49,514 [Worker-107: Launching Executing verify in E__Full-stack_E_commerce_01-Product-Api] INFO  o.eclipse.m2e.core.internal.Bundles - getClasspathEntries(Bundle=org.apache.commons.lang3_3.14.0 [82])
2026-01-21 12:30:49,514 [Worker-107: Launching Executing verify in E__Full-stack_E_commerce_01-Product-Api] INFO  o.eclipse.m2e.core.internal.Bundles - 	Entry: D:\Java Software\Sboot\sts-4.24.0.RELEASE\plugins\org.apache.commons.lang3_3.14.0.jar
2026-01-21 12:30:49,514 [Worker-107: Launching Executing verify in E__Full-stack_E_commerce_01-Product-Api] INFO  o.eclipse.m2e.core.internal.Bundles - getClasspathEntries(Bundle=com.google.guava.failureaccess_1.0.2 [30])
2026-01-21 12:30:49,514 [Worker-107: Launching Executing verify in E__Full-stack_E_commerce_01-Product-Api] INFO  o.eclipse.m2e.core.internal.Bundles - 	Entry: D:\Java Software\Sboot\sts-4.24.0.RELEASE\plugins\com.google.guava.failureaccess_1.0.2.jar
2026-01-21 12:30:49,515 [Worker-107: Launching Executing verify in E__Full-stack_E_commerce_01-Product-Api] INFO  o.e.m.i.launch.MavenLaunchDelegate - Run build in "E:\Full-stack\E_commerce\01-Product-Api":
2026-01-21 12:30:49,515 [Worker-107: Launching Executing verify in E__Full-stack_E_commerce_01-Product-Api] INFO  o.e.m.i.launch.MavenLaunchDelegate -  mvn  -Ppom.xml -B -Dstyle.color=always verify
2026-01-21 12:32:18,510 [Worker-111: Launching 01-Product-Api - ProductApiApplication] INFO  o.a.m.s.f.DefaultMavenResourcesFiltering - Copying 1 resource from src\main\resources to target\classes
2026-01-21 12:32:18,522 [Worker-111: Launching 01-Product-Api - ProductApiApplication] INFO  o.a.m.s.f.DefaultMavenResourcesFiltering - Copying 0 resource from src\main\resources to target\classes
2026-01-21 12:32:18,524 [Worker-111: Launching 01-Product-Api - ProductApiApplication] INFO  o.a.m.s.f.DefaultMavenResourcesFiltering - skip non existing resourceDirectory E:\Full-stack\E_commerce\01-Product-Api\src\test\resources
2026-01-21 12:34:32,408 [Worker-106: Building] INFO  o.e.m.c.i.l.LifecycleMappingFactory - Using org.eclipse.m2e.jdt.JarLifecycleMapping lifecycle mapping for MavenProject: com.example:Product_Api:0.0.1-SNAPSHOT @ E:\Full-stack\E_commerce\01-Product-Api\pom.xml.
2026-01-21 12:34:32,653 [Worker-106: Building] INFO  o.e.m.c.i.e.AbstractTransferListenerAdapter - Downloading https://repo.maven.apache.org/maven2/io/micrometer/micrometer-tracing-bridge-brave/1.5.4/micrometer-tracing-bridge-brave-1.5.4.pom
2026-01-21 12:34:32,678 [Worker-106: Building] INFO  o.e.m.c.i.e.AbstractTransferListenerAdapter - Downloaded https://repo.maven.apache.org/maven2/io/micrometer/micrometer-tracing-bridge-brave/1.5.4/micrometer-tracing-bridge-brave-1.5.4.pom
2026-01-21 12:34:32,724 [Worker-106: Building] INFO  o.e.m.c.i.e.AbstractTransferListenerAdapter - Downloading https://repo.maven.apache.org/maven2/io/micrometer/micrometer-tracing/1.5.4/micrometer-tracing-1.5.4.pom
2026-01-21 12:34:32,750 [Worker-106: Building] INFO  o.e.m.c.i.e.AbstractTransferListenerAdapter - Downloaded https://repo.maven.apache.org/maven2/io/micrometer/micrometer-tracing/1.5.4/micrometer-tracing-1.5.4.pom
2026-01-21 12:34:32,797 [Worker-106: Building] INFO  o.e.m.c.i.e.AbstractTransferListenerAdapter - Downloading https://repo.maven.apache.org/maven2/io/micrometer/context-propagation/1.1.3/context-propagation-1.1.3.pom
2026-01-21 12:34:32,824 [Worker-106: Building] INFO  o.e.m.c.i.e.AbstractTransferListenerAdapter - Downloaded https://repo.maven.apache.org/maven2/io/micrometer/context-propagation/1.1.3/context-propagation-1.1.3.pom
2026-01-21 12:34:32,872 [Worker-106: Building] INFO  o.e.m.c.i.e.AbstractTransferListenerAdapter - Downloading https://repo.maven.apache.org/maven2/io/zipkin/brave/brave/6.1.0/brave-6.1.0.pom
2026-01-21 12:34:32,900 [Worker-106: Building] INFO  o.e.m.c.i.e.AbstractTransferListenerAdapter - Downloaded https://repo.maven.apache.org/maven2/io/zipkin/brave/brave/6.1.0/brave-6.1.0.pom
2026-01-21 12:34:32,947 [Worker-106: Building] INFO  o.e.m.c.i.e.AbstractTransferListenerAdapter - Downloading https://repo.maven.apache.org/maven2/io/zipkin/brave/brave-parent/6.1.0/brave-parent-6.1.0.pom
2026-01-21 12:34:32,977 [Worker-106: Building] INFO  o.e.m.c.i.e.AbstractTransferListenerAdapter - Downloaded https://repo.maven.apache.org/maven2/io/zipkin/brave/brave-parent/6.1.0/brave-parent-6.1.0.pom
2026-01-21 12:34:33,033 [Worker-106: Building] INFO  o.e.m.c.i.e.AbstractTransferListenerAdapter - Downloading https://repo.maven.apache.org/maven2/io/zipkin/brave/brave-context-slf4j/6.1.0/brave-context-slf4j-6.1.0.pom
2026-01-21 12:34:33,057 [Worker-106: Building] INFO  o.e.m.c.i.e.AbstractTransferListenerAdapter - Downloaded https://repo.maven.apache.org/maven2/io/zipkin/brave/brave-context-slf4j/6.1.0/brave-context-slf4j-6.1.0.pom
2026-01-21 12:34:33,103 [Worker-106: Building] INFO  o.e.m.c.i.e.AbstractTransferListenerAdapter - Downloading https://repo.maven.apache.org/maven2/io/zipkin/brave/brave-context-parent/6.1.0/brave-context-parent-6.1.0.pom
2026-01-21 12:34:33,130 [Worker-106: Building] INFO  o.e.m.c.i.e.AbstractTransferListenerAdapter - Downloaded https://repo.maven.apache.org/maven2/io/zipkin/brave/brave-context-parent/6.1.0/brave-context-parent-6.1.0.pom
2026-01-21 12:34:33,180 [Worker-106: Building] INFO  o.e.m.c.i.e.AbstractTransferListenerAdapter - Downloading https://repo.maven.apache.org/maven2/io/zipkin/brave/brave-instrumentation-http/6.1.0/brave-instrumentation-http-6.1.0.pom
2026-01-21 12:34:33,202 [Worker-106: Building] INFO  o.e.m.c.i.e.AbstractTransferListenerAdapter - Downloaded https://repo.maven.apache.org/maven2/io/zipkin/brave/brave-instrumentation-http/6.1.0/brave-instrumentation-http-6.1.0.pom
2026-01-21 12:34:33,255 [Worker-106: Building] INFO  o.e.m.c.i.e.AbstractTransferListenerAdapter - Downloading https://repo.maven.apache.org/maven2/io/zipkin/brave/brave-instrumentation-parent/6.1.0/brave-instrumentation-parent-6.1.0.pom
2026-01-21 12:34:33,293 [Worker-106: Building] INFO  o.e.m.c.i.e.AbstractTransferListenerAdapter - Downloaded https://repo.maven.apache.org/maven2/io/zipkin/brave/brave-instrumentation-parent/6.1.0/brave-instrumentation-parent-6.1.0.pom
2026-01-21 12:34:33,344 [Worker-106: Building] INFO  o.e.m.c.i.e.AbstractTransferListenerAdapter - Downloading https://repo.maven.apache.org/maven2/io/zipkin/aws/brave-propagation-aws/1.3.0/brave-propagation-aws-1.3.0.pom
2026-01-21 12:34:33,377 [Worker-106: Building] INFO  o.e.m.c.i.e.AbstractTransferListenerAdapter - Downloaded https://repo.maven.apache.org/maven2/io/zipkin/aws/brave-propagation-aws/1.3.0/brave-propagation-aws-1.3.0.pom
2026-01-21 12:34:33,435 [Worker-106: Building] INFO  o.e.m.c.i.e.AbstractTransferListenerAdapter - Downloading https://repo.maven.apache.org/maven2/io/zipkin/aws/zipkin-aws-parent/1.3.0/zipkin-aws-parent-1.3.0.pom
2026-01-21 12:34:33,467 [Worker-106: Building] INFO  o.e.m.c.i.e.AbstractTransferListenerAdapter - Downloaded https://repo.maven.apache.org/maven2/io/zipkin/aws/zipkin-aws-parent/1.3.0/zipkin-aws-parent-1.3.0.pom
2026-01-21 12:34:33,950 [Worker-106: Building] INFO  o.e.m.c.i.e.AbstractTransferListenerAdapter - Downloading https://repo.maven.apache.org/maven2/io/micrometer/micrometer-tracing-bridge-brave/1.5.4/micrometer-tracing-bridge-brave-1.5.4.jar
2026-01-21 12:34:33,987 [Worker-106: Building] INFO  o.e.m.c.i.e.AbstractTransferListenerAdapter - Downloaded https://repo.maven.apache.org/maven2/io/micrometer/micrometer-tracing-bridge-brave/1.5.4/micrometer-tracing-bridge-brave-1.5.4.jar
2026-01-21 12:34:34,029 [BasicRepositoryConnector-repo.maven.apache.org-4-0] INFO  o.e.m.c.i.e.AbstractTransferListenerAdapter - Downloading https://repo.maven.apache.org/maven2/io/micrometer/micrometer-tracing/1.5.4/micrometer-tracing-1.5.4.jar
2026-01-21 12:34:34,065 [BasicRepositoryConnector-repo.maven.apache.org-4-0] INFO  o.e.m.c.i.e.AbstractTransferListenerAdapter - Downloaded https://repo.maven.apache.org/maven2/io/micrometer/micrometer-tracing/1.5.4/micrometer-tracing-1.5.4.jar
2026-01-21 12:34:34,099 [BasicRepositoryConnector-repo.maven.apache.org-4-4] INFO  o.e.m.c.i.e.AbstractTransferListenerAdapter - Downloading https://repo.maven.apache.org/maven2/io/zipkin/brave/brave-instrumentation-http/6.1.0/brave-instrumentation-http-6.1.0.jar
2026-01-21 12:34:34,100 [BasicRepositoryConnector-repo.maven.apache.org-4-1] INFO  o.e.m.c.i.e.AbstractTransferListenerAdapter - Downloading https://repo.maven.apache.org/maven2/io/micrometer/context-propagation/1.1.3/context-propagation-1.1.3.jar
2026-01-21 12:34:34,100 [BasicRepositoryConnector-repo.maven.apache.org-4-3] INFO  o.e.m.c.i.e.AbstractTransferListenerAdapter - Downloading https://repo.maven.apache.org/maven2/io/zipkin/brave/brave-context-slf4j/6.1.0/brave-context-slf4j-6.1.0.jar
2026-01-21 12:34:34,108 [BasicRepositoryConnector-repo.maven.apache.org-4-2] INFO  o.e.m.c.i.e.AbstractTransferListenerAdapter - Downloading https://repo.maven.apache.org/maven2/io/zipkin/brave/brave/6.1.0/brave-6.1.0.jar
2026-01-21 12:34:34,114 [BasicRepositoryConnector-repo.maven.apache.org-4-0] INFO  o.e.m.c.i.e.AbstractTransferListenerAdapter - Downloading https://repo.maven.apache.org/maven2/io/zipkin/aws/brave-propagation-aws/1.3.0/brave-propagation-aws-1.3.0.jar
2026-01-21 12:34:34,195 [BasicRepositoryConnector-repo.maven.apache.org-4-3] INFO  o.e.m.c.i.e.AbstractTransferListenerAdapter - Downloaded https://repo.maven.apache.org/maven2/io/zipkin/brave/brave-context-slf4j/6.1.0/brave-context-slf4j-6.1.0.jar
2026-01-21 12:34:34,235 [BasicRepositoryConnector-repo.maven.apache.org-4-2] INFO  o.e.m.c.i.e.AbstractTransferListenerAdapter - Downloaded https://repo.maven.apache.org/maven2/io/zipkin/brave/brave/6.1.0/brave-6.1.0.jar
2026-01-21 12:34:34,324 [BasicRepositoryConnector-repo.maven.apache.org-4-0] INFO  o.e.m.c.i.e.AbstractTransferListenerAdapter - Downloaded https://repo.maven.apache.org/maven2/io/zipkin/aws/brave-propagation-aws/1.3.0/brave-propagation-aws-1.3.0.jar
2026-01-21 12:34:34,603 [BasicRepositoryConnector-repo.maven.apache.org-4-1] INFO  o.e.m.c.i.e.AbstractTransferListenerAdapter - Downloaded https://repo.maven.apache.org/maven2/io/micrometer/context-propagation/1.1.3/context-propagation-1.1.3.jar
2026-01-21 12:34:34,818 [BasicRepositoryConnector-repo.maven.apache.org-4-4] INFO  o.e.m.c.i.e.AbstractTransferListenerAdapter - Downloaded https://repo.maven.apache.org/maven2/io/zipkin/brave/brave-instrumentation-http/6.1.0/brave-instrumentation-http-6.1.0.jar
2026-01-21 12:34:35,443 [Worker-106: Building] INFO  o.a.m.s.f.DefaultMavenResourcesFiltering - Copying 0 resource from src\main\resources to target\classes
2026-01-21 12:34:35,443 [Worker-106: Building] INFO  o.a.m.s.f.DefaultMavenResourcesFiltering - Copying 0 resource from src\main\resources to target\classes
2026-01-21 12:34:35,445 [Worker-106: Building] INFO  o.a.m.s.f.DefaultMavenResourcesFiltering - skip non existing resourceDirectory E:\Full-stack\E_commerce\01-Product-Api\src\test\resources
2026-01-21 12:34:36,814 [Worker-120: Building] INFO  o.e.m.c.i.l.LifecycleMappingFactory - Using org.eclipse.m2e.jdt.JarLifecycleMapping lifecycle mapping for MavenProject: com.example:Product_Api:0.0.1-SNAPSHOT @ E:\Full-stack\E_commerce\01-Product-Api\pom.xml.
2026-01-21 12:34:37,611 [Worker-120: Building] INFO  o.a.m.s.f.DefaultMavenResourcesFiltering - Copying 1 resource from src\main\resources to target\classes
2026-01-21 12:34:37,629 [Worker-120: Building] INFO  o.a.m.s.f.DefaultMavenResourcesFiltering - Copying 0 resource from src\main\resources to target\classes
2026-01-21 12:34:37,632 [Worker-120: Building] INFO  o.a.m.s.f.DefaultMavenResourcesFiltering - skip non existing resourceDirectory E:\Full-stack\E_commerce\01-Product-Api\src\test\resources
2026-01-21 12:34:38,132 [Worker-108: Download sources and javadoc] INFO  o.e.m.c.i.e.AbstractTransferListenerAdapter - Downloading https://repo.maven.apache.org/maven2/io/micrometer/micrometer-tracing-bridge-brave/1.5.4/micrometer-tracing-bridge-brave-1.5.4-sources.jar
2026-01-21 12:34:38,709 [Worker-108: Download sources and javadoc] INFO  o.e.m.c.i.e.AbstractTransferListenerAdapter - Downloaded https://repo.maven.apache.org/maven2/io/micrometer/micrometer-tracing-bridge-brave/1.5.4/micrometer-tracing-bridge-brave-1.5.4-sources.jar
2026-01-21 12:34:38,713 [Worker-108: Download sources and javadoc] INFO  o.e.m.j.internal.DownloadSourcesJob - Downloaded sources for io.micrometer:micrometer-tracing-bridge-brave:1.5.4
2026-01-21 12:34:38,835 [Worker-108: Download sources and javadoc] INFO  o.e.m.c.i.e.AbstractTransferListenerAdapter - Downloading https://repo.maven.apache.org/maven2/io/micrometer/micrometer-tracing/1.5.4/micrometer-tracing-1.5.4-sources.jar
2026-01-21 12:34:38,920 [Worker-108: Download sources and javadoc] INFO  o.e.m.c.i.e.AbstractTransferListenerAdapter - Downloaded https://repo.maven.apache.org/maven2/io/micrometer/micrometer-tracing/1.5.4/micrometer-tracing-1.5.4-sources.jar
2026-01-21 12:34:38,923 [Worker-108: Download sources and javadoc] INFO  o.e.m.j.internal.DownloadSourcesJob - Downloaded sources for io.micrometer:micrometer-tracing:1.5.4
2026-01-21 12:34:39,007 [Worker-108: Download sources and javadoc] INFO  o.e.m.c.i.e.AbstractTransferListenerAdapter - Downloading https://repo.maven.apache.org/maven2/io/micrometer/context-propagation/1.1.3/context-propagation-1.1.3-sources.jar
2026-01-21 12:34:39,427 [Worker-108: Download sources and javadoc] INFO  o.e.m.c.i.e.AbstractTransferListenerAdapter - Downloaded https://repo.maven.apache.org/maven2/io/micrometer/context-propagation/1.1.3/context-propagation-1.1.3-sources.jar
2026-01-21 12:34:39,431 [Worker-108: Download sources and javadoc] INFO  o.e.m.j.internal.DownloadSourcesJob - Downloaded sources for io.micrometer:context-propagation:1.1.3
2026-01-21 12:34:39,574 [Worker-108: Download sources and javadoc] INFO  o.e.m.c.i.e.AbstractTransferListenerAdapter - Downloading https://repo.maven.apache.org/maven2/io/zipkin/brave/brave/6.1.0/brave-6.1.0-sources.jar
2026-01-21 12:34:39,664 [Worker-108: Download sources and javadoc] INFO  o.e.m.c.i.e.AbstractTransferListenerAdapter - Downloaded https://repo.maven.apache.org/maven2/io/zipkin/brave/brave/6.1.0/brave-6.1.0-sources.jar
2026-01-21 12:34:39,667 [Worker-108: Download sources and javadoc] INFO  o.e.m.j.internal.DownloadSourcesJob - Downloaded sources for io.zipkin.brave:brave:6.1.0
2026-01-21 12:34:39,768 [Worker-108: Download sources and javadoc] INFO  o.e.m.c.i.e.AbstractTransferListenerAdapter - Downloading https://repo.maven.apache.org/maven2/io/zipkin/brave/brave-context-slf4j/6.1.0/brave-context-slf4j-6.1.0-sources.jar
2026-01-21 12:34:39,848 [Worker-108: Download sources and javadoc] INFO  o.e.m.c.i.e.AbstractTransferListenerAdapter - Downloaded https://repo.maven.apache.org/maven2/io/zipkin/brave/brave-context-slf4j/6.1.0/brave-context-slf4j-6.1.0-sources.jar
2026-01-21 12:34:39,851 [Worker-108: Download sources and javadoc] INFO  o.e.m.j.internal.DownloadSourcesJob - Downloaded sources for io.zipkin.brave:brave-context-slf4j:6.1.0
2026-01-21 12:34:39,950 [Worker-108: Download sources and javadoc] INFO  o.e.m.c.i.e.AbstractTransferListenerAdapter - Downloading https://repo.maven.apache.org/maven2/io/zipkin/brave/brave-instrumentation-http/6.1.0/brave-instrumentation-http-6.1.0-sources.jar
2026-01-21 12:34:40,549 [Worker-108: Download sources and javadoc] INFO  o.e.m.c.i.e.AbstractTransferListenerAdapter - Downloaded https://repo.maven.apache.org/maven2/io/zipkin/brave/brave-instrumentation-http/6.1.0/brave-instrumentation-http-6.1.0-sources.jar
2026-01-21 12:34:40,553 [Worker-108: Download sources and javadoc] INFO  o.e.m.j.internal.DownloadSourcesJob - Downloaded sources for io.zipkin.brave:brave-instrumentation-http:6.1.0
2026-01-21 12:34:40,668 [Worker-108: Download sources and javadoc] INFO  o.e.m.c.i.e.AbstractTransferListenerAdapter - Downloading https://repo.maven.apache.org/maven2/io/zipkin/aws/brave-propagation-aws/1.3.0/brave-propagation-aws-1.3.0-sources.jar
2026-01-21 12:34:40,929 [Worker-108: Download sources and javadoc] INFO  o.e.m.c.i.e.AbstractTransferListenerAdapter - Downloaded https://repo.maven.apache.org/maven2/io/zipkin/aws/brave-propagation-aws/1.3.0/brave-propagation-aws-1.3.0-sources.jar
2026-01-21 12:34:40,934 [Worker-108: Download sources and javadoc] INFO  o.e.m.j.internal.DownloadSourcesJob - Downloaded sources for io.zipkin.aws:brave-propagation-aws:1.3.0
2026-01-21 12:40:05,076 [Worker-107: Building] INFO  o.e.m.c.i.l.LifecycleMappingFactory - Using org.eclipse.m2e.jdt.JarLifecycleMapping lifecycle mapping for MavenProject: com.example:Product_Api:0.0.1-SNAPSHOT @ E:\Full-stack\E_commerce\01-Product-Api\pom.xml.
2026-01-21 12:40:05,334 [Worker-107: Building] INFO  o.e.m.c.i.e.AbstractTransferListenerAdapter - Downloading https://repo.maven.apache.org/maven2/org/springframework/cloud/spring-cloud-starter-netflix-eureka-client/4.2.1/spring-cloud-starter-netflix-eureka-client-4.2.1.pom
2026-01-21 12:40:05,362 [Worker-107: Building] INFO  o.e.m.c.i.e.AbstractTransferListenerAdapter - Downloaded https://repo.maven.apache.org/maven2/org/springframework/cloud/spring-cloud-starter-netflix-eureka-client/4.2.1/spring-cloud-starter-netflix-eureka-client-4.2.1.pom
2026-01-21 12:40:05,410 [Worker-107: Building] INFO  o.e.m.c.i.e.AbstractTransferListenerAdapter - Downloading https://repo.maven.apache.org/maven2/org/springframework/cloud/spring-cloud-netflix/4.2.1/spring-cloud-netflix-4.2.1.pom
2026-01-21 12:40:05,438 [Worker-107: Building] INFO  o.e.m.c.i.e.AbstractTransferListenerAdapter - Downloaded https://repo.maven.apache.org/maven2/org/springframework/cloud/spring-cloud-netflix/4.2.1/spring-cloud-netflix-4.2.1.pom
2026-01-21 12:40:05,542 [Worker-107: Building] INFO  o.e.m.c.i.e.AbstractTransferListenerAdapter - Downloading https://repo.maven.apache.org/maven2/org/springframework/cloud/spring-cloud-netflix-eureka-client/4.2.1/spring-cloud-netflix-eureka-client-4.2.1.pom
2026-01-21 12:40:05,571 [Worker-107: Building] INFO  o.e.m.c.i.e.AbstractTransferListenerAdapter - Downloaded https://repo.maven.apache.org/maven2/org/springframework/cloud/spring-cloud-netflix-eureka-client/4.2.1/spring-cloud-netflix-eureka-client-4.2.1.pom
2026-01-21 12:40:05,683 [Worker-107: Building] INFO  o.e.m.c.i.e.AbstractTransferListenerAdapter - Downloading https://repo.maven.apache.org/maven2/org/springframework/cloud/spring-cloud-starter-loadbalancer/4.2.1/spring-cloud-starter-loadbalancer-4.2.1.pom
2026-01-21 12:40:05,717 [Worker-107: Building] INFO  o.e.m.c.i.e.AbstractTransferListenerAdapter - Downloaded https://repo.maven.apache.org/maven2/org/springframework/cloud/spring-cloud-starter-loadbalancer/4.2.1/spring-cloud-starter-loadbalancer-4.2.1.pom
2026-01-21 12:40:05,765 [Worker-107: Building] INFO  o.e.m.c.i.e.AbstractTransferListenerAdapter - Downloading https://repo.maven.apache.org/maven2/org/springframework/cloud/spring-cloud-loadbalancer/4.2.1/spring-cloud-loadbalancer-4.2.1.pom
2026-01-21 12:40:05,790 [Worker-107: Building] INFO  o.e.m.c.i.e.AbstractTransferListenerAdapter - Downloaded https://repo.maven.apache.org/maven2/org/springframework/cloud/spring-cloud-loadbalancer/4.2.1/spring-cloud-loadbalancer-4.2.1.pom
2026-01-21 12:40:06,029 [Worker-107: Building] INFO  o.e.m.c.i.e.AbstractTransferListenerAdapter - Downloading https://repo.maven.apache.org/maven2/org/springframework/cloud/spring-cloud-starter-netflix-eureka-client/4.2.1/spring-cloud-starter-netflix-eureka-client-4.2.1.jar
2026-01-21 12:40:06,083 [Worker-107: Building] INFO  o.e.m.c.i.e.AbstractTransferListenerAdapter - Downloaded https://repo.maven.apache.org/maven2/org/springframework/cloud/spring-cloud-starter-netflix-eureka-client/4.2.1/spring-cloud-starter-netflix-eureka-client-4.2.1.jar
2026-01-21 12:40:06,127 [BasicRepositoryConnector-repo.maven.apache.org-5-2] INFO  o.e.m.c.i.e.AbstractTransferListenerAdapter - Downloading https://repo.maven.apache.org/maven2/org/springframework/cloud/spring-cloud-starter-loadbalancer/4.2.1/spring-cloud-starter-loadbalancer-4.2.1.jar
2026-01-21 12:40:06,177 [BasicRepositoryConnector-repo.maven.apache.org-5-2] INFO  o.e.m.c.i.e.AbstractTransferListenerAdapter - Downloaded https://repo.maven.apache.org/maven2/org/springframework/cloud/spring-cloud-starter-loadbalancer/4.2.1/spring-cloud-starter-loadbalancer-4.2.1.jar
2026-01-21 12:40:06,196 [BasicRepositoryConnector-repo.maven.apache.org-5-1] INFO  o.e.m.c.i.e.AbstractTransferListenerAdapter - Downloading https://repo.maven.apache.org/maven2/com/google/guava/guava/14.0.1/guava-14.0.1.jar
2026-01-21 12:40:06,199 [BasicRepositoryConnector-repo.maven.apache.org-5-0] INFO  o.e.m.c.i.e.AbstractTransferListenerAdapter - Downloading https://repo.maven.apache.org/maven2/org/springframework/cloud/spring-cloud-netflix-eureka-client/4.2.1/spring-cloud-netflix-eureka-client-4.2.1.jar
2026-01-21 12:40:06,205 [BasicRepositoryConnector-repo.maven.apache.org-5-3] INFO  o.e.m.c.i.e.AbstractTransferListenerAdapter - Downloading https://repo.maven.apache.org/maven2/org/springframework/cloud/spring-cloud-loadbalancer/4.2.1/spring-cloud-loadbalancer-4.2.1.jar
2026-01-21 12:40:06,276 [BasicRepositoryConnector-repo.maven.apache.org-5-0] INFO  o.e.m.c.i.e.AbstractTransferListenerAdapter - Downloaded https://repo.maven.apache.org/maven2/org/springframework/cloud/spring-cloud-netflix-eureka-client/4.2.1/spring-cloud-netflix-eureka-client-4.2.1.jar
2026-01-21 12:40:06,304 [BasicRepositoryConnector-repo.maven.apache.org-5-3] INFO  o.e.m.c.i.e.AbstractTransferListenerAdapter - Downloaded https://repo.maven.apache.org/maven2/org/springframework/cloud/spring-cloud-loadbalancer/4.2.1/spring-cloud-loadbalancer-4.2.1.jar
2026-01-21 12:40:06,489 [BasicRepositoryConnector-repo.maven.apache.org-5-1] INFO  o.e.m.c.i.e.AbstractTransferListenerAdapter - Downloaded https://repo.maven.apache.org/maven2/com/google/guava/guava/14.0.1/guava-14.0.1.jar
2026-01-21 12:40:06,942 [Worker-107: Building] INFO  o.a.m.s.f.DefaultMavenResourcesFiltering - Copying 0 resource from src\main\resources to target\classes
2026-01-21 12:40:06,942 [Worker-107: Building] INFO  o.a.m.s.f.DefaultMavenResourcesFiltering - Copying 0 resource from src\main\resources to target\classes
2026-01-21 12:40:06,944 [Worker-107: Building] INFO  o.a.m.s.f.DefaultMavenResourcesFiltering - skip non existing resourceDirectory E:\Full-stack\E_commerce\01-Product-Api\src\test\resources
2026-01-21 12:40:07,566 [Worker-126: Building] INFO  o.a.m.s.f.DefaultMavenResourcesFiltering - Copying 1 resource from src\main\resources to target\classes
2026-01-21 12:40:07,577 [Worker-126: Building] INFO  o.a.m.s.f.DefaultMavenResourcesFiltering - Copying 0 resource from src\main\resources to target\classes
2026-01-21 12:40:07,579 [Worker-126: Building] INFO  o.a.m.s.f.DefaultMavenResourcesFiltering - skip non existing resourceDirectory E:\Full-stack\E_commerce\01-Product-Api\src\test\resources
2026-01-21 12:40:08,058 [Worker-126: Download sources and javadoc] INFO  o.e.m.c.i.e.AbstractTransferListenerAdapter - Downloaded https://repo.maven.apache.org/maven2/org/springframework/cloud/spring-cloud-starter-netflix-eureka-client/4.2.1/spring-cloud-starter-netflix-eureka-client-4.2.1-sources.jar
2026-01-21 12:40:08,059 [Worker-126: Download sources and javadoc] ERROR o.e.m.j.internal.DownloadSourcesJob - Could not download sources for org.springframework.cloud:spring-cloud-starter-netflix-eureka-client:4.2.1
org.eclipse.core.runtime.CoreException: Could not resolve artifact org.springframework.cloud:spring-cloud-starter-netflix-eureka-client:jar:sources:4.2.1
	at org.eclipse.m2e.core.internal.embedder.MavenImpl.lambda$7(MavenImpl.java:540)
	at org.eclipse.m2e.core.internal.embedder.MavenExecutionContext.executeBare(MavenExecutionContext.java:458)
	at org.eclipse.m2e.core.internal.embedder.MavenExecutionContext.execute(MavenExecutionContext.java:292)
	at org.eclipse.m2e.core.internal.embedder.MavenExecutionContext.execute(MavenExecutionContext.java:278)
	at org.eclipse.m2e.core.internal.embedder.MavenImpl.resolve(MavenImpl.java:509)
	at org.eclipse.m2e.core.internal.embedder.MavenImpl.resolve(MavenImpl.java:494)
	at org.eclipse.m2e.jdt.internal.DownloadSourcesJob.download(DownloadSourcesJob.java:308)
	at org.eclipse.m2e.jdt.internal.DownloadSourcesJob.downloadAttachments(DownloadSourcesJob.java:282)
	at org.eclipse.m2e.jdt.internal.DownloadSourcesJob.downloadMaven(DownloadSourcesJob.java:252)
	at org.eclipse.m2e.jdt.internal.DownloadSourcesJob.downloadFilesAndPopulateToUpdate(DownloadSourcesJob.java:220)
	at org.eclipse.m2e.jdt.internal.DownloadSourcesJob.lambda$0(DownloadSourcesJob.java:149)
	at org.eclipse.m2e.core.internal.embedder.MavenExecutionContext.executeBare(MavenExecutionContext.java:458)
	at org.eclipse.m2e.core.internal.embedder.MavenExecutionContext.execute(MavenExecutionContext.java:339)
	at org.eclipse.m2e.core.internal.embedder.MavenExecutionContext.execute(MavenExecutionContext.java:278)
	at org.eclipse.m2e.core.embedder.IMaven.execute(IMaven.java:300)
	at org.eclipse.m2e.jdt.internal.DownloadSourcesJob.run(DownloadSourcesJob.java:149)
	at org.eclipse.core.internal.jobs.Worker.run(Worker.java:63)
2026-01-21 12:40:08,180 [Worker-126: Download sources and javadoc] INFO  o.e.m.c.i.e.AbstractTransferListenerAdapter - Downloading https://repo.maven.apache.org/maven2/org/springframework/cloud/spring-cloud-starter/4.2.1/spring-cloud-starter-4.2.1-javadoc.jar
2026-01-21 12:40:08,224 [Worker-126: Download sources and javadoc] INFO  o.e.m.c.i.e.AbstractTransferListenerAdapter - Downloaded https://repo.maven.apache.org/maven2/org/springframework/cloud/spring-cloud-starter/4.2.1/spring-cloud-starter-4.2.1-javadoc.jar
2026-01-21 12:40:08,228 [Worker-126: Download sources and javadoc] INFO  o.e.m.j.internal.DownloadSourcesJob - Downloaded javadoc for org.springframework.cloud:spring-cloud-starter:4.2.1
2026-01-21 12:40:08,368 [Worker-126: Download sources and javadoc] INFO  o.e.m.c.i.e.AbstractTransferListenerAdapter - Downloading https://repo.maven.apache.org/maven2/org/springframework/cloud/spring-cloud-netflix-eureka-client/4.2.1/spring-cloud-netflix-eureka-client-4.2.1-sources.jar
2026-01-21 12:40:08,430 [Worker-126: Download sources and javadoc] INFO  o.e.m.c.i.e.AbstractTransferListenerAdapter - Downloaded https://repo.maven.apache.org/maven2/org/springframework/cloud/spring-cloud-netflix-eureka-client/4.2.1/spring-cloud-netflix-eureka-client-4.2.1-sources.jar
2026-01-21 12:40:08,434 [Worker-126: Download sources and javadoc] INFO  o.e.m.j.internal.DownloadSourcesJob - Downloaded sources for org.springframework.cloud:spring-cloud-netflix-eureka-client:4.2.1
2026-01-21 12:40:08,564 [Worker-126: Download sources and javadoc] INFO  o.e.m.c.i.e.AbstractTransferListenerAdapter - Downloading https://repo.maven.apache.org/maven2/com/google/guava/guava/14.0.1/guava-14.0.1-sources.jar
2026-01-21 12:40:08,796 [Worker-126: Download sources and javadoc] INFO  o.e.m.c.i.e.AbstractTransferListenerAdapter - Downloaded https://repo.maven.apache.org/maven2/com/google/guava/guava/14.0.1/guava-14.0.1-sources.jar
2026-01-21 12:40:08,801 [Worker-126: Download sources and javadoc] INFO  o.e.m.j.internal.DownloadSourcesJob - Downloaded sources for com.google.guava:guava:14.0.1
2026-01-21 12:40:08,920 [Worker-126: Download sources and javadoc] INFO  o.e.m.c.i.e.AbstractTransferListenerAdapter - Downloaded https://repo.maven.apache.org/maven2/org/springframework/cloud/spring-cloud-starter-loadbalancer/4.2.1/spring-cloud-starter-loadbalancer-4.2.1-sources.jar
2026-01-21 12:40:08,922 [Worker-126: Download sources and javadoc] ERROR o.e.m.j.internal.DownloadSourcesJob - Could not download sources for org.springframework.cloud:spring-cloud-starter-loadbalancer:4.2.1
org.eclipse.core.runtime.CoreException: Could not resolve artifact org.springframework.cloud:spring-cloud-starter-loadbalancer:jar:sources:4.2.1
	at org.eclipse.m2e.core.internal.embedder.MavenImpl.lambda$7(MavenImpl.java:540)
	at org.eclipse.m2e.core.internal.embedder.MavenExecutionContext.executeBare(MavenExecutionContext.java:458)
	at org.eclipse.m2e.core.internal.embedder.MavenExecutionContext.execute(MavenExecutionContext.java:292)
	at org.eclipse.m2e.core.internal.embedder.MavenExecutionContext.execute(MavenExecutionContext.java:278)
	at org.eclipse.m2e.core.internal.embedder.MavenImpl.resolve(MavenImpl.java:509)
	at org.eclipse.m2e.core.internal.embedder.MavenImpl.resolve(MavenImpl.java:494)
	at org.eclipse.m2e.jdt.internal.DownloadSourcesJob.download(DownloadSourcesJob.java:308)
	at org.eclipse.m2e.jdt.internal.DownloadSourcesJob.downloadAttachments(DownloadSourcesJob.java:282)
	at org.eclipse.m2e.jdt.internal.DownloadSourcesJob.downloadMaven(DownloadSourcesJob.java:252)
	at org.eclipse.m2e.jdt.internal.DownloadSourcesJob.downloadFilesAndPopulateToUpdate(DownloadSourcesJob.java:220)
	at org.eclipse.m2e.jdt.internal.DownloadSourcesJob.lambda$0(DownloadSourcesJob.java:149)
	at org.eclipse.m2e.core.internal.embedder.MavenExecutionContext.executeBare(MavenExecutionContext.java:458)
	at org.eclipse.m2e.core.internal.embedder.MavenExecutionContext.execute(MavenExecutionContext.java:339)
	at org.eclipse.m2e.core.internal.embedder.MavenExecutionContext.execute(MavenExecutionContext.java:278)
	at org.eclipse.m2e.core.embedder.IMaven.execute(IMaven.java:300)
	at org.eclipse.m2e.jdt.internal.DownloadSourcesJob.run(DownloadSourcesJob.java:149)
	at org.eclipse.core.internal.jobs.Worker.run(Worker.java:63)
2026-01-21 12:40:09,055 [Worker-126: Download sources and javadoc] INFO  o.e.m.c.i.e.AbstractTransferListenerAdapter - Downloading https://repo.maven.apache.org/maven2/org/springframework/cloud/spring-cloud-loadbalancer/4.2.1/spring-cloud-loadbalancer-4.2.1-sources.jar
2026-01-21 12:40:09,115 [Worker-126: Download sources and javadoc] INFO  o.e.m.c.i.e.AbstractTransferListenerAdapter - Downloaded https://repo.maven.apache.org/maven2/org/springframework/cloud/spring-cloud-loadbalancer/4.2.1/spring-cloud-loadbalancer-4.2.1-sources.jar
2026-01-21 12:40:09,119 [Worker-126: Download sources and javadoc] INFO  o.e.m.j.internal.DownloadSourcesJob - Downloaded sources for org.springframework.cloud:spring-cloud-loadbalancer:4.2.1
2026-01-21 12:41:06,037 [Worker-126: Building] INFO  o.a.m.s.f.DefaultMavenResourcesFiltering - Copying 1 resource from src\main\resources to target\classes
2026-01-21 12:41:06,051 [Worker-126: Building] INFO  o.a.m.s.f.DefaultMavenResourcesFiltering - Copying 0 resource from src\main\resources to target\classes
2026-01-21 12:41:06,055 [Worker-126: Building] INFO  o.a.m.s.f.DefaultMavenResourcesFiltering - skip non existing resourceDirectory E:\Full-stack\E_commerce\01-Product-Api\src\test\resources
2026-01-21 12:46:09,254 [Worker-130: Building] INFO  o.a.m.s.f.DefaultMavenResourcesFiltering - Copying 1 resource from src\main\resources to target\classes
2026-01-21 12:46:09,259 [Worker-130: Building] INFO  o.a.m.s.f.DefaultMavenResourcesFiltering - Copying 0 resource from src\main\resources to target\classes
2026-01-21 12:46:09,262 [Worker-130: Building] INFO  o.a.m.s.f.DefaultMavenResourcesFiltering - skip non existing resourceDirectory E:\Full-stack\E_commerce\01-Product-Api\src\test\resources
2026-01-21 12:46:11,734 [Worker-132: Download sources and javadoc] INFO  o.e.m.c.i.e.AbstractTransferListenerAdapter - Downloaded https://repo.maven.apache.org/maven2/org/springframework/cloud/spring-cloud-starter-netflix-eureka-client/4.2.1/spring-cloud-starter-netflix-eureka-client-4.2.1-javadoc.jar
2026-01-21 12:46:11,736 [Worker-132: Download sources and javadoc] ERROR o.e.m.j.internal.DownloadSourcesJob - Could not download javadoc for org.springframework.cloud:spring-cloud-starter-netflix-eureka-client:4.2.1
org.eclipse.core.runtime.CoreException: Could not resolve artifact org.springframework.cloud:spring-cloud-starter-netflix-eureka-client:jar:javadoc:4.2.1
	at org.eclipse.m2e.core.internal.embedder.MavenImpl.lambda$7(MavenImpl.java:540)
	at org.eclipse.m2e.core.internal.embedder.MavenExecutionContext.executeBare(MavenExecutionContext.java:458)
	at org.eclipse.m2e.core.internal.embedder.MavenExecutionContext.execute(MavenExecutionContext.java:292)
	at org.eclipse.m2e.core.internal.embedder.MavenExecutionContext.execute(MavenExecutionContext.java:278)
	at org.eclipse.m2e.core.internal.embedder.MavenImpl.resolve(MavenImpl.java:509)
	at org.eclipse.m2e.core.internal.embedder.MavenImpl.resolve(MavenImpl.java:494)
	at org.eclipse.m2e.jdt.internal.DownloadSourcesJob.download(DownloadSourcesJob.java:308)
	at org.eclipse.m2e.jdt.internal.DownloadSourcesJob.downloadAttachments(DownloadSourcesJob.java:294)
	at org.eclipse.m2e.jdt.internal.DownloadSourcesJob.downloadMaven(DownloadSourcesJob.java:252)
	at org.eclipse.m2e.jdt.internal.DownloadSourcesJob.downloadFilesAndPopulateToUpdate(DownloadSourcesJob.java:220)
	at org.eclipse.m2e.jdt.internal.DownloadSourcesJob.lambda$0(DownloadSourcesJob.java:149)
	at org.eclipse.m2e.core.internal.embedder.MavenExecutionContext.executeBare(MavenExecutionContext.java:458)
	at org.eclipse.m2e.core.internal.embedder.MavenExecutionContext.execute(MavenExecutionContext.java:339)
	at org.eclipse.m2e.core.internal.embedder.MavenExecutionContext.execute(MavenExecutionContext.java:278)
	at org.eclipse.m2e.core.embedder.IMaven.execute(IMaven.java:300)
	at org.eclipse.m2e.jdt.internal.DownloadSourcesJob.run(DownloadSourcesJob.java:149)
	at org.eclipse.core.internal.jobs.Worker.run(Worker.java:63)
2026-01-21 12:46:11,868 [Worker-132: Download sources and javadoc] INFO  o.e.m.c.i.e.AbstractTransferListenerAdapter - Downloaded https://repo.maven.apache.org/maven2/org/springframework/cloud/spring-cloud-starter-loadbalancer/4.2.1/spring-cloud-starter-loadbalancer-4.2.1-javadoc.jar
2026-01-21 12:46:11,870 [Worker-132: Download sources and javadoc] ERROR o.e.m.j.internal.DownloadSourcesJob - Could not download javadoc for org.springframework.cloud:spring-cloud-starter-loadbalancer:4.2.1
org.eclipse.core.runtime.CoreException: Could not resolve artifact org.springframework.cloud:spring-cloud-starter-loadbalancer:jar:javadoc:4.2.1
	at org.eclipse.m2e.core.internal.embedder.MavenImpl.lambda$7(MavenImpl.java:540)
	at org.eclipse.m2e.core.internal.embedder.MavenExecutionContext.executeBare(MavenExecutionContext.java:458)
	at org.eclipse.m2e.core.internal.embedder.MavenExecutionContext.execute(MavenExecutionContext.java:292)
	at org.eclipse.m2e.core.internal.embedder.MavenExecutionContext.execute(MavenExecutionContext.java:278)
	at org.eclipse.m2e.core.internal.embedder.MavenImpl.resolve(MavenImpl.java:509)
	at org.eclipse.m2e.core.internal.embedder.MavenImpl.resolve(MavenImpl.java:494)
	at org.eclipse.m2e.jdt.internal.DownloadSourcesJob.download(DownloadSourcesJob.java:308)
	at org.eclipse.m2e.jdt.internal.DownloadSourcesJob.downloadAttachments(DownloadSourcesJob.java:294)
	at org.eclipse.m2e.jdt.internal.DownloadSourcesJob.downloadMaven(DownloadSourcesJob.java:252)
	at org.eclipse.m2e.jdt.internal.DownloadSourcesJob.downloadFilesAndPopulateToUpdate(DownloadSourcesJob.java:220)
	at org.eclipse.m2e.jdt.internal.DownloadSourcesJob.lambda$0(DownloadSourcesJob.java:149)
	at org.eclipse.m2e.core.internal.embedder.MavenExecutionContext.executeBare(MavenExecutionContext.java:458)
	at org.eclipse.m2e.core.internal.embedder.MavenExecutionContext.execute(MavenExecutionContext.java:339)
	at org.eclipse.m2e.core.internal.embedder.MavenExecutionContext.execute(MavenExecutionContext.java:278)
	at org.eclipse.m2e.core.embedder.IMaven.execute(IMaven.java:300)
	at org.eclipse.m2e.jdt.internal.DownloadSourcesJob.run(DownloadSourcesJob.java:149)
	at org.eclipse.core.internal.jobs.Worker.run(Worker.java:63)
2026-01-21 12:47:37,850 [Worker-138: Updating Maven Dependencies] INFO  o.e.m.c.i.l.LifecycleMappingFactory - Using org.eclipse.m2e.jdt.JarLifecycleMapping lifecycle mapping for MavenProject: com.example:Customer_Api:0.0.1-SNAPSHOT @ E:\Full-stack\E_commerce\02-Customer-Api\pom.xml.
2026-01-21 12:48:34,605 [Worker-126: Building] INFO  o.a.m.s.f.DefaultMavenResourcesFiltering - Copying 1 resource from src\main\resources to target\classes
2026-01-21 12:48:34,615 [Worker-126: Building] INFO  o.a.m.s.f.DefaultMavenResourcesFiltering - Copying 0 resource from src\main\resources to target\classes
2026-01-21 12:48:34,618 [Worker-126: Building] INFO  o.a.m.s.f.DefaultMavenResourcesFiltering - skip non existing resourceDirectory E:\Full-stack\E_commerce\02-Customer-Api\src\test\resources
2026-01-21 13:18:37,660 [Worker-126: Building] INFO  o.e.m.c.i.l.LifecycleMappingFactory - Using org.eclipse.m2e.jdt.JarLifecycleMapping lifecycle mapping for MavenProject: com.example:Customer_Api:0.0.1-SNAPSHOT @ E:\Full-stack\E_commerce\02-Customer-Api\pom.xml.
2026-01-21 13:18:37,877 [Worker-126: Building] INFO  o.e.m.c.i.e.AbstractTransferListenerAdapter - Downloading https://repo.maven.apache.org/maven2/io/micrometer/micrometer-tracing-bridge-brave/1.5.5/micrometer-tracing-bridge-brave-1.5.5.pom
2026-01-21 13:18:37,902 [Worker-126: Building] INFO  o.e.m.c.i.e.AbstractTransferListenerAdapter - Downloaded https://repo.maven.apache.org/maven2/io/micrometer/micrometer-tracing-bridge-brave/1.5.5/micrometer-tracing-bridge-brave-1.5.5.pom
2026-01-21 13:18:37,946 [Worker-126: Building] INFO  o.e.m.c.i.e.AbstractTransferListenerAdapter - Downloading https://repo.maven.apache.org/maven2/io/micrometer/micrometer-tracing/1.5.5/micrometer-tracing-1.5.5.pom
2026-01-21 13:18:37,971 [Worker-126: Building] INFO  o.e.m.c.i.e.AbstractTransferListenerAdapter - Downloaded https://repo.maven.apache.org/maven2/io/micrometer/micrometer-tracing/1.5.5/micrometer-tracing-1.5.5.pom
2026-01-21 13:18:38,141 [Worker-126: Building] INFO  o.e.m.c.i.e.AbstractTransferListenerAdapter - Downloading https://repo.maven.apache.org/maven2/org/springframework/boot/spring-boot-starter-actuator/3.5.7/spring-boot-starter-actuator-3.5.7.pom
2026-01-21 13:18:38,167 [Worker-126: Building] INFO  o.e.m.c.i.e.AbstractTransferListenerAdapter - Downloaded https://repo.maven.apache.org/maven2/org/springframework/boot/spring-boot-starter-actuator/3.5.7/spring-boot-starter-actuator-3.5.7.pom
2026-01-21 13:18:38,209 [Worker-126: Building] INFO  o.e.m.c.i.e.AbstractTransferListenerAdapter - Downloading https://repo.maven.apache.org/maven2/org/springframework/boot/spring-boot-actuator-autoconfigure/3.5.7/spring-boot-actuator-autoconfigure-3.5.7.pom
2026-01-21 13:18:38,234 [Worker-126: Building] INFO  o.e.m.c.i.e.AbstractTransferListenerAdapter - Downloaded https://repo.maven.apache.org/maven2/org/springframework/boot/spring-boot-actuator-autoconfigure/3.5.7/spring-boot-actuator-autoconfigure-3.5.7.pom
2026-01-21 13:18:38,277 [Worker-126: Building] INFO  o.e.m.c.i.e.AbstractTransferListenerAdapter - Downloading https://repo.maven.apache.org/maven2/org/springframework/boot/spring-boot-actuator/3.5.7/spring-boot-actuator-3.5.7.pom
2026-01-21 13:18:38,302 [Worker-126: Building] INFO  o.e.m.c.i.e.AbstractTransferListenerAdapter - Downloaded https://repo.maven.apache.org/maven2/org/springframework/boot/spring-boot-actuator/3.5.7/spring-boot-actuator-3.5.7.pom
2026-01-21 13:18:38,345 [Worker-126: Building] INFO  o.e.m.c.i.e.AbstractTransferListenerAdapter - Downloading https://repo.maven.apache.org/maven2/io/micrometer/micrometer-jakarta9/1.15.5/micrometer-jakarta9-1.15.5.pom
2026-01-21 13:18:38,370 [Worker-126: Building] INFO  o.e.m.c.i.e.AbstractTransferListenerAdapter - Downloaded https://repo.maven.apache.org/maven2/io/micrometer/micrometer-jakarta9/1.15.5/micrometer-jakarta9-1.15.5.pom
2026-01-21 13:18:38,417 [Worker-126: Building] INFO  o.e.m.c.i.e.AbstractTransferListenerAdapter - Downloading https://repo.maven.apache.org/maven2/io/micrometer/micrometer-core/1.15.5/micrometer-core-1.15.5.pom
2026-01-21 13:18:38,442 [Worker-126: Building] INFO  o.e.m.c.i.e.AbstractTransferListenerAdapter - Downloaded https://repo.maven.apache.org/maven2/io/micrometer/micrometer-core/1.15.5/micrometer-core-1.15.5.pom
2026-01-21 13:18:38,751 [Worker-126: Building] INFO  o.e.m.c.i.e.AbstractTransferListenerAdapter - Downloading https://repo.maven.apache.org/maven2/io/micrometer/micrometer-tracing-bridge-brave/1.5.5/micrometer-tracing-bridge-brave-1.5.5.jar
2026-01-21 13:18:38,782 [Worker-126: Building] INFO  o.e.m.c.i.e.AbstractTransferListenerAdapter - Downloaded https://repo.maven.apache.org/maven2/io/micrometer/micrometer-tracing-bridge-brave/1.5.5/micrometer-tracing-bridge-brave-1.5.5.jar
2026-01-21 13:18:38,832 [BasicRepositoryConnector-repo.maven.apache.org-6-4] INFO  o.e.m.c.i.e.AbstractTransferListenerAdapter - Downloading https://repo.maven.apache.org/maven2/io/micrometer/micrometer-jakarta9/1.15.5/micrometer-jakarta9-1.15.5.jar
2026-01-21 13:18:38,896 [BasicRepositoryConnector-repo.maven.apache.org-6-2] INFO  o.e.m.c.i.e.AbstractTransferListenerAdapter - Downloading https://repo.maven.apache.org/maven2/org/springframework/boot/spring-boot-actuator-autoconfigure/3.5.7/spring-boot-actuator-autoconfigure-3.5.7.jar
2026-01-21 13:18:38,947 [BasicRepositoryConnector-repo.maven.apache.org-6-3] INFO  o.e.m.c.i.e.AbstractTransferListenerAdapter - Downloading https://repo.maven.apache.org/maven2/org/springframework/boot/spring-boot-actuator/3.5.7/spring-boot-actuator-3.5.7.jar
2026-01-21 13:18:38,957 [BasicRepositoryConnector-repo.maven.apache.org-6-0] INFO  o.e.m.c.i.e.AbstractTransferListenerAdapter - Downloading https://repo.maven.apache.org/maven2/io/micrometer/micrometer-tracing/1.5.5/micrometer-tracing-1.5.5.jar
2026-01-21 13:18:38,986 [BasicRepositoryConnector-repo.maven.apache.org-6-1] INFO  o.e.m.c.i.e.AbstractTransferListenerAdapter - Downloading https://repo.maven.apache.org/maven2/org/springframework/boot/spring-boot-starter-actuator/3.5.7/spring-boot-starter-actuator-3.5.7.jar
2026-01-21 13:18:39,032 [BasicRepositoryConnector-repo.maven.apache.org-6-1] INFO  o.e.m.c.i.e.AbstractTransferListenerAdapter - Downloaded https://repo.maven.apache.org/maven2/org/springframework/boot/spring-boot-starter-actuator/3.5.7/spring-boot-starter-actuator-3.5.7.jar
2026-01-21 13:18:39,033 [BasicRepositoryConnector-repo.maven.apache.org-6-0] INFO  o.e.m.c.i.e.AbstractTransferListenerAdapter - Downloaded https://repo.maven.apache.org/maven2/io/micrometer/micrometer-tracing/1.5.5/micrometer-tracing-1.5.5.jar
2026-01-21 13:18:39,090 [BasicRepositoryConnector-repo.maven.apache.org-6-1] INFO  o.e.m.c.i.e.AbstractTransferListenerAdapter - Downloading https://repo.maven.apache.org/maven2/io/micrometer/micrometer-core/1.15.5/micrometer-core-1.15.5.jar
2026-01-21 13:18:39,104 [BasicRepositoryConnector-repo.maven.apache.org-6-3] INFO  o.e.m.c.i.e.AbstractTransferListenerAdapter - Downloaded https://repo.maven.apache.org/maven2/org/springframework/boot/spring-boot-actuator/3.5.7/spring-boot-actuator-3.5.7.jar
2026-01-21 13:18:39,145 [BasicRepositoryConnector-repo.maven.apache.org-6-2] INFO  o.e.m.c.i.e.AbstractTransferListenerAdapter - Downloaded https://repo.maven.apache.org/maven2/org/springframework/boot/spring-boot-actuator-autoconfigure/3.5.7/spring-boot-actuator-autoconfigure-3.5.7.jar
2026-01-21 13:18:39,196 [BasicRepositoryConnector-repo.maven.apache.org-6-1] INFO  o.e.m.c.i.e.AbstractTransferListenerAdapter - Downloaded https://repo.maven.apache.org/maven2/io/micrometer/micrometer-core/1.15.5/micrometer-core-1.15.5.jar
2026-01-21 13:18:39,286 [BasicRepositoryConnector-repo.maven.apache.org-6-4] INFO  o.e.m.c.i.e.AbstractTransferListenerAdapter - Downloaded https://repo.maven.apache.org/maven2/io/micrometer/micrometer-jakarta9/1.15.5/micrometer-jakarta9-1.15.5.jar
2026-01-21 13:18:45,425 [Worker-126: Download sources and javadoc] INFO  o.e.m.c.i.e.AbstractTransferListenerAdapter - Downloading https://repo.maven.apache.org/maven2/io/micrometer/micrometer-tracing-bridge-brave/1.5.5/micrometer-tracing-bridge-brave-1.5.5-sources.jar
2026-01-21 13:18:45,985 [Worker-126: Download sources and javadoc] INFO  o.e.m.c.i.e.AbstractTransferListenerAdapter - Downloaded https://repo.maven.apache.org/maven2/io/micrometer/micrometer-tracing-bridge-brave/1.5.5/micrometer-tracing-bridge-brave-1.5.5-sources.jar
2026-01-21 13:18:45,989 [Worker-126: Download sources and javadoc] INFO  o.e.m.j.internal.DownloadSourcesJob - Downloaded sources for io.micrometer:micrometer-tracing-bridge-brave:1.5.5
2026-01-21 13:18:46,104 [Worker-126: Download sources and javadoc] INFO  o.e.m.c.i.e.AbstractTransferListenerAdapter - Downloading https://repo.maven.apache.org/maven2/io/micrometer/micrometer-tracing/1.5.5/micrometer-tracing-1.5.5-sources.jar
2026-01-21 13:18:46,149 [Worker-126: Download sources and javadoc] INFO  o.e.m.c.i.e.AbstractTransferListenerAdapter - Downloaded https://repo.maven.apache.org/maven2/io/micrometer/micrometer-tracing/1.5.5/micrometer-tracing-1.5.5-sources.jar
2026-01-21 13:18:46,152 [Worker-126: Download sources and javadoc] INFO  o.e.m.j.internal.DownloadSourcesJob - Downloaded sources for io.micrometer:micrometer-tracing:1.5.5
2026-01-21 13:18:46,228 [Worker-126: Download sources and javadoc] INFO  o.e.m.c.i.e.AbstractTransferListenerAdapter - Downloading https://repo.maven.apache.org/maven2/org/springframework/boot/spring-boot-starter-actuator/3.5.7/spring-boot-starter-actuator-3.5.7-sources.jar
2026-01-21 13:18:46,267 [Worker-126: Download sources and javadoc] INFO  o.e.m.c.i.e.AbstractTransferListenerAdapter - Downloaded https://repo.maven.apache.org/maven2/org/springframework/boot/spring-boot-starter-actuator/3.5.7/spring-boot-starter-actuator-3.5.7-sources.jar
2026-01-21 13:18:46,269 [Worker-126: Download sources and javadoc] INFO  o.e.m.j.internal.DownloadSourcesJob - Downloaded sources for org.springframework.boot:spring-boot-starter-actuator:3.5.7
2026-01-21 13:18:46,368 [Worker-126: Download sources and javadoc] INFO  o.e.m.c.i.e.AbstractTransferListenerAdapter - Downloading https://repo.maven.apache.org/maven2/org/springframework/boot/spring-boot-actuator-autoconfigure/3.5.7/spring-boot-actuator-autoconfigure-3.5.7-sources.jar
2026-01-21 13:18:46,489 [Worker-126: Download sources and javadoc] INFO  o.e.m.c.i.e.AbstractTransferListenerAdapter - Downloaded https://repo.maven.apache.org/maven2/org/springframework/boot/spring-boot-actuator-autoconfigure/3.5.7/spring-boot-actuator-autoconfigure-3.5.7-sources.jar
2026-01-21 13:18:46,492 [Worker-126: Download sources and javadoc] INFO  o.e.m.j.internal.DownloadSourcesJob - Downloaded sources for org.springframework.boot:spring-boot-actuator-autoconfigure:3.5.7
2026-01-21 13:18:46,585 [Worker-126: Download sources and javadoc] INFO  o.e.m.c.i.e.AbstractTransferListenerAdapter - Downloading https://repo.maven.apache.org/maven2/org/springframework/boot/spring-boot-actuator/3.5.7/spring-boot-actuator-3.5.7-sources.jar
2026-01-21 13:18:46,697 [Worker-126: Download sources and javadoc] INFO  o.e.m.c.i.e.AbstractTransferListenerAdapter - Downloaded https://repo.maven.apache.org/maven2/org/springframework/boot/spring-boot-actuator/3.5.7/spring-boot-actuator-3.5.7-sources.jar
2026-01-21 13:18:46,700 [Worker-126: Download sources and javadoc] INFO  o.e.m.j.internal.DownloadSourcesJob - Downloaded sources for org.springframework.boot:spring-boot-actuator:3.5.7
2026-01-21 13:18:46,783 [Worker-126: Download sources and javadoc] INFO  o.e.m.c.i.e.AbstractTransferListenerAdapter - Downloading https://repo.maven.apache.org/maven2/io/micrometer/micrometer-jakarta9/1.15.5/micrometer-jakarta9-1.15.5-sources.jar
2026-01-21 13:18:47,096 [Worker-126: Download sources and javadoc] INFO  o.e.m.c.i.e.AbstractTransferListenerAdapter - Downloaded https://repo.maven.apache.org/maven2/io/micrometer/micrometer-jakarta9/1.15.5/micrometer-jakarta9-1.15.5-sources.jar
2026-01-21 13:18:47,098 [Worker-126: Download sources and javadoc] INFO  o.e.m.j.internal.DownloadSourcesJob - Downloaded sources for io.micrometer:micrometer-jakarta9:1.15.5
2026-01-21 13:18:47,203 [Worker-126: Download sources and javadoc] INFO  o.e.m.c.i.e.AbstractTransferListenerAdapter - Downloading https://repo.maven.apache.org/maven2/io/micrometer/micrometer-core/1.15.5/micrometer-core-1.15.5-sources.jar
2026-01-21 13:18:47,313 [Worker-126: Download sources and javadoc] INFO  o.e.m.c.i.e.AbstractTransferListenerAdapter - Downloaded https://repo.maven.apache.org/maven2/io/micrometer/micrometer-core/1.15.5/micrometer-core-1.15.5-sources.jar
2026-01-21 13:18:47,317 [Worker-126: Download sources and javadoc] INFO  o.e.m.j.internal.DownloadSourcesJob - Downloaded sources for io.micrometer:micrometer-core:1.15.5
2026-01-21 13:20:43,068 [Worker-112: Updating Maven Project] INFO  o.e.m.c.i.p.ProjectConfigurationManager - Update started
2026-01-21 13:20:43,175 [Worker-112: Updating Maven Project] INFO  o.e.m.c.i.l.LifecycleMappingFactory - Using org.eclipse.m2e.jdt.JarLifecycleMapping lifecycle mapping for MavenProject: com.example:Customer_Api:0.0.1-SNAPSHOT @ E:\Full-stack\E_commerce\02-Customer-Api\pom.xml.
2026-01-21 13:20:43,426 [Worker-112: Updating Maven Project] ERROR o.e.m.c.i.p.ProjectConfigurationManager - Could not read maven project
org.eclipse.core.runtime.CoreException: Could not read maven project
	at org.eclipse.m2e.core.internal.embedder.MavenImpl.lambda$4(MavenImpl.java:371)
	at org.eclipse.m2e.core.internal.embedder.MavenExecutionContext.executeBare(MavenExecutionContext.java:458)
	at org.eclipse.m2e.core.internal.embedder.MavenExecutionContext.execute(MavenExecutionContext.java:292)
	at org.eclipse.m2e.core.internal.embedder.MavenExecutionContext.execute(MavenExecutionContext.java:278)
	at org.eclipse.m2e.core.internal.embedder.MavenImpl.readProject(MavenImpl.java:361)
	at org.eclipse.m2e.mavenarchiver.internal.AbstractMavenArchiverConfigurator.lambda$4(AbstractMavenArchiverConfigurator.java:576)
	at org.eclipse.m2e.core.internal.embedder.MavenExecutionContext.executeBare(MavenExecutionContext.java:458)
	at org.eclipse.m2e.core.internal.embedder.MavenExecutionContext.execute(MavenExecutionContext.java:339)
	at org.eclipse.m2e.mavenarchiver.internal.AbstractMavenArchiverConfigurator.loadParentHierarchy(AbstractMavenArchiverConfigurator.java:568)
	at org.eclipse.m2e.mavenarchiver.internal.AbstractMavenArchiverConfigurator.generateManifest(AbstractMavenArchiverConfigurator.java:365)
	at org.eclipse.m2e.mavenarchiver.internal.AbstractMavenArchiverConfigurator.mavenProjectChanged(AbstractMavenArchiverConfigurator.java:228)
	at org.eclipse.m2e.mavenarchiver.internal.AbstractMavenArchiverConfigurator.mavenProjectChanged(AbstractMavenArchiverConfigurator.java:220)
	at org.eclipse.m2e.core.internal.project.ProjectConfigurationManager.mavenProjectChanged(ProjectConfigurationManager.java:885)
	at org.eclipse.m2e.core.internal.project.registry.ProjectRegistryManager.notifyProjectChangeListeners(ProjectRegistryManager.java:892)
	at org.eclipse.m2e.core.internal.project.registry.ProjectRegistryManager.applyMutableProjectRegistry(ProjectRegistryManager.java:1042)
	at org.eclipse.m2e.core.internal.project.registry.ProjectRegistryManager.refresh(ProjectRegistryManager.java:324)
	at org.eclipse.m2e.core.internal.project.ProjectConfigurationManager.updateProjectConfiguration0(ProjectConfigurationManager.java:388)
	at org.eclipse.m2e.core.internal.project.ProjectConfigurationManager.lambda$3(ProjectConfigurationManager.java:340)
	at org.eclipse.m2e.core.internal.embedder.MavenExecutionContext.executeBare(MavenExecutionContext.java:458)
	at org.eclipse.m2e.core.internal.embedder.MavenExecutionContext.execute(MavenExecutionContext.java:339)
	at org.eclipse.m2e.core.internal.embedder.MavenExecutionContext.execute(MavenExecutionContext.java:278)
	at org.eclipse.m2e.core.internal.embedder.MavenImpl.execute(MavenImpl.java:1053)
	at org.eclipse.m2e.core.internal.project.ProjectConfigurationManager.updateProjectConfiguration(ProjectConfigurationManager.java:339)
	at org.eclipse.m2e.core.ui.internal.UpdateMavenProjectJob.runInWorkspace(UpdateMavenProjectJob.java:80)
	at org.eclipse.core.internal.resources.InternalWorkspaceJob.run(InternalWorkspaceJob.java:43)
	at org.eclipse.core.internal.jobs.Worker.run(Worker.java:63)
Caused by: org.apache.maven.project.ProjectBuildingException: 1 problem was encountered while building the effective model
[FATAL] Non-readable POM E:\Full-stack\E_commerce\02-Customer-Api: E:\Full-stack\E_commerce\02-Customer-Api (Access is denied) @ 
 for project  at E:\Full-stack\E_commerce\02-Customer-Api
	at org.apache.maven.project.DefaultProjectBuilder.build(DefaultProjectBuilder.java:180)
	at org.apache.maven.project.DefaultProjectBuilder.build(DefaultProjectBuilder.java:123)
	at org.eclipse.m2e.core.internal.embedder.MavenImpl.lambda$4(MavenImpl.java:369)
	... 25 common frames omitted
Caused by: org.apache.maven.model.building.ModelBuildingException: 1 problem was encountered while building the effective model
[FATAL] Non-readable POM E:\Full-stack\E_commerce\02-Customer-Api: E:\Full-stack\E_commerce\02-Customer-Api (Access is denied) @ 

	at org.apache.maven.model.building.DefaultModelProblemCollector.newModelBuildingException(DefaultModelProblemCollector.java:176)
	at org.apache.maven.model.building.DefaultModelBuilder.readModel(DefaultModelBuilder.java:643)
	at org.apache.maven.model.building.DefaultModelBuilder.build(DefaultModelBuilder.java:263)
	at org.apache.maven.model.building.DefaultModelBuilder.build(DefaultModelBuilder.java:249)
	at org.apache.maven.project.DefaultProjectBuilder.build(DefaultProjectBuilder.java:176)
	... 27 common frames omitted
2026-01-21 13:20:43,616 [Worker-112: Updating Maven Project] INFO  o.e.m.j.i.AbstractJavaProjectConfigurator - Adding resource folder /02-Customer-Api/src/main/resources
2026-01-21 13:20:43,616 [Worker-112: Updating Maven Project] INFO  o.e.m.j.i.AbstractJavaProjectConfigurator - Adding resource folder /02-Customer-Api/src/main/resources
2026-01-21 13:20:43,616 [Worker-112: Updating Maven Project] INFO  o.e.m.j.i.AbstractJavaProjectConfigurator - Adding resource folder /02-Customer-Api/src/test/resources
2026-01-21 13:20:43,910 [Worker-112: Updating Maven Project] INFO  o.e.m.c.i.p.ProjectConfigurationManager - Update completed for 1 poms: local refresh takes 0.00 sec, refresh facades takes 0.00 sec, update config takes 0.00 sec 
2026-01-21 13:22:14,710 [Worker-147: Building] INFO  o.e.m.c.i.l.LifecycleMappingFactory - Using org.eclipse.m2e.jdt.JarLifecycleMapping lifecycle mapping for MavenProject: com.example:Customer_Api:0.0.1-SNAPSHOT @ E:\Full-stack\E_commerce\02-Customer-Api\pom.xml.
2026-01-21 13:22:14,971 [Worker-147: Building] ERROR o.e.m.c.i.p.ProjectConfigurationManager - Could not read maven project
org.eclipse.core.runtime.CoreException: Could not read maven project
	at org.eclipse.m2e.core.internal.embedder.MavenImpl.lambda$4(MavenImpl.java:371)
	at org.eclipse.m2e.core.internal.embedder.MavenExecutionContext.executeBare(MavenExecutionContext.java:458)
	at org.eclipse.m2e.core.internal.embedder.MavenExecutionContext.execute(MavenExecutionContext.java:292)
	at org.eclipse.m2e.core.internal.embedder.MavenExecutionContext.execute(MavenExecutionContext.java:278)
	at org.eclipse.m2e.core.internal.embedder.MavenImpl.readProject(MavenImpl.java:361)
	at org.eclipse.m2e.mavenarchiver.internal.AbstractMavenArchiverConfigurator.lambda$4(AbstractMavenArchiverConfigurator.java:576)
	at org.eclipse.m2e.core.internal.embedder.MavenExecutionContext.executeBare(MavenExecutionContext.java:458)
	at org.eclipse.m2e.core.internal.embedder.MavenExecutionContext.execute(MavenExecutionContext.java:339)
	at org.eclipse.m2e.mavenarchiver.internal.AbstractMavenArchiverConfigurator.loadParentHierarchy(AbstractMavenArchiverConfigurator.java:568)
	at org.eclipse.m2e.mavenarchiver.internal.AbstractMavenArchiverConfigurator.generateManifest(AbstractMavenArchiverConfigurator.java:365)
	at org.eclipse.m2e.mavenarchiver.internal.AbstractMavenArchiverConfigurator.mavenProjectChanged(AbstractMavenArchiverConfigurator.java:228)
	at org.eclipse.m2e.mavenarchiver.internal.AbstractMavenArchiverConfigurator.mavenProjectChanged(AbstractMavenArchiverConfigurator.java:220)
	at org.eclipse.m2e.core.internal.project.ProjectConfigurationManager.mavenProjectChanged(ProjectConfigurationManager.java:885)
	at org.eclipse.m2e.core.internal.project.registry.ProjectRegistryManager.notifyProjectChangeListeners(ProjectRegistryManager.java:892)
	at org.eclipse.m2e.core.internal.project.registry.ProjectRegistryManager.applyMutableProjectRegistry(ProjectRegistryManager.java:1042)
	at org.eclipse.m2e.core.internal.project.registry.ProjectRegistryManager.refresh(ProjectRegistryManager.java:324)
	at org.eclipse.m2e.core.internal.builder.MavenBuilder$BuildMethod.getProjectFacade(MavenBuilder.java:146)
	at org.eclipse.m2e.core.internal.builder.MavenBuilder$BuildMethod.lambda$0(MavenBuilder.java:84)
	at org.eclipse.m2e.core.internal.embedder.MavenExecutionContext.executeBare(MavenExecutionContext.java:458)
	at org.eclipse.m2e.core.internal.embedder.MavenExecutionContext.execute(MavenExecutionContext.java:339)
	at org.eclipse.m2e.core.internal.embedder.MavenExecutionContext.execute(MavenExecutionContext.java:278)
	at org.eclipse.m2e.core.internal.builder.MavenBuilder$BuildMethod.execute(MavenBuilder.java:83)
	at org.eclipse.m2e.core.internal.builder.MavenBuilder.build(MavenBuilder.java:192)
	at org.eclipse.core.internal.events.BuildManager$2.run(BuildManager.java:1077)
	at org.eclipse.core.runtime.SafeRunner.run(SafeRunner.java:47)
	at org.eclipse.core.internal.events.BuildManager.basicBuild(BuildManager.java:296)
	at org.eclipse.core.internal.events.BuildManager.basicBuild(BuildManager.java:352)
	at org.eclipse.core.internal.events.BuildManager$1.run(BuildManager.java:441)
	at org.eclipse.core.runtime.SafeRunner.run(SafeRunner.java:47)
	at org.eclipse.core.internal.events.BuildManager.basicBuild(BuildManager.java:444)
	at org.eclipse.core.internal.events.BuildManager.basicBuildLoop(BuildManager.java:555)
	at org.eclipse.core.internal.events.BuildManager.basicBuildLoop(BuildManager.java:503)
	at org.eclipse.core.internal.events.BuildManager.build(BuildManager.java:585)
	at org.eclipse.core.internal.events.AutoBuildJob.doBuild(AutoBuildJob.java:207)
	at org.eclipse.core.internal.events.AutoBuildJob.run(AutoBuildJob.java:300)
	at org.eclipse.core.internal.jobs.Worker.run(Worker.java:63)
Caused by: org.apache.maven.project.ProjectBuildingException: 1 problem was encountered while building the effective model
[FATAL] Non-readable POM E:\Full-stack\E_commerce\02-Customer-Api: E:\Full-stack\E_commerce\02-Customer-Api (Access is denied) @ 
 for project  at E:\Full-stack\E_commerce\02-Customer-Api
	at org.apache.maven.project.DefaultProjectBuilder.build(DefaultProjectBuilder.java:180)
	at org.apache.maven.project.DefaultProjectBuilder.build(DefaultProjectBuilder.java:123)
	at org.eclipse.m2e.core.internal.embedder.MavenImpl.lambda$4(MavenImpl.java:369)
	... 35 common frames omitted
Caused by: org.apache.maven.model.building.ModelBuildingException: 1 problem was encountered while building the effective model
[FATAL] Non-readable POM E:\Full-stack\E_commerce\02-Customer-Api: E:\Full-stack\E_commerce\02-Customer-Api (Access is denied) @ 

	at org.apache.maven.model.building.DefaultModelProblemCollector.newModelBuildingException(DefaultModelProblemCollector.java:176)
	at org.apache.maven.model.building.DefaultModelBuilder.readModel(DefaultModelBuilder.java:643)
	at org.apache.maven.model.building.DefaultModelBuilder.build(DefaultModelBuilder.java:263)
	at org.apache.maven.model.building.DefaultModelBuilder.build(DefaultModelBuilder.java:249)
	at org.apache.maven.project.DefaultProjectBuilder.build(DefaultProjectBuilder.java:176)
	... 37 common frames omitted
2026-01-21 13:22:16,592 [Worker-112: Updating Maven Project] INFO  o.e.m.c.i.p.ProjectConfigurationManager - Update started
2026-01-21 13:22:16,689 [Worker-112: Updating Maven Project] INFO  o.e.m.c.i.l.LifecycleMappingFactory - Using org.eclipse.m2e.jdt.JarLifecycleMapping lifecycle mapping for MavenProject: com.example:Customer_Api:0.0.1-SNAPSHOT @ E:\Full-stack\E_commerce\02-Customer-Api\pom.xml.
2026-01-21 13:22:16,930 [Worker-112: Updating Maven Project] ERROR o.e.m.c.i.p.ProjectConfigurationManager - Could not read maven project
org.eclipse.core.runtime.CoreException: Could not read maven project
	at org.eclipse.m2e.core.internal.embedder.MavenImpl.lambda$4(MavenImpl.java:371)
	at org.eclipse.m2e.core.internal.embedder.MavenExecutionContext.executeBare(MavenExecutionContext.java:458)
	at org.eclipse.m2e.core.internal.embedder.MavenExecutionContext.execute(MavenExecutionContext.java:292)
	at org.eclipse.m2e.core.internal.embedder.MavenExecutionContext.execute(MavenExecutionContext.java:278)
	at org.eclipse.m2e.core.internal.embedder.MavenImpl.readProject(MavenImpl.java:361)
	at org.eclipse.m2e.mavenarchiver.internal.AbstractMavenArchiverConfigurator.lambda$4(AbstractMavenArchiverConfigurator.java:576)
	at org.eclipse.m2e.core.internal.embedder.MavenExecutionContext.executeBare(MavenExecutionContext.java:458)
	at org.eclipse.m2e.core.internal.embedder.MavenExecutionContext.execute(MavenExecutionContext.java:339)
	at org.eclipse.m2e.mavenarchiver.internal.AbstractMavenArchiverConfigurator.loadParentHierarchy(AbstractMavenArchiverConfigurator.java:568)
	at org.eclipse.m2e.mavenarchiver.internal.AbstractMavenArchiverConfigurator.generateManifest(AbstractMavenArchiverConfigurator.java:365)
	at org.eclipse.m2e.mavenarchiver.internal.AbstractMavenArchiverConfigurator.mavenProjectChanged(AbstractMavenArchiverConfigurator.java:228)
	at org.eclipse.m2e.mavenarchiver.internal.AbstractMavenArchiverConfigurator.mavenProjectChanged(AbstractMavenArchiverConfigurator.java:220)
	at org.eclipse.m2e.core.internal.project.ProjectConfigurationManager.mavenProjectChanged(ProjectConfigurationManager.java:885)
	at org.eclipse.m2e.core.internal.project.registry.ProjectRegistryManager.notifyProjectChangeListeners(ProjectRegistryManager.java:892)
	at org.eclipse.m2e.core.internal.project.registry.ProjectRegistryManager.applyMutableProjectRegistry(ProjectRegistryManager.java:1042)
	at org.eclipse.m2e.core.internal.project.registry.ProjectRegistryManager.refresh(ProjectRegistryManager.java:324)
	at org.eclipse.m2e.core.internal.project.ProjectConfigurationManager.updateProjectConfiguration0(ProjectConfigurationManager.java:388)
	at org.eclipse.m2e.core.internal.project.ProjectConfigurationManager.lambda$3(ProjectConfigurationManager.java:340)
	at org.eclipse.m2e.core.internal.embedder.MavenExecutionContext.executeBare(MavenExecutionContext.java:458)
	at org.eclipse.m2e.core.internal.embedder.MavenExecutionContext.execute(MavenExecutionContext.java:339)
	at org.eclipse.m2e.core.internal.embedder.MavenExecutionContext.execute(MavenExecutionContext.java:278)
	at org.eclipse.m2e.core.internal.embedder.MavenImpl.execute(MavenImpl.java:1053)
	at org.eclipse.m2e.core.internal.project.ProjectConfigurationManager.updateProjectConfiguration(ProjectConfigurationManager.java:339)
	at org.eclipse.m2e.core.ui.internal.UpdateMavenProjectJob.runInWorkspace(UpdateMavenProjectJob.java:80)
	at org.eclipse.core.internal.resources.InternalWorkspaceJob.run(InternalWorkspaceJob.java:43)
	at org.eclipse.core.internal.jobs.Worker.run(Worker.java:63)
Caused by: org.apache.maven.project.ProjectBuildingException: 1 problem was encountered while building the effective model
[FATAL] Non-readable POM E:\Full-stack\E_commerce\02-Customer-Api: E:\Full-stack\E_commerce\02-Customer-Api (Access is denied) @ 
 for project  at E:\Full-stack\E_commerce\02-Customer-Api
	at org.apache.maven.project.DefaultProjectBuilder.build(DefaultProjectBuilder.java:180)
	at org.apache.maven.project.DefaultProjectBuilder.build(DefaultProjectBuilder.java:123)
	at org.eclipse.m2e.core.internal.embedder.MavenImpl.lambda$4(MavenImpl.java:369)
	... 25 common frames omitted
Caused by: org.apache.maven.model.building.ModelBuildingException: 1 problem was encountered while building the effective model
[FATAL] Non-readable POM E:\Full-stack\E_commerce\02-Customer-Api: E:\Full-stack\E_commerce\02-Customer-Api (Access is denied) @ 

	at org.apache.maven.model.building.DefaultModelProblemCollector.newModelBuildingException(DefaultModelProblemCollector.java:176)
	at org.apache.maven.model.building.DefaultModelBuilder.readModel(DefaultModelBuilder.java:643)
	at org.apache.maven.model.building.DefaultModelBuilder.build(DefaultModelBuilder.java:263)
	at org.apache.maven.model.building.DefaultModelBuilder.build(DefaultModelBuilder.java:249)
	at org.apache.maven.project.DefaultProjectBuilder.build(DefaultProjectBuilder.java:176)
	... 27 common frames omitted
2026-01-21 13:22:17,115 [Worker-112: Updating Maven Project] INFO  o.e.m.j.i.AbstractJavaProjectConfigurator - Adding resource folder /02-Customer-Api/src/main/resources
2026-01-21 13:22:17,115 [Worker-112: Updating Maven Project] INFO  o.e.m.j.i.AbstractJavaProjectConfigurator - Adding resource folder /02-Customer-Api/src/main/resources
2026-01-21 13:22:17,115 [Worker-112: Updating Maven Project] INFO  o.e.m.j.i.AbstractJavaProjectConfigurator - Adding resource folder /02-Customer-Api/src/test/resources
2026-01-21 13:22:17,392 [Worker-112: Updating Maven Project] INFO  o.e.m.c.i.p.ProjectConfigurationManager - Update completed for 1 poms: local refresh takes 0.00 sec, refresh facades takes 0.00 sec, update config takes 0.00 sec 
2026-01-21 13:22:47,029 [Worker-148: Building] INFO  o.e.m.c.i.l.LifecycleMappingFactory - Using org.eclipse.m2e.jdt.JarLifecycleMapping lifecycle mapping for MavenProject: com.example:Customer_Api:0.0.1-SNAPSHOT @ E:\Full-stack\E_commerce\02-Customer-Api\pom.xml.
2026-01-21 13:22:47,314 [Worker-148: Building] ERROR o.e.m.c.i.p.ProjectConfigurationManager - Could not read maven project
org.eclipse.core.runtime.CoreException: Could not read maven project
	at org.eclipse.m2e.core.internal.embedder.MavenImpl.lambda$4(MavenImpl.java:371)
	at org.eclipse.m2e.core.internal.embedder.MavenExecutionContext.executeBare(MavenExecutionContext.java:458)
	at org.eclipse.m2e.core.internal.embedder.MavenExecutionContext.execute(MavenExecutionContext.java:292)
	at org.eclipse.m2e.core.internal.embedder.MavenExecutionContext.execute(MavenExecutionContext.java:278)
	at org.eclipse.m2e.core.internal.embedder.MavenImpl.readProject(MavenImpl.java:361)
	at org.eclipse.m2e.mavenarchiver.internal.AbstractMavenArchiverConfigurator.lambda$4(AbstractMavenArchiverConfigurator.java:576)
	at org.eclipse.m2e.core.internal.embedder.MavenExecutionContext.executeBare(MavenExecutionContext.java:458)
	at org.eclipse.m2e.core.internal.embedder.MavenExecutionContext.execute(MavenExecutionContext.java:339)
	at org.eclipse.m2e.mavenarchiver.internal.AbstractMavenArchiverConfigurator.loadParentHierarchy(AbstractMavenArchiverConfigurator.java:568)
	at org.eclipse.m2e.mavenarchiver.internal.AbstractMavenArchiverConfigurator.generateManifest(AbstractMavenArchiverConfigurator.java:365)
	at org.eclipse.m2e.mavenarchiver.internal.AbstractMavenArchiverConfigurator.mavenProjectChanged(AbstractMavenArchiverConfigurator.java:228)
	at org.eclipse.m2e.mavenarchiver.internal.AbstractMavenArchiverConfigurator.mavenProjectChanged(AbstractMavenArchiverConfigurator.java:220)
	at org.eclipse.m2e.core.internal.project.ProjectConfigurationManager.mavenProjectChanged(ProjectConfigurationManager.java:885)
	at org.eclipse.m2e.core.internal.project.registry.ProjectRegistryManager.notifyProjectChangeListeners(ProjectRegistryManager.java:892)
	at org.eclipse.m2e.core.internal.project.registry.ProjectRegistryManager.applyMutableProjectRegistry(ProjectRegistryManager.java:1042)
	at org.eclipse.m2e.core.internal.project.registry.ProjectRegistryManager.refresh(ProjectRegistryManager.java:324)
	at org.eclipse.m2e.core.internal.builder.MavenBuilder$BuildMethod.getProjectFacade(MavenBuilder.java:146)
	at org.eclipse.m2e.core.internal.builder.MavenBuilder$BuildMethod.lambda$0(MavenBuilder.java:84)
	at org.eclipse.m2e.core.internal.embedder.MavenExecutionContext.executeBare(MavenExecutionContext.java:458)
	at org.eclipse.m2e.core.internal.embedder.MavenExecutionContext.execute(MavenExecutionContext.java:339)
	at org.eclipse.m2e.core.internal.embedder.MavenExecutionContext.execute(MavenExecutionContext.java:278)
	at org.eclipse.m2e.core.internal.builder.MavenBuilder$BuildMethod.execute(MavenBuilder.java:83)
	at org.eclipse.m2e.core.internal.builder.MavenBuilder.build(MavenBuilder.java:192)
	at org.eclipse.core.internal.events.BuildManager$2.run(BuildManager.java:1077)
	at org.eclipse.core.runtime.SafeRunner.run(SafeRunner.java:47)
	at org.eclipse.core.internal.events.BuildManager.basicBuild(BuildManager.java:296)
	at org.eclipse.core.internal.events.BuildManager.basicBuild(BuildManager.java:352)
	at org.eclipse.core.internal.events.BuildManager$1.run(BuildManager.java:441)
	at org.eclipse.core.runtime.SafeRunner.run(SafeRunner.java:47)
	at org.eclipse.core.internal.events.BuildManager.basicBuild(BuildManager.java:444)
	at org.eclipse.core.internal.events.BuildManager.basicBuildLoop(BuildManager.java:555)
	at org.eclipse.core.internal.events.BuildManager.basicBuildLoop(BuildManager.java:503)
	at org.eclipse.core.internal.events.BuildManager.build(BuildManager.java:585)
	at org.eclipse.core.internal.events.AutoBuildJob.doBuild(AutoBuildJob.java:207)
	at org.eclipse.core.internal.events.AutoBuildJob.run(AutoBuildJob.java:300)
	at org.eclipse.core.internal.jobs.Worker.run(Worker.java:63)
Caused by: org.apache.maven.project.ProjectBuildingException: 1 problem was encountered while building the effective model
[FATAL] Non-readable POM E:\Full-stack\E_commerce\02-Customer-Api: E:\Full-stack\E_commerce\02-Customer-Api (Access is denied) @ 
 for project  at E:\Full-stack\E_commerce\02-Customer-Api
	at org.apache.maven.project.DefaultProjectBuilder.build(DefaultProjectBuilder.java:180)
	at org.apache.maven.project.DefaultProjectBuilder.build(DefaultProjectBuilder.java:123)
	at org.eclipse.m2e.core.internal.embedder.MavenImpl.lambda$4(MavenImpl.java:369)
	... 35 common frames omitted
Caused by: org.apache.maven.model.building.ModelBuildingException: 1 problem was encountered while building the effective model
[FATAL] Non-readable POM E:\Full-stack\E_commerce\02-Customer-Api: E:\Full-stack\E_commerce\02-Customer-Api (Access is denied) @ 

	at org.apache.maven.model.building.DefaultModelProblemCollector.newModelBuildingException(DefaultModelProblemCollector.java:176)
	at org.apache.maven.model.building.DefaultModelBuilder.readModel(DefaultModelBuilder.java:643)
	at org.apache.maven.model.building.DefaultModelBuilder.build(DefaultModelBuilder.java:263)
	at org.apache.maven.model.building.DefaultModelBuilder.build(DefaultModelBuilder.java:249)
	at org.apache.maven.project.DefaultProjectBuilder.build(DefaultProjectBuilder.java:176)
	... 37 common frames omitted
2026-01-21 15:07:23,013 [Worker-152: Building] INFO  o.e.m.c.i.l.LifecycleMappingFactory - Using org.eclipse.m2e.jdt.JarLifecycleMapping lifecycle mapping for MavenProject: com.example:Customer_Api:0.0.1-SNAPSHOT @ E:\Full-stack\E_commerce\02-Customer-Api\pom.xml.
2026-01-21 15:07:23,965 [Worker-152: Building] INFO  o.a.m.s.f.DefaultMavenResourcesFiltering - Copying 0 resource from src\main\resources to target\classes
2026-01-21 15:07:23,965 [Worker-152: Building] INFO  o.a.m.s.f.DefaultMavenResourcesFiltering - Copying 0 resource from src\main\resources to target\classes
2026-01-21 15:07:23,970 [Worker-152: Building] INFO  o.a.m.s.f.DefaultMavenResourcesFiltering - skip non existing resourceDirectory E:\Full-stack\E_commerce\02-Customer-Api\src\test\resources
2026-01-21 15:07:30,476 [Worker-153: Building] INFO  o.e.m.c.i.l.LifecycleMappingFactory - Using org.eclipse.m2e.jdt.JarLifecycleMapping lifecycle mapping for MavenProject: com.example:Customer_Api:0.0.1-SNAPSHOT @ E:\Full-stack\E_commerce\02-Customer-Api\pom.xml.
2026-01-21 15:07:51,046 [Worker-154: Building] INFO  o.e.m.c.i.l.LifecycleMappingFactory - Using org.eclipse.m2e.jdt.JarLifecycleMapping lifecycle mapping for MavenProject: com.example:Customer_Api:0.0.1-SNAPSHOT @ E:\Full-stack\E_commerce\02-Customer-Api\pom.xml.
2026-01-21 15:07:51,382 [Worker-154: Building] INFO  o.e.m.c.i.e.AbstractTransferListenerAdapter - Downloading https://repo.maven.apache.org/maven2/org/springframework/boot/spring-boot-starter-mail/3.5.6/spring-boot-starter-mail-3.5.6.pom
2026-01-21 15:07:51,411 [Worker-154: Building] INFO  o.e.m.c.i.e.AbstractTransferListenerAdapter - Downloaded https://repo.maven.apache.org/maven2/org/springframework/boot/spring-boot-starter-mail/3.5.6/spring-boot-starter-mail-3.5.6.pom
2026-01-21 15:07:51,466 [Worker-154: Building] INFO  o.e.m.c.i.e.AbstractTransferListenerAdapter - Downloading https://repo.maven.apache.org/maven2/org/eclipse/angus/jakarta.mail/2.0.4/jakarta.mail-2.0.4.pom
2026-01-21 15:07:51,491 [Worker-154: Building] INFO  o.e.m.c.i.e.AbstractTransferListenerAdapter - Downloaded https://repo.maven.apache.org/maven2/org/eclipse/angus/jakarta.mail/2.0.4/jakarta.mail-2.0.4.pom
2026-01-21 15:07:51,558 [Worker-154: Building] INFO  o.e.m.c.i.e.AbstractTransferListenerAdapter - Downloading https://repo.maven.apache.org/maven2/org/eclipse/angus/all/2.0.4/all-2.0.4.pom
2026-01-21 15:07:51,593 [Worker-154: Building] INFO  o.e.m.c.i.e.AbstractTransferListenerAdapter - Downloaded https://repo.maven.apache.org/maven2/org/eclipse/angus/all/2.0.4/all-2.0.4.pom
2026-01-21 15:07:51,676 [Worker-154: Building] INFO  o.e.m.c.i.e.AbstractTransferListenerAdapter - Downloading https://repo.maven.apache.org/maven2/org/springframework/boot/spring-boot-starter-security/3.5.6/spring-boot-starter-security-3.5.6.pom
2026-01-21 15:07:51,704 [Worker-154: Building] INFO  o.e.m.c.i.e.AbstractTransferListenerAdapter - Downloaded https://repo.maven.apache.org/maven2/org/springframework/boot/spring-boot-starter-security/3.5.6/spring-boot-starter-security-3.5.6.pom
2026-01-21 15:07:51,748 [Worker-154: Building] INFO  o.e.m.c.i.e.AbstractTransferListenerAdapter - Downloading https://repo.maven.apache.org/maven2/org/springframework/security/spring-security-config/6.5.5/spring-security-config-6.5.5.pom
2026-01-21 15:07:51,775 [Worker-154: Building] INFO  o.e.m.c.i.e.AbstractTransferListenerAdapter - Downloaded https://repo.maven.apache.org/maven2/org/springframework/security/spring-security-config/6.5.5/spring-security-config-6.5.5.pom
2026-01-21 15:07:51,825 [Worker-154: Building] INFO  o.e.m.c.i.e.AbstractTransferListenerAdapter - Downloading https://repo.maven.apache.org/maven2/org/springframework/security/spring-security-core/6.5.5/spring-security-core-6.5.5.pom
2026-01-21 15:07:51,851 [Worker-154: Building] INFO  o.e.m.c.i.e.AbstractTransferListenerAdapter - Downloaded https://repo.maven.apache.org/maven2/org/springframework/security/spring-security-core/6.5.5/spring-security-core-6.5.5.pom
2026-01-21 15:07:51,902 [Worker-154: Building] INFO  o.e.m.c.i.e.AbstractTransferListenerAdapter - Downloading https://repo.maven.apache.org/maven2/org/springframework/security/spring-security-web/6.5.5/spring-security-web-6.5.5.pom
2026-01-21 15:07:51,929 [Worker-154: Building] INFO  o.e.m.c.i.e.AbstractTransferListenerAdapter - Downloaded https://repo.maven.apache.org/maven2/org/springframework/security/spring-security-web/6.5.5/spring-security-web-6.5.5.pom
2026-01-21 15:07:51,976 [Worker-154: Building] INFO  o.e.m.c.i.e.AbstractTransferListenerAdapter - Downloading https://repo.maven.apache.org/maven2/org/springframework/security/spring-security-test/6.5.5/spring-security-test-6.5.5.pom
2026-01-21 15:07:52,001 [Worker-154: Building] INFO  o.e.m.c.i.e.AbstractTransferListenerAdapter - Downloaded https://repo.maven.apache.org/maven2/org/springframework/security/spring-security-test/6.5.5/spring-security-test-6.5.5.pom
2026-01-21 15:07:52,191 [Worker-154: Building] INFO  o.e.m.c.i.e.AbstractTransferListenerAdapter - Downloading https://repo.maven.apache.org/maven2/org/springframework/boot/spring-boot-starter-mail/3.5.6/spring-boot-starter-mail-3.5.6.jar
2026-01-21 15:07:52,233 [Worker-154: Building] INFO  o.e.m.c.i.e.AbstractTransferListenerAdapter - Downloaded https://repo.maven.apache.org/maven2/org/springframework/boot/spring-boot-starter-mail/3.5.6/spring-boot-starter-mail-3.5.6.jar
2026-01-21 15:07:52,281 [BasicRepositoryConnector-repo.maven.apache.org-7-0] INFO  o.e.m.c.i.e.AbstractTransferListenerAdapter - Downloading https://repo.maven.apache.org/maven2/org/eclipse/angus/jakarta.mail/2.0.4/jakarta.mail-2.0.4.jar
2026-01-21 15:07:52,352 [BasicRepositoryConnector-repo.maven.apache.org-7-4] INFO  o.e.m.c.i.e.AbstractTransferListenerAdapter - Downloading https://repo.maven.apache.org/maven2/org/springframework/security/spring-security-test/6.5.5/spring-security-test-6.5.5.jar
2026-01-21 15:07:52,358 [BasicRepositoryConnector-repo.maven.apache.org-7-3] INFO  o.e.m.c.i.e.AbstractTransferListenerAdapter - Downloading https://repo.maven.apache.org/maven2/org/springframework/security/spring-security-web/6.5.5/spring-security-web-6.5.5.jar
2026-01-21 15:07:52,360 [BasicRepositoryConnector-repo.maven.apache.org-7-2] INFO  o.e.m.c.i.e.AbstractTransferListenerAdapter - Downloading https://repo.maven.apache.org/maven2/org/springframework/security/spring-security-config/6.5.5/spring-security-config-6.5.5.jar
2026-01-21 15:07:52,387 [BasicRepositoryConnector-repo.maven.apache.org-7-1] INFO  o.e.m.c.i.e.AbstractTransferListenerAdapter - Downloading https://repo.maven.apache.org/maven2/org/springframework/boot/spring-boot-starter-security/3.5.6/spring-boot-starter-security-3.5.6.jar
2026-01-21 15:07:52,433 [BasicRepositoryConnector-repo.maven.apache.org-7-4] INFO  o.e.m.c.i.e.AbstractTransferListenerAdapter - Downloaded https://repo.maven.apache.org/maven2/org/springframework/security/spring-security-test/6.5.5/spring-security-test-6.5.5.jar
2026-01-21 15:07:52,459 [BasicRepositoryConnector-repo.maven.apache.org-7-0] INFO  o.e.m.c.i.e.AbstractTransferListenerAdapter - Downloaded https://repo.maven.apache.org/maven2/org/eclipse/angus/jakarta.mail/2.0.4/jakarta.mail-2.0.4.jar
2026-01-21 15:07:52,464 [BasicRepositoryConnector-repo.maven.apache.org-7-1] INFO  o.e.m.c.i.e.AbstractTransferListenerAdapter - Downloaded https://repo.maven.apache.org/maven2/org/springframework/boot/spring-boot-starter-security/3.5.6/spring-boot-starter-security-3.5.6.jar
2026-01-21 15:07:52,492 [BasicRepositoryConnector-repo.maven.apache.org-7-4] INFO  o.e.m.c.i.e.AbstractTransferListenerAdapter - Downloading https://repo.maven.apache.org/maven2/org/springframework/security/spring-security-core/6.5.5/spring-security-core-6.5.5.jar
2026-01-21 15:07:52,566 [BasicRepositoryConnector-repo.maven.apache.org-7-3] INFO  o.e.m.c.i.e.AbstractTransferListenerAdapter - Downloaded https://repo.maven.apache.org/maven2/org/springframework/security/spring-security-web/6.5.5/spring-security-web-6.5.5.jar
2026-01-21 15:07:52,568 [BasicRepositoryConnector-repo.maven.apache.org-7-4] INFO  o.e.m.c.i.e.AbstractTransferListenerAdapter - Downloaded https://repo.maven.apache.org/maven2/org/springframework/security/spring-security-core/6.5.5/spring-security-core-6.5.5.jar
2026-01-21 15:07:52,619 [BasicRepositoryConnector-repo.maven.apache.org-7-2] INFO  o.e.m.c.i.e.AbstractTransferListenerAdapter - Downloaded https://repo.maven.apache.org/maven2/org/springframework/security/spring-security-config/6.5.5/spring-security-config-6.5.5.jar
2026-01-21 15:07:54,871 [Worker-160: Updating Maven Project] INFO  o.e.m.c.i.p.ProjectConfigurationManager - Update started
2026-01-21 15:07:55,045 [Worker-160: Updating Maven Project] INFO  o.e.m.c.i.l.LifecycleMappingFactory - Using org.eclipse.m2e.jdt.JarLifecycleMapping lifecycle mapping for MavenProject: com.example:Customer_Api:0.0.1-SNAPSHOT @ E:\Full-stack\E_commerce\02-Customer-Api\pom.xml.
2026-01-21 15:07:55,638 [Worker-152: Download sources and javadoc] INFO  o.e.m.c.i.e.AbstractTransferListenerAdapter - Downloading https://repo.maven.apache.org/maven2/org/springframework/boot/spring-boot-starter-mail/3.5.6/spring-boot-starter-mail-3.5.6-sources.jar
2026-01-21 15:07:55,645 [Worker-152: Download sources and javadoc] INFO  o.e.m.c.i.e.AbstractTransferListenerAdapter - Downloaded https://repo.maven.apache.org/maven2/org/springframework/boot/spring-boot-starter-mail/3.5.6/spring-boot-starter-mail-3.5.6-sources.jar
2026-01-21 15:07:55,649 [Worker-152: Download sources and javadoc] INFO  o.e.m.j.internal.DownloadSourcesJob - Downloaded sources for org.springframework.boot:spring-boot-starter-mail:3.5.6
2026-01-21 15:07:55,678 [Worker-160: Updating Maven Project] INFO  o.e.m.j.i.AbstractJavaProjectConfigurator - Adding resource folder /02-Customer-Api/src/main/resources
2026-01-21 15:07:55,678 [Worker-160: Updating Maven Project] INFO  o.e.m.j.i.AbstractJavaProjectConfigurator - Adding resource folder /02-Customer-Api/src/main/resources
2026-01-21 15:07:55,678 [Worker-160: Updating Maven Project] INFO  o.e.m.j.i.AbstractJavaProjectConfigurator - Adding resource folder /02-Customer-Api/src/test/resources
2026-01-21 15:07:55,755 [Worker-152: Download sources and javadoc] INFO  o.e.m.c.i.e.AbstractTransferListenerAdapter - Downloading https://repo.maven.apache.org/maven2/org/eclipse/angus/jakarta.mail/2.0.4/jakarta.mail-2.0.4-sources.jar
2026-01-21 15:07:55,914 [Worker-152: Download sources and javadoc] INFO  o.e.m.c.i.e.AbstractTransferListenerAdapter - Downloaded https://repo.maven.apache.org/maven2/org/eclipse/angus/jakarta.mail/2.0.4/jakarta.mail-2.0.4-sources.jar
2026-01-21 15:07:55,919 [Worker-152: Download sources and javadoc] INFO  o.e.m.j.internal.DownloadSourcesJob - Downloaded sources for org.eclipse.angus:jakarta.mail:2.0.4
2026-01-21 15:07:55,998 [Worker-152: Download sources and javadoc] INFO  o.e.m.c.i.e.AbstractTransferListenerAdapter - Downloading https://repo.maven.apache.org/maven2/org/springframework/boot/spring-boot-starter-security/3.5.6/spring-boot-starter-security-3.5.6-sources.jar
2026-01-21 15:07:56,015 [Worker-152: Download sources and javadoc] INFO  o.e.m.c.i.e.AbstractTransferListenerAdapter - Downloaded https://repo.maven.apache.org/maven2/org/springframework/boot/spring-boot-starter-security/3.5.6/spring-boot-starter-security-3.5.6-sources.jar
2026-01-21 15:07:56,020 [Worker-152: Download sources and javadoc] INFO  o.e.m.j.internal.DownloadSourcesJob - Downloaded sources for org.springframework.boot:spring-boot-starter-security:3.5.6
2026-01-21 15:07:56,120 [Worker-152: Download sources and javadoc] INFO  o.e.m.c.i.e.AbstractTransferListenerAdapter - Downloading https://repo.maven.apache.org/maven2/org/springframework/security/spring-security-config/6.5.5/spring-security-config-6.5.5-sources.jar
2026-01-21 15:07:56,132 [Worker-160: Updating Maven Project] INFO  o.e.m.c.i.p.ProjectConfigurationManager - Update completed for 1 poms: local refresh takes 0.00 sec, refresh facades takes 0.00 sec, update config takes 0.00 sec 
2026-01-21 15:07:56,333 [Worker-152: Download sources and javadoc] INFO  o.e.m.c.i.e.AbstractTransferListenerAdapter - Downloaded https://repo.maven.apache.org/maven2/org/springframework/security/spring-security-config/6.5.5/spring-security-config-6.5.5-sources.jar
2026-01-21 15:07:56,337 [Worker-152: Download sources and javadoc] INFO  o.e.m.j.internal.DownloadSourcesJob - Downloaded sources for org.springframework.security:spring-security-config:6.5.5
2026-01-21 15:07:56,475 [Worker-152: Download sources and javadoc] INFO  o.e.m.c.i.e.AbstractTransferListenerAdapter - Downloading https://repo.maven.apache.org/maven2/org/springframework/security/spring-security-web/6.5.5/spring-security-web-6.5.5-sources.jar
2026-01-21 15:07:56,672 [Worker-152: Download sources and javadoc] INFO  o.e.m.c.i.e.AbstractTransferListenerAdapter - Downloaded https://repo.maven.apache.org/maven2/org/springframework/security/spring-security-web/6.5.5/spring-security-web-6.5.5-sources.jar
2026-01-21 15:07:56,676 [Worker-152: Download sources and javadoc] INFO  o.e.m.j.internal.DownloadSourcesJob - Downloaded sources for org.springframework.security:spring-security-web:6.5.5
2026-01-21 15:07:56,771 [Worker-152: Download sources and javadoc] INFO  o.e.m.c.i.e.AbstractTransferListenerAdapter - Downloading https://repo.maven.apache.org/maven2/org/springframework/security/spring-security-test/6.5.5/spring-security-test-6.5.5-sources.jar
2026-01-21 15:07:56,812 [Worker-152: Download sources and javadoc] INFO  o.e.m.c.i.e.AbstractTransferListenerAdapter - Downloaded https://repo.maven.apache.org/maven2/org/springframework/security/spring-security-test/6.5.5/spring-security-test-6.5.5-sources.jar
2026-01-21 15:07:56,816 [Worker-152: Download sources and javadoc] INFO  o.e.m.j.internal.DownloadSourcesJob - Downloaded sources for org.springframework.security:spring-security-test:6.5.5
2026-01-21 15:07:56,918 [Worker-152: Download sources and javadoc] INFO  o.e.m.c.i.e.AbstractTransferListenerAdapter - Downloading https://repo.maven.apache.org/maven2/org/springframework/security/spring-security-core/6.5.5/spring-security-core-6.5.5-sources.jar
2026-01-21 15:07:57,066 [Worker-152: Download sources and javadoc] INFO  o.e.m.c.i.e.AbstractTransferListenerAdapter - Downloaded https://repo.maven.apache.org/maven2/org/springframework/security/spring-security-core/6.5.5/spring-security-core-6.5.5-sources.jar
2026-01-21 15:07:57,070 [Worker-152: Download sources and javadoc] INFO  o.e.m.j.internal.DownloadSourcesJob - Downloaded sources for org.springframework.security:spring-security-core:6.5.5
2026-01-21 15:08:59,434 [Worker-153: Building] INFO  o.e.m.c.i.l.LifecycleMappingFactory - Using org.eclipse.m2e.jdt.JarLifecycleMapping lifecycle mapping for MavenProject: com.example:Customer_Api:0.0.1-SNAPSHOT @ E:\Full-stack\E_commerce\02-Customer-Api\pom.xml.
2026-01-21 15:08:59,683 [Worker-153: Building] ERROR o.e.m.c.i.p.ProjectConfigurationManager - Could not read maven project
org.eclipse.core.runtime.CoreException: Could not read maven project
	at org.eclipse.m2e.core.internal.embedder.MavenImpl.lambda$4(MavenImpl.java:371)
	at org.eclipse.m2e.core.internal.embedder.MavenExecutionContext.executeBare(MavenExecutionContext.java:458)
	at org.eclipse.m2e.core.internal.embedder.MavenExecutionContext.execute(MavenExecutionContext.java:292)
	at org.eclipse.m2e.core.internal.embedder.MavenExecutionContext.execute(MavenExecutionContext.java:278)
	at org.eclipse.m2e.core.internal.embedder.MavenImpl.readProject(MavenImpl.java:361)
	at org.eclipse.m2e.mavenarchiver.internal.AbstractMavenArchiverConfigurator.lambda$4(AbstractMavenArchiverConfigurator.java:576)
	at org.eclipse.m2e.core.internal.embedder.MavenExecutionContext.executeBare(MavenExecutionContext.java:458)
	at org.eclipse.m2e.core.internal.embedder.MavenExecutionContext.execute(MavenExecutionContext.java:339)
	at org.eclipse.m2e.mavenarchiver.internal.AbstractMavenArchiverConfigurator.loadParentHierarchy(AbstractMavenArchiverConfigurator.java:568)
	at org.eclipse.m2e.mavenarchiver.internal.AbstractMavenArchiverConfigurator.generateManifest(AbstractMavenArchiverConfigurator.java:365)
	at org.eclipse.m2e.mavenarchiver.internal.AbstractMavenArchiverConfigurator.mavenProjectChanged(AbstractMavenArchiverConfigurator.java:228)
	at org.eclipse.m2e.mavenarchiver.internal.AbstractMavenArchiverConfigurator.mavenProjectChanged(AbstractMavenArchiverConfigurator.java:220)
	at org.eclipse.m2e.core.internal.project.ProjectConfigurationManager.mavenProjectChanged(ProjectConfigurationManager.java:885)
	at org.eclipse.m2e.core.internal.project.registry.ProjectRegistryManager.notifyProjectChangeListeners(ProjectRegistryManager.java:892)
	at org.eclipse.m2e.core.internal.project.registry.ProjectRegistryManager.applyMutableProjectRegistry(ProjectRegistryManager.java:1042)
	at org.eclipse.m2e.core.internal.project.registry.ProjectRegistryManager.refresh(ProjectRegistryManager.java:324)
	at org.eclipse.m2e.core.internal.builder.MavenBuilder$BuildMethod.getProjectFacade(MavenBuilder.java:146)
	at org.eclipse.m2e.core.internal.builder.MavenBuilder$BuildMethod.lambda$0(MavenBuilder.java:84)
	at org.eclipse.m2e.core.internal.embedder.MavenExecutionContext.executeBare(MavenExecutionContext.java:458)
	at org.eclipse.m2e.core.internal.embedder.MavenExecutionContext.execute(MavenExecutionContext.java:339)
	at org.eclipse.m2e.core.internal.embedder.MavenExecutionContext.execute(MavenExecutionContext.java:278)
	at org.eclipse.m2e.core.internal.builder.MavenBuilder$BuildMethod.execute(MavenBuilder.java:83)
	at org.eclipse.m2e.core.internal.builder.MavenBuilder.build(MavenBuilder.java:192)
	at org.eclipse.core.internal.events.BuildManager$2.run(BuildManager.java:1077)
	at org.eclipse.core.runtime.SafeRunner.run(SafeRunner.java:47)
	at org.eclipse.core.internal.events.BuildManager.basicBuild(BuildManager.java:296)
	at org.eclipse.core.internal.events.BuildManager.basicBuild(BuildManager.java:352)
	at org.eclipse.core.internal.events.BuildManager$1.run(BuildManager.java:441)
	at org.eclipse.core.runtime.SafeRunner.run(SafeRunner.java:47)
	at org.eclipse.core.internal.events.BuildManager.basicBuild(BuildManager.java:444)
	at org.eclipse.core.internal.events.BuildManager.basicBuildLoop(BuildManager.java:555)
	at org.eclipse.core.internal.events.BuildManager.basicBuildLoop(BuildManager.java:503)
	at org.eclipse.core.internal.events.BuildManager.build(BuildManager.java:585)
	at org.eclipse.core.internal.events.AutoBuildJob.doBuild(AutoBuildJob.java:207)
	at org.eclipse.core.internal.events.AutoBuildJob.run(AutoBuildJob.java:300)
	at org.eclipse.core.internal.jobs.Worker.run(Worker.java:63)
Caused by: org.apache.maven.project.ProjectBuildingException: 1 problem was encountered while building the effective model
[FATAL] Non-readable POM E:\Full-stack\E_commerce\02-Customer-Api: E:\Full-stack\E_commerce\02-Customer-Api (Access is denied) @ 
 for project  at E:\Full-stack\E_commerce\02-Customer-Api
	at org.apache.maven.project.DefaultProjectBuilder.build(DefaultProjectBuilder.java:180)
	at org.apache.maven.project.DefaultProjectBuilder.build(DefaultProjectBuilder.java:123)
	at org.eclipse.m2e.core.internal.embedder.MavenImpl.lambda$4(MavenImpl.java:369)
	... 35 common frames omitted
Caused by: org.apache.maven.model.building.ModelBuildingException: 1 problem was encountered while building the effective model
[FATAL] Non-readable POM E:\Full-stack\E_commerce\02-Customer-Api: E:\Full-stack\E_commerce\02-Customer-Api (Access is denied) @ 

	at org.apache.maven.model.building.DefaultModelProblemCollector.newModelBuildingException(DefaultModelProblemCollector.java:176)
	at org.apache.maven.model.building.DefaultModelBuilder.readModel(DefaultModelBuilder.java:643)
	at org.apache.maven.model.building.DefaultModelBuilder.build(DefaultModelBuilder.java:263)
	at org.apache.maven.model.building.DefaultModelBuilder.build(DefaultModelBuilder.java:249)
	at org.apache.maven.project.DefaultProjectBuilder.build(DefaultProjectBuilder.java:176)
	... 37 common frames omitted
2026-01-21 15:14:14,189 [Worker-168: Updating Maven Project] INFO  o.e.m.c.i.p.ProjectConfigurationManager - Update started
2026-01-21 15:14:14,293 [Worker-168: Updating Maven Project] INFO  o.e.m.c.i.l.LifecycleMappingFactory - Using org.eclipse.m2e.jdt.JarLifecycleMapping lifecycle mapping for MavenProject: com.example:Customer_Api:0.0.1-SNAPSHOT @ E:\Full-stack\E_commerce\02-Customer-Api\pom.xml.
2026-01-21 15:14:14,539 [Worker-168: Updating Maven Project] ERROR o.e.m.c.i.p.ProjectConfigurationManager - Could not read maven project
org.eclipse.core.runtime.CoreException: Could not read maven project
	at org.eclipse.m2e.core.internal.embedder.MavenImpl.lambda$4(MavenImpl.java:371)
	at org.eclipse.m2e.core.internal.embedder.MavenExecutionContext.executeBare(MavenExecutionContext.java:458)
	at org.eclipse.m2e.core.internal.embedder.MavenExecutionContext.execute(MavenExecutionContext.java:292)
	at org.eclipse.m2e.core.internal.embedder.MavenExecutionContext.execute(MavenExecutionContext.java:278)
	at org.eclipse.m2e.core.internal.embedder.MavenImpl.readProject(MavenImpl.java:361)
	at org.eclipse.m2e.mavenarchiver.internal.AbstractMavenArchiverConfigurator.lambda$4(AbstractMavenArchiverConfigurator.java:576)
	at org.eclipse.m2e.core.internal.embedder.MavenExecutionContext.executeBare(MavenExecutionContext.java:458)
	at org.eclipse.m2e.core.internal.embedder.MavenExecutionContext.execute(MavenExecutionContext.java:339)
	at org.eclipse.m2e.mavenarchiver.internal.AbstractMavenArchiverConfigurator.loadParentHierarchy(AbstractMavenArchiverConfigurator.java:568)
	at org.eclipse.m2e.mavenarchiver.internal.AbstractMavenArchiverConfigurator.generateManifest(AbstractMavenArchiverConfigurator.java:365)
	at org.eclipse.m2e.mavenarchiver.internal.AbstractMavenArchiverConfigurator.mavenProjectChanged(AbstractMavenArchiverConfigurator.java:228)
	at org.eclipse.m2e.mavenarchiver.internal.AbstractMavenArchiverConfigurator.mavenProjectChanged(AbstractMavenArchiverConfigurator.java:220)
	at org.eclipse.m2e.core.internal.project.ProjectConfigurationManager.mavenProjectChanged(ProjectConfigurationManager.java:885)
	at org.eclipse.m2e.core.internal.project.registry.ProjectRegistryManager.notifyProjectChangeListeners(ProjectRegistryManager.java:892)
	at org.eclipse.m2e.core.internal.project.registry.ProjectRegistryManager.applyMutableProjectRegistry(ProjectRegistryManager.java:1042)
	at org.eclipse.m2e.core.internal.project.registry.ProjectRegistryManager.refresh(ProjectRegistryManager.java:324)
	at org.eclipse.m2e.core.internal.project.ProjectConfigurationManager.updateProjectConfiguration0(ProjectConfigurationManager.java:388)
	at org.eclipse.m2e.core.internal.project.ProjectConfigurationManager.lambda$3(ProjectConfigurationManager.java:340)
	at org.eclipse.m2e.core.internal.embedder.MavenExecutionContext.executeBare(MavenExecutionContext.java:458)
	at org.eclipse.m2e.core.internal.embedder.MavenExecutionContext.execute(MavenExecutionContext.java:339)
	at org.eclipse.m2e.core.internal.embedder.MavenExecutionContext.execute(MavenExecutionContext.java:278)
	at org.eclipse.m2e.core.internal.embedder.MavenImpl.execute(MavenImpl.java:1053)
	at org.eclipse.m2e.core.internal.project.ProjectConfigurationManager.updateProjectConfiguration(ProjectConfigurationManager.java:339)
	at org.eclipse.m2e.core.ui.internal.UpdateMavenProjectJob.runInWorkspace(UpdateMavenProjectJob.java:80)
	at org.eclipse.core.internal.resources.InternalWorkspaceJob.run(InternalWorkspaceJob.java:43)
	at org.eclipse.core.internal.jobs.Worker.run(Worker.java:63)
Caused by: org.apache.maven.project.ProjectBuildingException: 1 problem was encountered while building the effective model
[FATAL] Non-readable POM E:\Full-stack\E_commerce\02-Customer-Api: E:\Full-stack\E_commerce\02-Customer-Api (Access is denied) @ 
 for project  at E:\Full-stack\E_commerce\02-Customer-Api
	at org.apache.maven.project.DefaultProjectBuilder.build(DefaultProjectBuilder.java:180)
	at org.apache.maven.project.DefaultProjectBuilder.build(DefaultProjectBuilder.java:123)
	at org.eclipse.m2e.core.internal.embedder.MavenImpl.lambda$4(MavenImpl.java:369)
	... 25 common frames omitted
Caused by: org.apache.maven.model.building.ModelBuildingException: 1 problem was encountered while building the effective model
[FATAL] Non-readable POM E:\Full-stack\E_commerce\02-Customer-Api: E:\Full-stack\E_commerce\02-Customer-Api (Access is denied) @ 

	at org.apache.maven.model.building.DefaultModelProblemCollector.newModelBuildingException(DefaultModelProblemCollector.java:176)
	at org.apache.maven.model.building.DefaultModelBuilder.readModel(DefaultModelBuilder.java:643)
	at org.apache.maven.model.building.DefaultModelBuilder.build(DefaultModelBuilder.java:263)
	at org.apache.maven.model.building.DefaultModelBuilder.build(DefaultModelBuilder.java:249)
	at org.apache.maven.project.DefaultProjectBuilder.build(DefaultProjectBuilder.java:176)
	... 27 common frames omitted
2026-01-21 15:14:14,730 [Worker-168: Updating Maven Project] INFO  o.e.m.j.i.AbstractJavaProjectConfigurator - Adding resource folder /02-Customer-Api/src/main/resources
2026-01-21 15:14:14,731 [Worker-168: Updating Maven Project] INFO  o.e.m.j.i.AbstractJavaProjectConfigurator - Adding resource folder /02-Customer-Api/src/main/resources
2026-01-21 15:14:14,731 [Worker-168: Updating Maven Project] INFO  o.e.m.j.i.AbstractJavaProjectConfigurator - Adding resource folder /02-Customer-Api/src/test/resources
2026-01-21 15:14:14,986 [Worker-168: Updating Maven Project] INFO  o.e.m.c.i.p.ProjectConfigurationManager - Update completed for 1 poms: local refresh takes 0.00 sec, refresh facades takes 0.00 sec, update config takes 0.00 sec 
2026-01-21 15:19:07,635 [Stop Help Server] INFO  org.eclipse.jetty.server.Server - Stopped oejs.Server@28c527ab{STOPPING}[12.0.9,sto=0]
2026-01-21 15:19:07,657 [Stop Help Server] INFO  o.e.jetty.server.AbstractConnector - Stopped ServerConnector@562f02ba{HTTP/1.1, (http/1.1)}{127.0.0.1:0}
2026-01-21 15:27:07,375 [Worker-4: Loading available Gradle versions] INFO  o.e.b.c.i.u.g.PublishedGradleVersions - Gradle version information cache is up-to-date. Trying to read.
2026-01-21 15:27:08,125 [Worker-1: reload maven project] ERROR o.e.m2e.editor.pom.MavenPomEditor - failed to load maven project for org.eclipse.ui.part.FileEditorInput(/02-Customer-Api/pom.xml)
org.eclipse.core.runtime.CoreException: Could not read maven project
	at org.eclipse.m2e.core.internal.project.registry.ProjectRegistryManager.readProjectWithDependencies(ProjectRegistryManager.java:917)
	at org.eclipse.m2e.core.internal.project.registry.MavenProjectCache$CacheLine.lambda$1(MavenProjectCache.java:192)
	at java.base/java.util.concurrent.ConcurrentHashMap.computeIfAbsent(ConcurrentHashMap.java:1708)
	at org.eclipse.m2e.core.internal.project.registry.MavenProjectCache$CacheLine.getProject(MavenProjectCache.java:191)
	at org.eclipse.m2e.core.internal.project.registry.MavenProjectCache.getMavenProject(MavenProjectCache.java:105)
	at org.eclipse.m2e.core.internal.project.registry.ProjectRegistryManager.lambda$24(ProjectRegistryManager.java:1101)
	at java.base/java.util.Map.computeIfAbsent(Map.java:1066)
	at org.eclipse.m2e.core.internal.project.registry.ProjectRegistryManager.getMavenProject(ProjectRegistryManager.java:1100)
	at org.eclipse.m2e.core.internal.project.registry.MavenProjectFacade.getMavenProject(MavenProjectFacade.java:289)
	at org.eclipse.m2e.core.ui.internal.actions.SelectionUtil.getMavenProject(SelectionUtil.java:241)
	at org.eclipse.m2e.editor.pom.MavenPomEditor.readMavenProject(MavenPomEditor.java:709)
	at org.eclipse.m2e.editor.pom.MavenPomEditor$4.run(MavenPomEditor.java:1029)
	at org.eclipse.core.internal.jobs.Worker.run(Worker.java:63)
2026-01-21 15:28:39,336 [Worker-0: Importing Maven projects] ERROR o.e.m.c.i.p.ProjectConfigurationManager - Project 02-Customer-Api already exists
2026-01-21 15:28:39,345 [Worker-0: Importing Maven projects] INFO  o.e.m.c.i.p.ProjectConfigurationManager - Imported and configured 1 project(s) in 0 sec
2026-01-21 15:31:43,619 [Worker-7: Importing Maven projects] ERROR o.e.m.c.i.p.ProjectConfigurationManager - Project 02-Customer-Api already exists
2026-01-21 15:31:43,621 [Worker-7: Importing Maven projects] INFO  o.e.m.c.i.p.ProjectConfigurationManager - Imported and configured 1 project(s) in 0 sec
2026-01-21 15:33:52,983 [Worker-6: Loading available Gradle versions] INFO  o.e.b.c.i.u.g.PublishedGradleVersions - Gradle version information cache is up-to-date. Trying to read.
2026-01-21 15:33:53,250 [Worker-1: reload maven project] ERROR o.e.m2e.editor.pom.MavenPomEditor - failed to load maven project for org.eclipse.ui.part.FileEditorInput(/02-Customer-Api/pom.xml)
org.eclipse.core.runtime.CoreException: Could not read maven project
	at org.eclipse.m2e.core.internal.project.registry.ProjectRegistryManager.readProjectWithDependencies(ProjectRegistryManager.java:917)
	at org.eclipse.m2e.core.internal.project.registry.MavenProjectCache$CacheLine.lambda$1(MavenProjectCache.java:192)
	at java.base/java.util.concurrent.ConcurrentHashMap.computeIfAbsent(ConcurrentHashMap.java:1708)
	at org.eclipse.m2e.core.internal.project.registry.MavenProjectCache$CacheLine.getProject(MavenProjectCache.java:191)
	at org.eclipse.m2e.core.internal.project.registry.MavenProjectCache.getMavenProject(MavenProjectCache.java:105)
	at org.eclipse.m2e.core.internal.project.registry.ProjectRegistryManager.lambda$24(ProjectRegistryManager.java:1101)
	at java.base/java.util.Map.computeIfAbsent(Map.java:1066)
	at org.eclipse.m2e.core.internal.project.registry.ProjectRegistryManager.getMavenProject(ProjectRegistryManager.java:1100)
	at org.eclipse.m2e.core.internal.project.registry.MavenProjectFacade.getMavenProject(MavenProjectFacade.java:289)
	at org.eclipse.m2e.core.ui.internal.actions.SelectionUtil.getMavenProject(SelectionUtil.java:241)
	at org.eclipse.m2e.editor.pom.MavenPomEditor.readMavenProject(MavenPomEditor.java:709)
	at org.eclipse.m2e.editor.pom.MavenPomEditor$4.run(MavenPomEditor.java:1029)
	at org.eclipse.core.internal.jobs.Worker.run(Worker.java:63)
2026-01-21 15:34:12,629 [Worker-0: Updating Maven Dependencies] INFO  o.e.m.c.i.l.LifecycleMappingFactory - Using org.eclipse.m2e.jdt.JarLifecycleMapping lifecycle mapping for MavenProject: in.ashokit:Order_Api:0.0.1-SNAPSHOT @ E:\Full-stack\E_commerce\03-Order-Api\pom.xml.
2026-01-21 15:34:14,859 [Worker-3: Building] INFO  o.e.m.c.i.l.LifecycleMappingFactory - Using org.eclipse.m2e.jdt.JarLifecycleMapping lifecycle mapping for MavenProject: in.ashokit:Order_Api:0.0.1-SNAPSHOT @ E:\Full-stack\E_commerce\03-Order-Api\pom.xml.
2026-01-21 15:34:18,478 [Worker-6: Updating Maven Dependencies] INFO  o.e.m.c.i.l.LifecycleMappingFactory - Using org.eclipse.m2e.jdt.JarLifecycleMapping lifecycle mapping for MavenProject: in.ashokit:Order_Api:0.0.1-SNAPSHOT @ E:\Full-stack\E_commerce\03-Order-Api\pom.xml.
2026-01-21 15:35:40,164 [Worker-13: Importing Maven projects] INFO  o.e.m.c.i.l.LifecycleMappingFactory - Using org.eclipse.m2e.jdt.JarLifecycleMapping lifecycle mapping for MavenProject: com.example:Customer_Api:0.0.1-SNAPSHOT @ E:\Full-stack\E_commerce\02-Customers-Api\pom.xml.
2026-01-21 15:35:40,494 [Worker-13: Importing Maven projects] ERROR o.e.m.c.i.p.ProjectConfigurationManager - Could not read maven project
org.eclipse.core.runtime.CoreException: Could not read maven project
	at org.eclipse.m2e.core.internal.embedder.MavenImpl.lambda$4(MavenImpl.java:371)
	at org.eclipse.m2e.core.internal.embedder.MavenExecutionContext.executeBare(MavenExecutionContext.java:458)
	at org.eclipse.m2e.core.internal.embedder.MavenExecutionContext.execute(MavenExecutionContext.java:292)
	at org.eclipse.m2e.core.internal.embedder.MavenExecutionContext.execute(MavenExecutionContext.java:278)
	at org.eclipse.m2e.core.internal.embedder.MavenImpl.readProject(MavenImpl.java:361)
	at org.eclipse.m2e.mavenarchiver.internal.AbstractMavenArchiverConfigurator.lambda$4(AbstractMavenArchiverConfigurator.java:576)
	at org.eclipse.m2e.core.internal.embedder.MavenExecutionContext.executeBare(MavenExecutionContext.java:458)
	at org.eclipse.m2e.core.internal.embedder.MavenExecutionContext.execute(MavenExecutionContext.java:339)
	at org.eclipse.m2e.mavenarchiver.internal.AbstractMavenArchiverConfigurator.loadParentHierarchy(AbstractMavenArchiverConfigurator.java:568)
	at org.eclipse.m2e.mavenarchiver.internal.AbstractMavenArchiverConfigurator.generateManifest(AbstractMavenArchiverConfigurator.java:365)
	at org.eclipse.m2e.mavenarchiver.internal.AbstractMavenArchiverConfigurator.mavenProjectChanged(AbstractMavenArchiverConfigurator.java:228)
	at org.eclipse.m2e.mavenarchiver.internal.AbstractMavenArchiverConfigurator.mavenProjectChanged(AbstractMavenArchiverConfigurator.java:220)
	at org.eclipse.m2e.core.internal.project.ProjectConfigurationManager.mavenProjectChanged(ProjectConfigurationManager.java:885)
	at org.eclipse.m2e.core.internal.project.registry.ProjectRegistryManager.notifyProjectChangeListeners(ProjectRegistryManager.java:892)
	at org.eclipse.m2e.core.internal.project.registry.ProjectRegistryManager.applyMutableProjectRegistry(ProjectRegistryManager.java:1042)
	at org.eclipse.m2e.core.internal.project.registry.ProjectRegistryManager.refresh(ProjectRegistryManager.java:324)
	at org.eclipse.m2e.core.internal.project.ProjectConfigurationManager.configureNewMavenProjects(ProjectConfigurationManager.java:256)
	at org.eclipse.m2e.core.internal.project.ProjectConfigurationManager.lambda$1(ProjectConfigurationManager.java:166)
	at org.eclipse.m2e.core.internal.embedder.MavenExecutionContext.executeBare(MavenExecutionContext.java:458)
	at org.eclipse.m2e.core.internal.embedder.MavenExecutionContext.execute(MavenExecutionContext.java:339)
	at org.eclipse.m2e.core.internal.embedder.MavenExecutionContext.execute(MavenExecutionContext.java:278)
	at org.eclipse.m2e.core.internal.project.ProjectConfigurationManager.importProjects(ProjectConfigurationManager.java:139)
	at org.eclipse.m2e.core.ui.internal.wizards.ImportMavenProjectsJob$1.doCreateMavenProjects(ImportMavenProjectsJob.java:71)
	at org.eclipse.m2e.core.ui.internal.wizards.AbstractCreateMavenProjectsOperation.run(AbstractCreateMavenProjectsOperation.java:56)
	at org.eclipse.m2e.core.ui.internal.wizards.ImportMavenProjectsJob.runInWorkspace(ImportMavenProjectsJob.java:80)
	at org.eclipse.core.internal.resources.InternalWorkspaceJob.run(InternalWorkspaceJob.java:43)
	at org.eclipse.core.internal.jobs.Worker.run(Worker.java:63)
Caused by: org.apache.maven.project.ProjectBuildingException: 1 problem was encountered while building the effective model
[FATAL] Non-readable POM E:\Full-stack\E_commerce\02-Customers-Api: E:\Full-stack\E_commerce\02-Customers-Api (Access is denied) @ 
 for project  at E:\Full-stack\E_commerce\02-Customers-Api
	at org.apache.maven.project.DefaultProjectBuilder.build(DefaultProjectBuilder.java:180)
	at org.apache.maven.project.DefaultProjectBuilder.build(DefaultProjectBuilder.java:123)
	at org.eclipse.m2e.core.internal.embedder.MavenImpl.lambda$4(MavenImpl.java:369)
	... 26 common frames omitted
Caused by: org.apache.maven.model.building.ModelBuildingException: 1 problem was encountered while building the effective model
[FATAL] Non-readable POM E:\Full-stack\E_commerce\02-Customers-Api: E:\Full-stack\E_commerce\02-Customers-Api (Access is denied) @ 

	at org.apache.maven.model.building.DefaultModelProblemCollector.newModelBuildingException(DefaultModelProblemCollector.java:176)
	at org.apache.maven.model.building.DefaultModelBuilder.readModel(DefaultModelBuilder.java:643)
	at org.apache.maven.model.building.DefaultModelBuilder.build(DefaultModelBuilder.java:263)
	at org.apache.maven.model.building.DefaultModelBuilder.build(DefaultModelBuilder.java:249)
	at org.apache.maven.project.DefaultProjectBuilder.build(DefaultProjectBuilder.java:176)
	... 28 common frames omitted
2026-01-21 15:35:40,808 [Worker-13: Importing Maven projects] INFO  o.e.m.j.i.AbstractJavaProjectConfigurator - Adding resource folder /02-Customers-Api/src/main/resources
2026-01-21 15:35:40,820 [Worker-13: Importing Maven projects] INFO  o.e.m.j.i.AbstractJavaProjectConfigurator - Adding resource folder /02-Customers-Api/src/main/resources
2026-01-21 15:35:40,821 [Worker-13: Importing Maven projects] INFO  o.e.m.j.i.AbstractJavaProjectConfigurator - Adding resource folder /02-Customers-Api/src/test/resources
2026-01-21 15:35:41,163 [Worker-13: Importing Maven projects] INFO  o.e.m.c.i.p.ProjectConfigurationManager - Imported and configured 1 project(s) in 1 sec
2026-01-21 15:41:10,686 [Worker-8: Updating Maven Dependencies] INFO  o.e.m.c.i.l.LifecycleMappingFactory - Using org.eclipse.m2e.jdt.JarLifecycleMapping lifecycle mapping for MavenProject: com.example:Product_Api:0.0.1-SNAPSHOT @ E:\Full-stack\E_commerce\01-Product-Api\pom.xml.
2026-01-21 15:41:35,856 [Worker-8: Building] INFO  o.a.m.s.f.DefaultMavenResourcesFiltering - skip non existing resourceDirectory E:\Full-stack\E_commerce\01-Product-Api\src\main\resources
2026-01-21 15:41:35,856 [Worker-8: Building] INFO  o.a.m.s.f.DefaultMavenResourcesFiltering - skip non existing resourceDirectory E:\Full-stack\E_commerce\01-Product-Api\src\main\resources
2026-01-21 15:41:35,859 [Worker-8: Building] INFO  o.a.m.s.f.DefaultMavenResourcesFiltering - skip non existing resourceDirectory E:\Full-stack\E_commerce\01-Product-Api\src\test\resources
2026-01-21 15:41:37,201 [Worker-18: Building] INFO  o.a.m.s.f.DefaultMavenResourcesFiltering - skip non existing resourceDirectory E:\Full-stack\E_commerce\01-Product-Api\src\main\resources
2026-01-21 15:41:37,201 [Worker-18: Building] INFO  o.a.m.s.f.DefaultMavenResourcesFiltering - skip non existing resourceDirectory E:\Full-stack\E_commerce\01-Product-Api\src\main\resources
2026-01-21 15:41:37,202 [Worker-18: Building] INFO  o.a.m.s.f.DefaultMavenResourcesFiltering - skip non existing resourceDirectory E:\Full-stack\E_commerce\01-Product-Api\src\test\resources
2026-01-21 15:41:45,370 [Worker-0: Building] INFO  o.a.m.s.f.DefaultMavenResourcesFiltering - Copying 1 resource from src\main\resources to target\classes
2026-01-21 15:41:45,384 [Worker-0: Building] INFO  o.a.m.s.f.DefaultMavenResourcesFiltering - Copying 0 resource from src\main\resources to target\classes
2026-01-21 15:41:45,387 [Worker-0: Building] INFO  o.a.m.s.f.DefaultMavenResourcesFiltering - skip non existing resourceDirectory E:\Full-stack\E_commerce\01-Product-Api\src\test\resources
2026-01-21 15:42:45,952 [Worker-18: Updating Maven Dependencies] INFO  o.e.m.c.i.l.LifecycleMappingFactory - Using org.eclipse.m2e.jdt.JarLifecycleMapping lifecycle mapping for MavenProject: in.ashokit:Order_Api:0.0.1-SNAPSHOT @ E:\Full-stack\E_commerce\03-Order-Api\pom.xml.
2026-01-21 15:49:49,428 [Worker-6: Loading available Gradle versions] INFO  o.e.b.c.i.u.g.PublishedGradleVersions - Gradle version information cache is up-to-date. Trying to read.
2026-01-21 15:58:38,222 [Worker-6: Loading available Gradle versions] INFO  o.e.b.c.i.u.g.PublishedGradleVersions - Gradle version information cache is up-to-date. Trying to read.
2026-01-21 15:58:57,324 [Worker-1: reload maven project] ERROR o.e.m2e.editor.pom.MavenPomEditor - failed to load maven project for org.eclipse.ui.part.FileEditorInput(/02-Customers-Api/pom.xml)
org.eclipse.core.runtime.CoreException: Could not read maven project
	at org.eclipse.m2e.core.internal.project.registry.ProjectRegistryManager.readProjectWithDependencies(ProjectRegistryManager.java:917)
	at org.eclipse.m2e.core.internal.project.registry.MavenProjectCache$CacheLine.lambda$1(MavenProjectCache.java:192)
	at java.base/java.util.concurrent.ConcurrentHashMap.computeIfAbsent(ConcurrentHashMap.java:1708)
	at org.eclipse.m2e.core.internal.project.registry.MavenProjectCache$CacheLine.getProject(MavenProjectCache.java:191)
	at org.eclipse.m2e.core.internal.project.registry.MavenProjectCache.getMavenProject(MavenProjectCache.java:105)
	at org.eclipse.m2e.core.internal.project.registry.ProjectRegistryManager.lambda$24(ProjectRegistryManager.java:1101)
	at java.base/java.util.Map.computeIfAbsent(Map.java:1066)
	at org.eclipse.m2e.core.internal.project.registry.ProjectRegistryManager.getMavenProject(ProjectRegistryManager.java:1100)
	at org.eclipse.m2e.core.internal.project.registry.MavenProjectFacade.getMavenProject(MavenProjectFacade.java:289)
	at org.eclipse.m2e.core.ui.internal.actions.SelectionUtil.getMavenProject(SelectionUtil.java:241)
	at org.eclipse.m2e.editor.pom.MavenPomEditor.readMavenProject(MavenPomEditor.java:709)
	at org.eclipse.m2e.editor.pom.MavenPomEditor$4.run(MavenPomEditor.java:1029)
	at org.eclipse.core.internal.jobs.Worker.run(Worker.java:63)
2026-01-21 15:59:06,705 [Worker-2: Updating Maven Dependencies] INFO  o.e.m.c.i.l.LifecycleMappingFactory - Using org.eclipse.m2e.jdt.JarLifecycleMapping lifecycle mapping for MavenProject: in.ashokit:06-Ecom-AdminServer:0.0.1-SNAPSHOT @ E:\Full-stack\E_commerce\06-Ecom-AdminServer\pom.xml.
2026-01-21 15:59:08,535 [Worker-2: Updating Maven Dependencies] ERROR o.e.m.c.i.p.ProjectConfigurationManager - Could not read maven project
org.eclipse.core.runtime.CoreException: Could not read maven project
	at org.eclipse.m2e.core.internal.embedder.MavenImpl.lambda$4(MavenImpl.java:371)
	at org.eclipse.m2e.core.internal.embedder.MavenExecutionContext.executeBare(MavenExecutionContext.java:458)
	at org.eclipse.m2e.core.internal.embedder.MavenExecutionContext.execute(MavenExecutionContext.java:292)
	at org.eclipse.m2e.core.internal.embedder.MavenExecutionContext.execute(MavenExecutionContext.java:278)
	at org.eclipse.m2e.core.internal.embedder.MavenImpl.readProject(MavenImpl.java:361)
	at org.eclipse.m2e.mavenarchiver.internal.AbstractMavenArchiverConfigurator.lambda$4(AbstractMavenArchiverConfigurator.java:576)
	at org.eclipse.m2e.core.internal.embedder.MavenExecutionContext.executeBare(MavenExecutionContext.java:458)
	at org.eclipse.m2e.core.internal.embedder.MavenExecutionContext.execute(MavenExecutionContext.java:339)
	at org.eclipse.m2e.mavenarchiver.internal.AbstractMavenArchiverConfigurator.loadParentHierarchy(AbstractMavenArchiverConfigurator.java:568)
	at org.eclipse.m2e.mavenarchiver.internal.AbstractMavenArchiverConfigurator.generateManifest(AbstractMavenArchiverConfigurator.java:365)
	at org.eclipse.m2e.mavenarchiver.internal.AbstractMavenArchiverConfigurator.mavenProjectChanged(AbstractMavenArchiverConfigurator.java:228)
	at org.eclipse.m2e.mavenarchiver.internal.AbstractMavenArchiverConfigurator.mavenProjectChanged(AbstractMavenArchiverConfigurator.java:220)
	at org.eclipse.m2e.core.internal.project.ProjectConfigurationManager.mavenProjectChanged(ProjectConfigurationManager.java:885)
	at org.eclipse.m2e.core.internal.project.registry.ProjectRegistryManager.notifyProjectChangeListeners(ProjectRegistryManager.java:892)
	at org.eclipse.m2e.core.internal.project.registry.ProjectRegistryManager.applyMutableProjectRegistry(ProjectRegistryManager.java:1042)
	at org.eclipse.m2e.core.internal.project.registry.ProjectRegistryRefreshJob.lambda$0(ProjectRegistryRefreshJob.java:162)
	at org.eclipse.m2e.core.internal.embedder.MavenExecutionContext.executeBare(MavenExecutionContext.java:458)
	at org.eclipse.m2e.core.internal.embedder.MavenExecutionContext.execute(MavenExecutionContext.java:339)
	at org.eclipse.m2e.core.internal.embedder.MavenExecutionContext.execute(MavenExecutionContext.java:278)
	at org.eclipse.m2e.core.internal.project.registry.ProjectRegistryRefreshJob.run(ProjectRegistryRefreshJob.java:106)
	at org.eclipse.core.internal.jobs.Worker.run(Worker.java:63)
Caused by: org.apache.maven.project.ProjectBuildingException: 1 problem was encountered while building the effective model
[FATAL] Non-readable POM E:\Full-stack\E_commerce\06-Ecom-AdminServer: E:\Full-stack\E_commerce\06-Ecom-AdminServer (Access is denied) @ 
 for project  at E:\Full-stack\E_commerce\06-Ecom-AdminServer
	at org.apache.maven.project.DefaultProjectBuilder.build(DefaultProjectBuilder.java:180)
	at org.apache.maven.project.DefaultProjectBuilder.build(DefaultProjectBuilder.java:123)
	at org.eclipse.m2e.core.internal.embedder.MavenImpl.lambda$4(MavenImpl.java:369)
	... 20 common frames omitted
Caused by: org.apache.maven.model.building.ModelBuildingException: 1 problem was encountered while building the effective model
[FATAL] Non-readable POM E:\Full-stack\E_commerce\06-Ecom-AdminServer: E:\Full-stack\E_commerce\06-Ecom-AdminServer (Access is denied) @ 

	at org.apache.maven.model.building.DefaultModelProblemCollector.newModelBuildingException(DefaultModelProblemCollector.java:176)
	at org.apache.maven.model.building.DefaultModelBuilder.readModel(DefaultModelBuilder.java:643)
	at org.apache.maven.model.building.DefaultModelBuilder.build(DefaultModelBuilder.java:263)
	at org.apache.maven.model.building.DefaultModelBuilder.build(DefaultModelBuilder.java:249)
	at org.apache.maven.project.DefaultProjectBuilder.build(DefaultProjectBuilder.java:176)
	... 22 common frames omitted
2026-01-21 16:00:18,973 [Worker-12: Updating Maven Dependencies] INFO  o.e.m.c.i.l.LifecycleMappingFactory - Using org.eclipse.m2e.jdt.JarLifecycleMapping lifecycle mapping for MavenProject: in.ashokit:05-Ecom-ServiceRegistry:0.0.1-SNAPSHOT @ E:\Full-stack\E_commerce\05-Ecom-ServiceRegistry\pom.xml.
2026-01-21 16:01:32,068 [Worker-2: Updating Maven Dependencies] INFO  o.e.m.c.i.l.LifecycleMappingFactory - Using org.eclipse.m2e.jdt.JarLifecycleMapping lifecycle mapping for MavenProject: in.ashokit:04-Notification-Api:0.0.1-SNAPSHOT @ E:\Full-stack\E_commerce\04-Notification-Api\pom.xml.
2026-01-21 16:11:11,477 [Worker-4: Loading available Gradle versions] INFO  o.e.b.c.i.u.g.PublishedGradleVersions - Gradle version information cache is up-to-date. Trying to read.
2026-01-21 16:11:41,993 [Worker-2: Updating Maven Project] INFO  o.e.m.c.i.p.ProjectConfigurationManager - Update started
2026-01-21 16:11:42,538 [Worker-2: Updating Maven Project] INFO  o.e.m.c.i.l.LifecycleMappingFactory - Using org.eclipse.m2e.jdt.JarLifecycleMapping lifecycle mapping for MavenProject: com.example:Customer_Api:0.0.1-SNAPSHOT @ E:\Full-stack\E_commerce\02-Customers-Api\pom.xml.
2026-01-21 16:11:43,031 [Worker-2: Updating Maven Project] ERROR o.e.m.c.i.p.ProjectConfigurationManager - Could not read maven project
org.eclipse.core.runtime.CoreException: Could not read maven project
	at org.eclipse.m2e.core.internal.embedder.MavenImpl.lambda$4(MavenImpl.java:371)
	at org.eclipse.m2e.core.internal.embedder.MavenExecutionContext.executeBare(MavenExecutionContext.java:458)
	at org.eclipse.m2e.core.internal.embedder.MavenExecutionContext.execute(MavenExecutionContext.java:292)
	at org.eclipse.m2e.core.internal.embedder.MavenExecutionContext.execute(MavenExecutionContext.java:278)
	at org.eclipse.m2e.core.internal.embedder.MavenImpl.readProject(MavenImpl.java:361)
	at org.eclipse.m2e.mavenarchiver.internal.AbstractMavenArchiverConfigurator.lambda$4(AbstractMavenArchiverConfigurator.java:576)
	at org.eclipse.m2e.core.internal.embedder.MavenExecutionContext.executeBare(MavenExecutionContext.java:458)
	at org.eclipse.m2e.core.internal.embedder.MavenExecutionContext.execute(MavenExecutionContext.java:339)
	at org.eclipse.m2e.mavenarchiver.internal.AbstractMavenArchiverConfigurator.loadParentHierarchy(AbstractMavenArchiverConfigurator.java:568)
	at org.eclipse.m2e.mavenarchiver.internal.AbstractMavenArchiverConfigurator.generateManifest(AbstractMavenArchiverConfigurator.java:365)
	at org.eclipse.m2e.mavenarchiver.internal.AbstractMavenArchiverConfigurator.mavenProjectChanged(AbstractMavenArchiverConfigurator.java:228)
	at org.eclipse.m2e.mavenarchiver.internal.AbstractMavenArchiverConfigurator.mavenProjectChanged(AbstractMavenArchiverConfigurator.java:220)
	at org.eclipse.m2e.core.internal.project.ProjectConfigurationManager.mavenProjectChanged(ProjectConfigurationManager.java:885)
	at org.eclipse.m2e.core.internal.project.registry.ProjectRegistryManager.notifyProjectChangeListeners(ProjectRegistryManager.java:892)
	at org.eclipse.m2e.core.internal.project.registry.ProjectRegistryManager.applyMutableProjectRegistry(ProjectRegistryManager.java:1042)
	at org.eclipse.m2e.core.internal.project.registry.ProjectRegistryManager.refresh(ProjectRegistryManager.java:324)
	at org.eclipse.m2e.core.internal.project.ProjectConfigurationManager.updateProjectConfiguration0(ProjectConfigurationManager.java:388)
	at org.eclipse.m2e.core.internal.project.ProjectConfigurationManager.lambda$3(ProjectConfigurationManager.java:340)
	at org.eclipse.m2e.core.internal.embedder.MavenExecutionContext.executeBare(MavenExecutionContext.java:458)
	at org.eclipse.m2e.core.internal.embedder.MavenExecutionContext.execute(MavenExecutionContext.java:339)
	at org.eclipse.m2e.core.internal.embedder.MavenExecutionContext.execute(MavenExecutionContext.java:278)
	at org.eclipse.m2e.core.internal.embedder.MavenImpl.execute(MavenImpl.java:1053)
	at org.eclipse.m2e.core.internal.project.ProjectConfigurationManager.updateProjectConfiguration(ProjectConfigurationManager.java:339)
	at org.eclipse.m2e.core.ui.internal.UpdateMavenProjectJob.runInWorkspace(UpdateMavenProjectJob.java:80)
	at org.eclipse.core.internal.resources.InternalWorkspaceJob.run(InternalWorkspaceJob.java:43)
	at org.eclipse.core.internal.jobs.Worker.run(Worker.java:63)
Caused by: org.apache.maven.project.ProjectBuildingException: 1 problem was encountered while building the effective model
[FATAL] Non-readable POM E:\Full-stack\E_commerce\02-Customers-Api: E:\Full-stack\E_commerce\02-Customers-Api (Access is denied) @ 
 for project  at E:\Full-stack\E_commerce\02-Customers-Api
	at org.apache.maven.project.DefaultProjectBuilder.build(DefaultProjectBuilder.java:180)
	at org.apache.maven.project.DefaultProjectBuilder.build(DefaultProjectBuilder.java:123)
	at org.eclipse.m2e.core.internal.embedder.MavenImpl.lambda$4(MavenImpl.java:369)
	... 25 common frames omitted
Caused by: org.apache.maven.model.building.ModelBuildingException: 1 problem was encountered while building the effective model
[FATAL] Non-readable POM E:\Full-stack\E_commerce\02-Customers-Api: E:\Full-stack\E_commerce\02-Customers-Api (Access is denied) @ 

	at org.apache.maven.model.building.DefaultModelProblemCollector.newModelBuildingException(DefaultModelProblemCollector.java:176)
	at org.apache.maven.model.building.DefaultModelBuilder.readModel(DefaultModelBuilder.java:643)
	at org.apache.maven.model.building.DefaultModelBuilder.build(DefaultModelBuilder.java:263)
	at org.apache.maven.model.building.DefaultModelBuilder.build(DefaultModelBuilder.java:249)
	at org.apache.maven.project.DefaultProjectBuilder.build(DefaultProjectBuilder.java:176)
	... 27 common frames omitted
2026-01-21 16:11:43,415 [Worker-2: Updating Maven Project] INFO  o.e.m.j.i.AbstractJavaProjectConfigurator - Adding resource folder /02-Customers-Api/src/main/resources
2026-01-21 16:11:43,416 [Worker-2: Updating Maven Project] INFO  o.e.m.j.i.AbstractJavaProjectConfigurator - Adding resource folder /02-Customers-Api/src/main/resources
2026-01-21 16:11:43,417 [Worker-2: Updating Maven Project] INFO  o.e.m.j.i.AbstractJavaProjectConfigurator - Adding resource folder /02-Customers-Api/src/test/resources
2026-01-21 16:11:43,891 [Worker-2: Updating Maven Project] INFO  o.e.m.c.i.p.ProjectConfigurationManager - Update completed for 1 poms: local refresh takes 0.00 sec, refresh facades takes 1.00 sec, update config takes 0.00 sec 
2026-01-21 16:12:44,144 [Worker-5: Updating Maven Project] INFO  o.e.m.c.i.p.ProjectConfigurationManager - Update started
2026-01-21 16:12:44,415 [Worker-5: Updating Maven Project] INFO  o.e.m.c.i.l.LifecycleMappingFactory - Using org.eclipse.m2e.jdt.JarLifecycleMapping lifecycle mapping for MavenProject: in.ashokit:06-Ecom-AdminServer:0.0.1-SNAPSHOT @ E:\Full-stack\E_commerce\06-Ecom-AdminServer\pom.xml.
2026-01-21 16:12:44,706 [Worker-5: Updating Maven Project] ERROR o.e.m.c.i.p.ProjectConfigurationManager - Could not read maven project
org.eclipse.core.runtime.CoreException: Could not read maven project
	at org.eclipse.m2e.core.internal.embedder.MavenImpl.lambda$4(MavenImpl.java:371)
	at org.eclipse.m2e.core.internal.embedder.MavenExecutionContext.executeBare(MavenExecutionContext.java:458)
	at org.eclipse.m2e.core.internal.embedder.MavenExecutionContext.execute(MavenExecutionContext.java:292)
	at org.eclipse.m2e.core.internal.embedder.MavenExecutionContext.execute(MavenExecutionContext.java:278)
	at org.eclipse.m2e.core.internal.embedder.MavenImpl.readProject(MavenImpl.java:361)
	at org.eclipse.m2e.mavenarchiver.internal.AbstractMavenArchiverConfigurator.lambda$4(AbstractMavenArchiverConfigurator.java:576)
	at org.eclipse.m2e.core.internal.embedder.MavenExecutionContext.executeBare(MavenExecutionContext.java:458)
	at org.eclipse.m2e.core.internal.embedder.MavenExecutionContext.execute(MavenExecutionContext.java:339)
	at org.eclipse.m2e.mavenarchiver.internal.AbstractMavenArchiverConfigurator.loadParentHierarchy(AbstractMavenArchiverConfigurator.java:568)
	at org.eclipse.m2e.mavenarchiver.internal.AbstractMavenArchiverConfigurator.generateManifest(AbstractMavenArchiverConfigurator.java:365)
	at org.eclipse.m2e.mavenarchiver.internal.AbstractMavenArchiverConfigurator.mavenProjectChanged(AbstractMavenArchiverConfigurator.java:228)
	at org.eclipse.m2e.mavenarchiver.internal.AbstractMavenArchiverConfigurator.mavenProjectChanged(AbstractMavenArchiverConfigurator.java:220)
	at org.eclipse.m2e.core.internal.project.ProjectConfigurationManager.mavenProjectChanged(ProjectConfigurationManager.java:885)
	at org.eclipse.m2e.core.internal.project.registry.ProjectRegistryManager.notifyProjectChangeListeners(ProjectRegistryManager.java:892)
	at org.eclipse.m2e.core.internal.project.registry.ProjectRegistryManager.applyMutableProjectRegistry(ProjectRegistryManager.java:1042)
	at org.eclipse.m2e.core.internal.project.registry.ProjectRegistryManager.refresh(ProjectRegistryManager.java:324)
	at org.eclipse.m2e.core.internal.project.ProjectConfigurationManager.updateProjectConfiguration0(ProjectConfigurationManager.java:388)
	at org.eclipse.m2e.core.internal.project.ProjectConfigurationManager.lambda$3(ProjectConfigurationManager.java:340)
	at org.eclipse.m2e.core.internal.embedder.MavenExecutionContext.executeBare(MavenExecutionContext.java:458)
	at org.eclipse.m2e.core.internal.embedder.MavenExecutionContext.execute(MavenExecutionContext.java:339)
	at org.eclipse.m2e.core.internal.embedder.MavenExecutionContext.execute(MavenExecutionContext.java:278)
	at org.eclipse.m2e.core.internal.embedder.MavenImpl.execute(MavenImpl.java:1053)
	at org.eclipse.m2e.core.internal.project.ProjectConfigurationManager.updateProjectConfiguration(ProjectConfigurationManager.java:339)
	at org.eclipse.m2e.core.ui.internal.UpdateMavenProjectJob.runInWorkspace(UpdateMavenProjectJob.java:80)
	at org.eclipse.core.internal.resources.InternalWorkspaceJob.run(InternalWorkspaceJob.java:43)
	at org.eclipse.core.internal.jobs.Worker.run(Worker.java:63)
Caused by: org.apache.maven.project.ProjectBuildingException: 1 problem was encountered while building the effective model
[FATAL] Non-readable POM E:\Full-stack\E_commerce\06-Ecom-AdminServer: E:\Full-stack\E_commerce\06-Ecom-AdminServer (Access is denied) @ 
 for project  at E:\Full-stack\E_commerce\06-Ecom-AdminServer
	at org.apache.maven.project.DefaultProjectBuilder.build(DefaultProjectBuilder.java:180)
	at org.apache.maven.project.DefaultProjectBuilder.build(DefaultProjectBuilder.java:123)
	at org.eclipse.m2e.core.internal.embedder.MavenImpl.lambda$4(MavenImpl.java:369)
	... 25 common frames omitted
Caused by: org.apache.maven.model.building.ModelBuildingException: 1 problem was encountered while building the effective model
[FATAL] Non-readable POM E:\Full-stack\E_commerce\06-Ecom-AdminServer: E:\Full-stack\E_commerce\06-Ecom-AdminServer (Access is denied) @ 

	at org.apache.maven.model.building.DefaultModelProblemCollector.newModelBuildingException(DefaultModelProblemCollector.java:176)
	at org.apache.maven.model.building.DefaultModelBuilder.readModel(DefaultModelBuilder.java:643)
	at org.apache.maven.model.building.DefaultModelBuilder.build(DefaultModelBuilder.java:263)
	at org.apache.maven.model.building.DefaultModelBuilder.build(DefaultModelBuilder.java:249)
	at org.apache.maven.project.DefaultProjectBuilder.build(DefaultProjectBuilder.java:176)
	... 27 common frames omitted
2026-01-21 16:12:44,911 [Worker-5: Updating Maven Project] INFO  o.e.m.j.i.AbstractJavaProjectConfigurator - Adding resource folder /06-Ecom-AdminServer/src/main/resources
2026-01-21 16:12:44,911 [Worker-5: Updating Maven Project] INFO  o.e.m.j.i.AbstractJavaProjectConfigurator - Adding resource folder /06-Ecom-AdminServer/src/main/resources
2026-01-21 16:12:44,912 [Worker-5: Updating Maven Project] INFO  o.e.m.j.i.AbstractJavaProjectConfigurator - Adding resource folder /06-Ecom-AdminServer/src/test/resources
2026-01-21 16:12:45,219 [Worker-5: Updating Maven Project] INFO  o.e.m.c.i.p.ProjectConfigurationManager - Update completed for 1 poms: local refresh takes 0.00 sec, refresh facades takes 0.00 sec, update config takes 0.00 sec 
2026-01-21 17:15:11,429 [Worker-5: Updating Maven Project] INFO  o.e.m.c.i.p.ProjectConfigurationManager - Update started
2026-01-21 17:15:11,613 [Worker-5: Updating Maven Project] INFO  o.e.m.c.i.l.LifecycleMappingFactory - Using org.eclipse.m2e.jdt.JarLifecycleMapping lifecycle mapping for MavenProject: com.example:Customer_Api:0.0.1-SNAPSHOT @ E:\Full-stack\E_commerce\02-Customers-Api\pom.xml.
2026-01-21 17:15:11,999 [Worker-5: Updating Maven Project] ERROR o.e.m.c.i.p.ProjectConfigurationManager - Could not read maven project
org.eclipse.core.runtime.CoreException: Could not read maven project
	at org.eclipse.m2e.core.internal.embedder.MavenImpl.lambda$4(MavenImpl.java:371)
	at org.eclipse.m2e.core.internal.embedder.MavenExecutionContext.executeBare(MavenExecutionContext.java:458)
	at org.eclipse.m2e.core.internal.embedder.MavenExecutionContext.execute(MavenExecutionContext.java:292)
	at org.eclipse.m2e.core.internal.embedder.MavenExecutionContext.execute(MavenExecutionContext.java:278)
	at org.eclipse.m2e.core.internal.embedder.MavenImpl.readProject(MavenImpl.java:361)
	at org.eclipse.m2e.mavenarchiver.internal.AbstractMavenArchiverConfigurator.lambda$4(AbstractMavenArchiverConfigurator.java:576)
	at org.eclipse.m2e.core.internal.embedder.MavenExecutionContext.executeBare(MavenExecutionContext.java:458)
	at org.eclipse.m2e.core.internal.embedder.MavenExecutionContext.execute(MavenExecutionContext.java:339)
	at org.eclipse.m2e.mavenarchiver.internal.AbstractMavenArchiverConfigurator.loadParentHierarchy(AbstractMavenArchiverConfigurator.java:568)
	at org.eclipse.m2e.mavenarchiver.internal.AbstractMavenArchiverConfigurator.generateManifest(AbstractMavenArchiverConfigurator.java:365)
	at org.eclipse.m2e.mavenarchiver.internal.AbstractMavenArchiverConfigurator.mavenProjectChanged(AbstractMavenArchiverConfigurator.java:228)
	at org.eclipse.m2e.mavenarchiver.internal.AbstractMavenArchiverConfigurator.mavenProjectChanged(AbstractMavenArchiverConfigurator.java:220)
	at org.eclipse.m2e.core.internal.project.ProjectConfigurationManager.mavenProjectChanged(ProjectConfigurationManager.java:885)
	at org.eclipse.m2e.core.internal.project.registry.ProjectRegistryManager.notifyProjectChangeListeners(ProjectRegistryManager.java:892)
	at org.eclipse.m2e.core.internal.project.registry.ProjectRegistryManager.applyMutableProjectRegistry(ProjectRegistryManager.java:1042)
	at org.eclipse.m2e.core.internal.project.registry.ProjectRegistryManager.refresh(ProjectRegistryManager.java:324)
	at org.eclipse.m2e.core.internal.project.ProjectConfigurationManager.updateProjectConfiguration0(ProjectConfigurationManager.java:388)
	at org.eclipse.m2e.core.internal.project.ProjectConfigurationManager.lambda$3(ProjectConfigurationManager.java:340)
	at org.eclipse.m2e.core.internal.embedder.MavenExecutionContext.executeBare(MavenExecutionContext.java:458)
	at org.eclipse.m2e.core.internal.embedder.MavenExecutionContext.execute(MavenExecutionContext.java:339)
	at org.eclipse.m2e.core.internal.embedder.MavenExecutionContext.execute(MavenExecutionContext.java:278)
	at org.eclipse.m2e.core.internal.embedder.MavenImpl.execute(MavenImpl.java:1053)
	at org.eclipse.m2e.core.internal.project.ProjectConfigurationManager.updateProjectConfiguration(ProjectConfigurationManager.java:339)
	at org.eclipse.m2e.core.ui.internal.UpdateMavenProjectJob.runInWorkspace(UpdateMavenProjectJob.java:80)
	at org.eclipse.core.internal.resources.InternalWorkspaceJob.run(InternalWorkspaceJob.java:43)
	at org.eclipse.core.internal.jobs.Worker.run(Worker.java:63)
Caused by: org.apache.maven.project.ProjectBuildingException: 1 problem was encountered while building the effective model
[FATAL] Non-readable POM E:\Full-stack\E_commerce\02-Customers-Api: E:\Full-stack\E_commerce\02-Customers-Api (Access is denied) @ 
 for project  at E:\Full-stack\E_commerce\02-Customers-Api
	at org.apache.maven.project.DefaultProjectBuilder.build(DefaultProjectBuilder.java:180)
	at org.apache.maven.project.DefaultProjectBuilder.build(DefaultProjectBuilder.java:123)
	at org.eclipse.m2e.core.internal.embedder.MavenImpl.lambda$4(MavenImpl.java:369)
	... 25 common frames omitted
Caused by: org.apache.maven.model.building.ModelBuildingException: 1 problem was encountered while building the effective model
[FATAL] Non-readable POM E:\Full-stack\E_commerce\02-Customers-Api: E:\Full-stack\E_commerce\02-Customers-Api (Access is denied) @ 

	at org.apache.maven.model.building.DefaultModelProblemCollector.newModelBuildingException(DefaultModelProblemCollector.java:176)
	at org.apache.maven.model.building.DefaultModelBuilder.readModel(DefaultModelBuilder.java:643)
	at org.apache.maven.model.building.DefaultModelBuilder.build(DefaultModelBuilder.java:263)
	at org.apache.maven.model.building.DefaultModelBuilder.build(DefaultModelBuilder.java:249)
	at org.apache.maven.project.DefaultProjectBuilder.build(DefaultProjectBuilder.java:176)
	... 27 common frames omitted
2026-01-21 17:15:12,219 [Worker-5: Updating Maven Project] INFO  o.e.m.j.i.AbstractJavaProjectConfigurator - Adding resource folder /02-Customers-Api/src/main/resources
2026-01-21 17:15:12,219 [Worker-5: Updating Maven Project] INFO  o.e.m.j.i.AbstractJavaProjectConfigurator - Adding resource folder /02-Customers-Api/src/main/resources
2026-01-21 17:15:12,221 [Worker-5: Updating Maven Project] INFO  o.e.m.j.i.AbstractJavaProjectConfigurator - Adding resource folder /02-Customers-Api/src/test/resources
2026-01-21 17:15:12,518 [Worker-5: Updating Maven Project] INFO  o.e.m.c.i.p.ProjectConfigurationManager - Update completed for 1 poms: local refresh takes 0.00 sec, refresh facades takes 0.00 sec, update config takes 0.00 sec 
2026-01-21 17:42:40,080 [Worker-17: Import Getting Started Content] INFO  o.e.m.c.i.l.LifecycleMappingFactory - Using org.eclipse.m2e.jdt.JarLifecycleMapping lifecycle mapping for MavenProject: in.ashokit:06-Ecom-AdminServer:0.0.1-SNAPSHOT @ E:\Full-stack\E_commerce\06-Ecom-AdminServer\pom.xml.
2026-01-21 17:42:40,774 [Worker-17: Import Getting Started Content] INFO  o.e.m.j.i.AbstractJavaProjectConfigurator - Adding source folder /06-Ecom-AdminServer/src/main/java
2026-01-21 17:42:40,774 [Worker-17: Import Getting Started Content] INFO  o.e.m.j.i.AbstractJavaProjectConfigurator - Adding resource folder /06-Ecom-AdminServer/src/main/resources
2026-01-21 17:42:40,776 [Worker-17: Import Getting Started Content] INFO  o.e.m.j.i.AbstractJavaProjectConfigurator - Adding resource folder /06-Ecom-AdminServer/src/main/resources
2026-01-21 17:42:40,777 [Worker-17: Import Getting Started Content] INFO  o.e.m.j.i.AbstractJavaProjectConfigurator - Adding source folder /06-Ecom-AdminServer/src/test/java
2026-01-21 17:42:40,777 [Worker-17: Import Getting Started Content] INFO  o.e.m.j.i.AbstractJavaProjectConfigurator - Adding resource folder /06-Ecom-AdminServer/src/test/resources
2026-01-21 17:42:41,096 [Worker-17: Import Getting Started Content] INFO  o.e.m.c.i.p.ProjectConfigurationManager - Imported and configured 1 project(s) in 1 sec
2026-01-21 17:42:41,097 [Worker-17: Import Getting Started Content] INFO  o.e.m.c.i.p.ProjectConfigurationManager - Update started
2026-01-21 17:42:41,376 [Worker-17: Import Getting Started Content] INFO  o.e.m.c.i.l.LifecycleMappingFactory - Using org.eclipse.m2e.jdt.JarLifecycleMapping lifecycle mapping for MavenProject: in.ashokit:06-Ecom-AdminServer:0.0.1-SNAPSHOT @ E:\Full-stack\E_commerce\06-Ecom-AdminServer\pom.xml.
2026-01-21 17:42:41,769 [Worker-17: Import Getting Started Content] INFO  o.e.m.j.i.AbstractJavaProjectConfigurator - Adding source folder /06-Ecom-AdminServer/src/main/java
2026-01-21 17:42:41,769 [Worker-17: Import Getting Started Content] INFO  o.e.m.j.i.AbstractJavaProjectConfigurator - Adding resource folder /06-Ecom-AdminServer/src/main/resources
2026-01-21 17:42:41,770 [Worker-17: Import Getting Started Content] INFO  o.e.m.j.i.AbstractJavaProjectConfigurator - Adding resource folder /06-Ecom-AdminServer/src/main/resources
2026-01-21 17:42:41,770 [Worker-17: Import Getting Started Content] INFO  o.e.m.j.i.AbstractJavaProjectConfigurator - Adding source folder /06-Ecom-AdminServer/src/test/java
2026-01-21 17:42:41,770 [Worker-17: Import Getting Started Content] INFO  o.e.m.j.i.AbstractJavaProjectConfigurator - Adding resource folder /06-Ecom-AdminServer/src/test/resources
2026-01-21 17:42:41,987 [Worker-17: Import Getting Started Content] INFO  o.e.m.c.i.p.ProjectConfigurationManager - Update completed for 1 poms: local refresh takes 0.00 sec, refresh facades takes 0.00 sec, update config takes 0.00 sec 
2026-01-21 17:42:42,325 [Worker-14: Building] INFO  o.a.m.s.f.DefaultMavenResourcesFiltering - Copying 1 resource from src\main\resources to target\classes
2026-01-21 17:42:42,340 [Worker-14: Building] INFO  o.a.m.s.f.DefaultMavenResourcesFiltering - Copying 0 resource from src\main\resources to target\classes
2026-01-21 17:42:42,343 [Worker-14: Building] INFO  o.a.m.s.f.DefaultMavenResourcesFiltering - skip non existing resourceDirectory E:\Full-stack\E_commerce\06-Ecom-AdminServer\src\test\resources
2026-01-21 17:43:51,653 [Start Help Server] INFO  org.eclipse.jetty.server.Server - jetty-12.0.9; built: 2024-05-03T13:03:17.262Z; git: efe8023327e67287f9bfd006700e6a71d45b5dd6; jvm 21.0.3+9-LTS
2026-01-21 17:43:51,709 [Start Help Server] INFO  o.e.j.server.handler.ContextHandler - Started oeje8n.ContextHandler$CoreContextHandler@29659bae{/help,/help,b=null,a=AVAILABLE,h=oeje8n.ContextHandler$CoreContextHandler$CoreToNestedHandler@284ee7c7{STARTED}}
2026-01-21 17:43:51,710 [Start Help Server] INFO  o.e.j.s.DefaultSessionIdManager - Session workerName=node0
2026-01-21 17:43:51,731 [Start Help Server] INFO  o.e.jetty.server.AbstractConnector - Started ServerConnector@4126068a{HTTP/1.1, (http/1.1)}{127.0.0.1:63517}
2026-01-21 17:43:51,747 [Start Help Server] INFO  org.eclipse.jetty.server.Server - Started oejs.Server@334871dd{STARTING}[12.0.9,sto=0] @5567479ms
2026-01-21 17:44:01,535 [Worker-13: Building] INFO  o.e.m.c.i.l.LifecycleMappingFactory - Using org.eclipse.m2e.jdt.JarLifecycleMapping lifecycle mapping for MavenProject: in.ashokit:06-Ecom-AdminServer:0.0.1-SNAPSHOT @ E:\Full-stack\E_commerce\06-Ecom-AdminServer\pom.xml.
2026-01-21 17:44:07,746 [Worker-14: Updating Maven Project] INFO  o.e.m.c.i.p.ProjectConfigurationManager - Update started
2026-01-21 17:44:07,865 [Worker-14: Updating Maven Project] INFO  o.e.m.c.i.l.LifecycleMappingFactory - Using org.eclipse.m2e.jdt.JarLifecycleMapping lifecycle mapping for MavenProject: in.ashokit:06-Ecom-AdminServer:0.0.1-SNAPSHOT @ E:\Full-stack\E_commerce\06-Ecom-AdminServer\pom.xml.
2026-01-21 17:44:08,226 [Worker-14: Updating Maven Project] INFO  o.e.m.j.i.AbstractJavaProjectConfigurator - Adding resource folder /06-Ecom-AdminServer/src/main/resources
2026-01-21 17:44:08,227 [Worker-14: Updating Maven Project] INFO  o.e.m.j.i.AbstractJavaProjectConfigurator - Adding resource folder /06-Ecom-AdminServer/src/main/resources
2026-01-21 17:44:08,227 [Worker-14: Updating Maven Project] INFO  o.e.m.j.i.AbstractJavaProjectConfigurator - Adding resource folder /06-Ecom-AdminServer/src/test/resources
2026-01-21 17:44:08,474 [Worker-14: Updating Maven Project] INFO  o.e.m.c.i.p.ProjectConfigurationManager - Update completed for 1 poms: local refresh takes 0.00 sec, refresh facades takes 0.00 sec, update config takes 0.00 sec 
2026-01-21 17:46:34,486 [Worker-23: Building] INFO  o.e.m.c.i.l.LifecycleMappingFactory - Using org.eclipse.m2e.jdt.JarLifecycleMapping lifecycle mapping for MavenProject: in.ashokit:06-Ecom-AdminServer:0.0.1-SNAPSHOT @ E:\Full-stack\E_commerce\06-Ecom-AdminServer\pom.xml.
2026-01-21 17:46:34,667 [Worker-23: Building] ERROR o.e.m.c.i.p.ProjectConfigurationManager - Could not read maven project
org.eclipse.core.runtime.CoreException: Could not read maven project
	at org.eclipse.m2e.core.internal.embedder.MavenImpl.lambda$4(MavenImpl.java:371)
	at org.eclipse.m2e.core.internal.embedder.MavenExecutionContext.executeBare(MavenExecutionContext.java:458)
	at org.eclipse.m2e.core.internal.embedder.MavenExecutionContext.execute(MavenExecutionContext.java:292)
	at org.eclipse.m2e.core.internal.embedder.MavenExecutionContext.execute(MavenExecutionContext.java:278)
	at org.eclipse.m2e.core.internal.embedder.MavenImpl.readProject(MavenImpl.java:361)
	at org.eclipse.m2e.mavenarchiver.internal.AbstractMavenArchiverConfigurator.lambda$4(AbstractMavenArchiverConfigurator.java:576)
	at org.eclipse.m2e.core.internal.embedder.MavenExecutionContext.executeBare(MavenExecutionContext.java:458)
	at org.eclipse.m2e.core.internal.embedder.MavenExecutionContext.execute(MavenExecutionContext.java:339)
	at org.eclipse.m2e.mavenarchiver.internal.AbstractMavenArchiverConfigurator.loadParentHierarchy(AbstractMavenArchiverConfigurator.java:568)
	at org.eclipse.m2e.mavenarchiver.internal.AbstractMavenArchiverConfigurator.generateManifest(AbstractMavenArchiverConfigurator.java:365)
	at org.eclipse.m2e.mavenarchiver.internal.AbstractMavenArchiverConfigurator.mavenProjectChanged(AbstractMavenArchiverConfigurator.java:228)
	at org.eclipse.m2e.mavenarchiver.internal.AbstractMavenArchiverConfigurator.mavenProjectChanged(AbstractMavenArchiverConfigurator.java:220)
	at org.eclipse.m2e.core.internal.project.ProjectConfigurationManager.mavenProjectChanged(ProjectConfigurationManager.java:885)
	at org.eclipse.m2e.core.internal.project.registry.ProjectRegistryManager.notifyProjectChangeListeners(ProjectRegistryManager.java:892)
	at org.eclipse.m2e.core.internal.project.registry.ProjectRegistryManager.applyMutableProjectRegistry(ProjectRegistryManager.java:1042)
	at org.eclipse.m2e.core.internal.project.registry.ProjectRegistryManager.refresh(ProjectRegistryManager.java:324)
	at org.eclipse.m2e.core.internal.builder.MavenBuilder$BuildMethod.getProjectFacade(MavenBuilder.java:146)
	at org.eclipse.m2e.core.internal.builder.MavenBuilder$BuildMethod.lambda$0(MavenBuilder.java:84)
	at org.eclipse.m2e.core.internal.embedder.MavenExecutionContext.executeBare(MavenExecutionContext.java:458)
	at org.eclipse.m2e.core.internal.embedder.MavenExecutionContext.execute(MavenExecutionContext.java:339)
	at org.eclipse.m2e.core.internal.embedder.MavenExecutionContext.execute(MavenExecutionContext.java:278)
	at org.eclipse.m2e.core.internal.builder.MavenBuilder$BuildMethod.execute(MavenBuilder.java:83)
	at org.eclipse.m2e.core.internal.builder.MavenBuilder.build(MavenBuilder.java:192)
	at org.eclipse.core.internal.events.BuildManager$2.run(BuildManager.java:1077)
	at org.eclipse.core.runtime.SafeRunner.run(SafeRunner.java:47)
	at org.eclipse.core.internal.events.BuildManager.basicBuild(BuildManager.java:296)
	at org.eclipse.core.internal.events.BuildManager.basicBuild(BuildManager.java:352)
	at org.eclipse.core.internal.events.BuildManager$1.run(BuildManager.java:441)
	at org.eclipse.core.runtime.SafeRunner.run(SafeRunner.java:47)
	at org.eclipse.core.internal.events.BuildManager.basicBuild(BuildManager.java:444)
	at org.eclipse.core.internal.events.BuildManager.basicBuildLoop(BuildManager.java:555)
	at org.eclipse.core.internal.events.BuildManager.basicBuildLoop(BuildManager.java:503)
	at org.eclipse.core.internal.events.BuildManager.build(BuildManager.java:585)
	at org.eclipse.core.internal.events.AutoBuildJob.doBuild(AutoBuildJob.java:207)
	at org.eclipse.core.internal.events.AutoBuildJob.run(AutoBuildJob.java:300)
	at org.eclipse.core.internal.jobs.Worker.run(Worker.java:63)
Caused by: org.apache.maven.project.ProjectBuildingException: 1 problem was encountered while building the effective model
[FATAL] Non-readable POM E:\Full-stack\E_commerce\06-Ecom-AdminServer: E:\Full-stack\E_commerce\06-Ecom-AdminServer (Access is denied) @ 
 for project  at E:\Full-stack\E_commerce\06-Ecom-AdminServer
	at org.apache.maven.project.DefaultProjectBuilder.build(DefaultProjectBuilder.java:180)
	at org.apache.maven.project.DefaultProjectBuilder.build(DefaultProjectBuilder.java:123)
	at org.eclipse.m2e.core.internal.embedder.MavenImpl.lambda$4(MavenImpl.java:369)
	... 35 common frames omitted
Caused by: org.apache.maven.model.building.ModelBuildingException: 1 problem was encountered while building the effective model
[FATAL] Non-readable POM E:\Full-stack\E_commerce\06-Ecom-AdminServer: E:\Full-stack\E_commerce\06-Ecom-AdminServer (Access is denied) @ 

	at org.apache.maven.model.building.DefaultModelProblemCollector.newModelBuildingException(DefaultModelProblemCollector.java:176)
	at org.apache.maven.model.building.DefaultModelBuilder.readModel(DefaultModelBuilder.java:643)
	at org.apache.maven.model.building.DefaultModelBuilder.build(DefaultModelBuilder.java:263)
	at org.apache.maven.model.building.DefaultModelBuilder.build(DefaultModelBuilder.java:249)
	at org.apache.maven.project.DefaultProjectBuilder.build(DefaultProjectBuilder.java:176)
	... 37 common frames omitted
2026-01-21 17:46:50,336 [Worker-21: Updating Maven Project] INFO  o.e.m.c.i.p.ProjectConfigurationManager - Update started
2026-01-21 17:46:50,466 [Worker-21: Updating Maven Project] INFO  o.e.m.c.i.l.LifecycleMappingFactory - Using org.eclipse.m2e.jdt.JarLifecycleMapping lifecycle mapping for MavenProject: in.ashokit:06-Ecom-AdminServer:0.0.1-SNAPSHOT @ E:\Full-stack\E_commerce\06-Ecom-AdminServer\pom.xml.
2026-01-21 17:46:50,640 [Worker-21: Updating Maven Project] ERROR o.e.m.c.i.p.ProjectConfigurationManager - Could not read maven project
org.eclipse.core.runtime.CoreException: Could not read maven project
	at org.eclipse.m2e.core.internal.embedder.MavenImpl.lambda$4(MavenImpl.java:371)
	at org.eclipse.m2e.core.internal.embedder.MavenExecutionContext.executeBare(MavenExecutionContext.java:458)
	at org.eclipse.m2e.core.internal.embedder.MavenExecutionContext.execute(MavenExecutionContext.java:292)
	at org.eclipse.m2e.core.internal.embedder.MavenExecutionContext.execute(MavenExecutionContext.java:278)
	at org.eclipse.m2e.core.internal.embedder.MavenImpl.readProject(MavenImpl.java:361)
	at org.eclipse.m2e.mavenarchiver.internal.AbstractMavenArchiverConfigurator.lambda$4(AbstractMavenArchiverConfigurator.java:576)
	at org.eclipse.m2e.core.internal.embedder.MavenExecutionContext.executeBare(MavenExecutionContext.java:458)
	at org.eclipse.m2e.core.internal.embedder.MavenExecutionContext.execute(MavenExecutionContext.java:339)
	at org.eclipse.m2e.mavenarchiver.internal.AbstractMavenArchiverConfigurator.loadParentHierarchy(AbstractMavenArchiverConfigurator.java:568)
	at org.eclipse.m2e.mavenarchiver.internal.AbstractMavenArchiverConfigurator.generateManifest(AbstractMavenArchiverConfigurator.java:365)
	at org.eclipse.m2e.mavenarchiver.internal.AbstractMavenArchiverConfigurator.mavenProjectChanged(AbstractMavenArchiverConfigurator.java:228)
	at org.eclipse.m2e.mavenarchiver.internal.AbstractMavenArchiverConfigurator.mavenProjectChanged(AbstractMavenArchiverConfigurator.java:220)
	at org.eclipse.m2e.core.internal.project.ProjectConfigurationManager.mavenProjectChanged(ProjectConfigurationManager.java:885)
	at org.eclipse.m2e.core.internal.project.registry.ProjectRegistryManager.notifyProjectChangeListeners(ProjectRegistryManager.java:892)
	at org.eclipse.m2e.core.internal.project.registry.ProjectRegistryManager.applyMutableProjectRegistry(ProjectRegistryManager.java:1042)
	at org.eclipse.m2e.core.internal.project.registry.ProjectRegistryManager.refresh(ProjectRegistryManager.java:324)
	at org.eclipse.m2e.core.internal.project.ProjectConfigurationManager.updateProjectConfiguration0(ProjectConfigurationManager.java:388)
	at org.eclipse.m2e.core.internal.project.ProjectConfigurationManager.lambda$3(ProjectConfigurationManager.java:340)
	at org.eclipse.m2e.core.internal.embedder.MavenExecutionContext.executeBare(MavenExecutionContext.java:458)
	at org.eclipse.m2e.core.internal.embedder.MavenExecutionContext.execute(MavenExecutionContext.java:339)
	at org.eclipse.m2e.core.internal.embedder.MavenExecutionContext.execute(MavenExecutionContext.java:278)
	at org.eclipse.m2e.core.internal.embedder.MavenImpl.execute(MavenImpl.java:1053)
	at org.eclipse.m2e.core.internal.project.ProjectConfigurationManager.updateProjectConfiguration(ProjectConfigurationManager.java:339)
	at org.eclipse.m2e.core.ui.internal.UpdateMavenProjectJob.runInWorkspace(UpdateMavenProjectJob.java:80)
	at org.eclipse.core.internal.resources.InternalWorkspaceJob.run(InternalWorkspaceJob.java:43)
	at org.eclipse.core.internal.jobs.Worker.run(Worker.java:63)
Caused by: org.apache.maven.project.ProjectBuildingException: 1 problem was encountered while building the effective model
[FATAL] Non-readable POM E:\Full-stack\E_commerce\06-Ecom-AdminServer: E:\Full-stack\E_commerce\06-Ecom-AdminServer (Access is denied) @ 
 for project  at E:\Full-stack\E_commerce\06-Ecom-AdminServer
	at org.apache.maven.project.DefaultProjectBuilder.build(DefaultProjectBuilder.java:180)
	at org.apache.maven.project.DefaultProjectBuilder.build(DefaultProjectBuilder.java:123)
	at org.eclipse.m2e.core.internal.embedder.MavenImpl.lambda$4(MavenImpl.java:369)
	... 25 common frames omitted
Caused by: org.apache.maven.model.building.ModelBuildingException: 1 problem was encountered while building the effective model
[FATAL] Non-readable POM E:\Full-stack\E_commerce\06-Ecom-AdminServer: E:\Full-stack\E_commerce\06-Ecom-AdminServer (Access is denied) @ 

	at org.apache.maven.model.building.DefaultModelProblemCollector.newModelBuildingException(DefaultModelProblemCollector.java:176)
	at org.apache.maven.model.building.DefaultModelBuilder.readModel(DefaultModelBuilder.java:643)
	at org.apache.maven.model.building.DefaultModelBuilder.build(DefaultModelBuilder.java:263)
	at org.apache.maven.model.building.DefaultModelBuilder.build(DefaultModelBuilder.java:249)
	at org.apache.maven.project.DefaultProjectBuilder.build(DefaultProjectBuilder.java:176)
	... 27 common frames omitted
2026-01-21 17:46:50,830 [Worker-21: Updating Maven Project] INFO  o.e.m.j.i.AbstractJavaProjectConfigurator - Adding resource folder /06-Ecom-AdminServer/src/main/resources
2026-01-21 17:46:50,831 [Worker-21: Updating Maven Project] INFO  o.e.m.j.i.AbstractJavaProjectConfigurator - Adding resource folder /06-Ecom-AdminServer/src/main/resources
2026-01-21 17:46:50,831 [Worker-21: Updating Maven Project] INFO  o.e.m.j.i.AbstractJavaProjectConfigurator - Adding resource folder /06-Ecom-AdminServer/src/test/resources
2026-01-21 17:46:51,077 [Worker-21: Updating Maven Project] INFO  o.e.m.c.i.p.ProjectConfigurationManager - Update completed for 1 poms: local refresh takes 0.00 sec, refresh facades takes 0.00 sec, update config takes 0.00 sec 
2026-01-21 17:49:28,766 [Worker-14: Building] INFO  o.e.m.c.i.l.LifecycleMappingFactory - Using org.eclipse.m2e.jdt.JarLifecycleMapping lifecycle mapping for MavenProject: in.ashokit:06-Ecom-AdminServer:0.0.1-SNAPSHOT @ E:\Full-stack\E_commerce\06-Ecom-AdminServer\pom.xml.
2026-01-21 17:49:28,936 [Worker-14: Building] ERROR o.e.m.c.i.p.ProjectConfigurationManager - Could not read maven project
org.eclipse.core.runtime.CoreException: Could not read maven project
	at org.eclipse.m2e.core.internal.embedder.MavenImpl.lambda$4(MavenImpl.java:371)
	at org.eclipse.m2e.core.internal.embedder.MavenExecutionContext.executeBare(MavenExecutionContext.java:458)
	at org.eclipse.m2e.core.internal.embedder.MavenExecutionContext.execute(MavenExecutionContext.java:292)
	at org.eclipse.m2e.core.internal.embedder.MavenExecutionContext.execute(MavenExecutionContext.java:278)
	at org.eclipse.m2e.core.internal.embedder.MavenImpl.readProject(MavenImpl.java:361)
	at org.eclipse.m2e.mavenarchiver.internal.AbstractMavenArchiverConfigurator.lambda$4(AbstractMavenArchiverConfigurator.java:576)
	at org.eclipse.m2e.core.internal.embedder.MavenExecutionContext.executeBare(MavenExecutionContext.java:458)
	at org.eclipse.m2e.core.internal.embedder.MavenExecutionContext.execute(MavenExecutionContext.java:339)
	at org.eclipse.m2e.mavenarchiver.internal.AbstractMavenArchiverConfigurator.loadParentHierarchy(AbstractMavenArchiverConfigurator.java:568)
	at org.eclipse.m2e.mavenarchiver.internal.AbstractMavenArchiverConfigurator.generateManifest(AbstractMavenArchiverConfigurator.java:365)
	at org.eclipse.m2e.mavenarchiver.internal.AbstractMavenArchiverConfigurator.mavenProjectChanged(AbstractMavenArchiverConfigurator.java:228)
	at org.eclipse.m2e.mavenarchiver.internal.AbstractMavenArchiverConfigurator.mavenProjectChanged(AbstractMavenArchiverConfigurator.java:220)
	at org.eclipse.m2e.core.internal.project.ProjectConfigurationManager.mavenProjectChanged(ProjectConfigurationManager.java:885)
	at org.eclipse.m2e.core.internal.project.registry.ProjectRegistryManager.notifyProjectChangeListeners(ProjectRegistryManager.java:892)
	at org.eclipse.m2e.core.internal.project.registry.ProjectRegistryManager.applyMutableProjectRegistry(ProjectRegistryManager.java:1042)
	at org.eclipse.m2e.core.internal.project.registry.ProjectRegistryManager.refresh(ProjectRegistryManager.java:324)
	at org.eclipse.m2e.core.internal.builder.MavenBuilder$BuildMethod.getProjectFacade(MavenBuilder.java:146)
	at org.eclipse.m2e.core.internal.builder.MavenBuilder$BuildMethod.lambda$0(MavenBuilder.java:84)
	at org.eclipse.m2e.core.internal.embedder.MavenExecutionContext.executeBare(MavenExecutionContext.java:458)
	at org.eclipse.m2e.core.internal.embedder.MavenExecutionContext.execute(MavenExecutionContext.java:339)
	at org.eclipse.m2e.core.internal.embedder.MavenExecutionContext.execute(MavenExecutionContext.java:278)
	at org.eclipse.m2e.core.internal.builder.MavenBuilder$BuildMethod.execute(MavenBuilder.java:83)
	at org.eclipse.m2e.core.internal.builder.MavenBuilder.build(MavenBuilder.java:192)
	at org.eclipse.core.internal.events.BuildManager$2.run(BuildManager.java:1077)
	at org.eclipse.core.runtime.SafeRunner.run(SafeRunner.java:47)
	at org.eclipse.core.internal.events.BuildManager.basicBuild(BuildManager.java:296)
	at org.eclipse.core.internal.events.BuildManager.basicBuild(BuildManager.java:352)
	at org.eclipse.core.internal.events.BuildManager$1.run(BuildManager.java:441)
	at org.eclipse.core.runtime.SafeRunner.run(SafeRunner.java:47)
	at org.eclipse.core.internal.events.BuildManager.basicBuild(BuildManager.java:444)
	at org.eclipse.core.internal.events.BuildManager.basicBuildLoop(BuildManager.java:555)
	at org.eclipse.core.internal.events.BuildManager.basicBuildLoop(BuildManager.java:503)
	at org.eclipse.core.internal.events.BuildManager.build(BuildManager.java:585)
	at org.eclipse.core.internal.events.AutoBuildJob.doBuild(AutoBuildJob.java:207)
	at org.eclipse.core.internal.events.AutoBuildJob.run(AutoBuildJob.java:300)
	at org.eclipse.core.internal.jobs.Worker.run(Worker.java:63)
Caused by: org.apache.maven.project.ProjectBuildingException: 1 problem was encountered while building the effective model
[FATAL] Non-readable POM E:\Full-stack\E_commerce\06-Ecom-AdminServer: E:\Full-stack\E_commerce\06-Ecom-AdminServer (Access is denied) @ 
 for project  at E:\Full-stack\E_commerce\06-Ecom-AdminServer
	at org.apache.maven.project.DefaultProjectBuilder.build(DefaultProjectBuilder.java:180)
	at org.apache.maven.project.DefaultProjectBuilder.build(DefaultProjectBuilder.java:123)
	at org.eclipse.m2e.core.internal.embedder.MavenImpl.lambda$4(MavenImpl.java:369)
	... 35 common frames omitted
Caused by: org.apache.maven.model.building.ModelBuildingException: 1 problem was encountered while building the effective model
[FATAL] Non-readable POM E:\Full-stack\E_commerce\06-Ecom-AdminServer: E:\Full-stack\E_commerce\06-Ecom-AdminServer (Access is denied) @ 

	at org.apache.maven.model.building.DefaultModelProblemCollector.newModelBuildingException(DefaultModelProblemCollector.java:176)
	at org.apache.maven.model.building.DefaultModelBuilder.readModel(DefaultModelBuilder.java:643)
	at org.apache.maven.model.building.DefaultModelBuilder.build(DefaultModelBuilder.java:263)
	at org.apache.maven.model.building.DefaultModelBuilder.build(DefaultModelBuilder.java:249)
	at org.apache.maven.project.DefaultProjectBuilder.build(DefaultProjectBuilder.java:176)
	... 37 common frames omitted
2026-01-21 17:50:10,267 [Worker-28: Building] INFO  o.e.m.c.i.e.AbstractTransferListenerAdapter - Downloading https://repo.maven.apache.org/maven2/de/codecentric/spring-boot-admin-dependencies/3.3.4/spring-boot-admin-dependencies-3.3.4.pom
2026-01-21 17:50:10,305 [Worker-28: Building] INFO  o.e.m.c.i.e.AbstractTransferListenerAdapter - Downloaded https://repo.maven.apache.org/maven2/de/codecentric/spring-boot-admin-dependencies/3.3.4/spring-boot-admin-dependencies-3.3.4.pom
2026-01-21 17:50:10,524 [Worker-28: Building] INFO  o.e.m.c.i.l.LifecycleMappingFactory - Using org.eclipse.m2e.jdt.JarLifecycleMapping lifecycle mapping for MavenProject: in.ashokit:06-Ecom-AdminServer:0.0.1-SNAPSHOT @ E:\Full-stack\E_commerce\06-Ecom-AdminServer\pom.xml.
2026-01-21 17:50:10,636 [Worker-28: Building] INFO  o.e.m.c.i.e.AbstractTransferListenerAdapter - Downloading https://repo.maven.apache.org/maven2/de/codecentric/spring-boot-admin-starter-server/3.3.4/spring-boot-admin-starter-server-3.3.4.pom
2026-01-21 17:50:10,664 [Worker-28: Building] INFO  o.e.m.c.i.e.AbstractTransferListenerAdapter - Downloaded https://repo.maven.apache.org/maven2/de/codecentric/spring-boot-admin-starter-server/3.3.4/spring-boot-admin-starter-server-3.3.4.pom
2026-01-21 17:50:10,706 [Worker-28: Building] INFO  o.e.m.c.i.e.AbstractTransferListenerAdapter - Downloading https://repo.maven.apache.org/maven2/de/codecentric/spring-boot-admin-build/3.3.4/spring-boot-admin-build-3.3.4.pom
2026-01-21 17:50:10,736 [Worker-28: Building] INFO  o.e.m.c.i.e.AbstractTransferListenerAdapter - Downloaded https://repo.maven.apache.org/maven2/de/codecentric/spring-boot-admin-build/3.3.4/spring-boot-admin-build-3.3.4.pom
2026-01-21 17:50:10,782 [Worker-28: Building] INFO  o.e.m.c.i.e.AbstractTransferListenerAdapter - Downloading https://repo.maven.apache.org/maven2/de/codecentric/spring-boot-admin-server/3.3.4/spring-boot-admin-server-3.3.4.pom
2026-01-21 17:50:10,812 [Worker-28: Building] INFO  o.e.m.c.i.e.AbstractTransferListenerAdapter - Downloaded https://repo.maven.apache.org/maven2/de/codecentric/spring-boot-admin-server/3.3.4/spring-boot-admin-server-3.3.4.pom
2026-01-21 17:50:11,303 [Worker-28: Building] INFO  o.e.m.c.i.e.AbstractTransferListenerAdapter - Downloading https://repo.maven.apache.org/maven2/de/codecentric/spring-boot-admin-server-ui/3.3.4/spring-boot-admin-server-ui-3.3.4.pom
2026-01-21 17:50:11,332 [Worker-28: Building] INFO  o.e.m.c.i.e.AbstractTransferListenerAdapter - Downloaded https://repo.maven.apache.org/maven2/de/codecentric/spring-boot-admin-server-ui/3.3.4/spring-boot-admin-server-ui-3.3.4.pom
2026-01-21 17:50:11,374 [Worker-28: Building] INFO  o.e.m.c.i.e.AbstractTransferListenerAdapter - Downloading https://repo.maven.apache.org/maven2/de/codecentric/spring-boot-admin-server-cloud/3.3.4/spring-boot-admin-server-cloud-3.3.4.pom
2026-01-21 17:50:11,401 [Worker-28: Building] INFO  o.e.m.c.i.e.AbstractTransferListenerAdapter - Downloaded https://repo.maven.apache.org/maven2/de/codecentric/spring-boot-admin-server-cloud/3.3.4/spring-boot-admin-server-cloud-3.3.4.pom
2026-01-21 17:50:11,644 [Worker-28: Building] INFO  o.e.m.c.i.e.AbstractTransferListenerAdapter - Downloading https://repo.maven.apache.org/maven2/de/codecentric/spring-boot-admin-starter-server/3.3.4/spring-boot-admin-starter-server-3.3.4.jar
2026-01-21 17:50:11,693 [Worker-28: Building] INFO  o.e.m.c.i.e.AbstractTransferListenerAdapter - Downloaded https://repo.maven.apache.org/maven2/de/codecentric/spring-boot-admin-starter-server/3.3.4/spring-boot-admin-starter-server-3.3.4.jar
2026-01-21 17:50:11,734 [BasicRepositoryConnector-repo.maven.apache.org-0-2] INFO  o.e.m.c.i.e.AbstractTransferListenerAdapter - Downloading https://repo.maven.apache.org/maven2/de/codecentric/spring-boot-admin-server-cloud/3.3.4/spring-boot-admin-server-cloud-3.3.4.jar
2026-01-21 17:50:11,784 [BasicRepositoryConnector-repo.maven.apache.org-0-1] INFO  o.e.m.c.i.e.AbstractTransferListenerAdapter - Downloading https://repo.maven.apache.org/maven2/de/codecentric/spring-boot-admin-server-ui/3.3.4/spring-boot-admin-server-ui-3.3.4.jar
2026-01-21 17:50:12,031 [BasicRepositoryConnector-repo.maven.apache.org-0-2] INFO  o.e.m.c.i.e.AbstractTransferListenerAdapter - Downloaded https://repo.maven.apache.org/maven2/de/codecentric/spring-boot-admin-server-cloud/3.3.4/spring-boot-admin-server-cloud-3.3.4.jar
2026-01-21 17:50:12,104 [BasicRepositoryConnector-repo.maven.apache.org-0-1] INFO  o.e.m.c.i.e.AbstractTransferListenerAdapter - Downloaded https://repo.maven.apache.org/maven2/de/codecentric/spring-boot-admin-server-ui/3.3.4/spring-boot-admin-server-ui-3.3.4.jar
2026-01-21 17:50:21,795 [BasicRepositoryConnector-repo.maven.apache.org-0-0] INFO  o.e.m.c.i.e.AbstractTransferListenerAdapter - Downloading https://repo.maven.apache.org/maven2/de/codecentric/spring-boot-admin-server/3.3.4/spring-boot-admin-server-3.3.4.jar
2026-01-21 17:50:21,903 [BasicRepositoryConnector-repo.maven.apache.org-0-0] INFO  o.e.m.c.i.e.AbstractTransferListenerAdapter - Downloaded https://repo.maven.apache.org/maven2/de/codecentric/spring-boot-admin-server/3.3.4/spring-boot-admin-server-3.3.4.jar
2026-01-21 17:50:24,048 [Worker-28: Building] INFO  o.a.m.s.f.DefaultMavenResourcesFiltering - Copying 0 resource from src\main\resources to target\classes
2026-01-21 17:50:24,049 [Worker-28: Building] INFO  o.a.m.s.f.DefaultMavenResourcesFiltering - Copying 0 resource from src\main\resources to target\classes
2026-01-21 17:50:24,051 [Worker-28: Building] INFO  o.a.m.s.f.DefaultMavenResourcesFiltering - skip non existing resourceDirectory E:\Full-stack\E_commerce\06-Ecom-AdminServer\src\test\resources
2026-01-21 17:50:25,268 [Worker-29: Download sources and javadoc] INFO  o.e.m.c.i.e.AbstractTransferListenerAdapter - Downloaded https://repo.maven.apache.org/maven2/de/codecentric/spring-boot-admin-starter-server/3.3.4/spring-boot-admin-starter-server-3.3.4-sources.jar
2026-01-21 17:50:25,271 [Worker-29: Download sources and javadoc] ERROR o.e.m.j.internal.DownloadSourcesJob - Could not download sources for de.codecentric:spring-boot-admin-starter-server:3.3.4
org.eclipse.core.runtime.CoreException: Could not resolve artifact de.codecentric:spring-boot-admin-starter-server:jar:sources:3.3.4
	at org.eclipse.m2e.core.internal.embedder.MavenImpl.lambda$7(MavenImpl.java:540)
	at org.eclipse.m2e.core.internal.embedder.MavenExecutionContext.executeBare(MavenExecutionContext.java:458)
	at org.eclipse.m2e.core.internal.embedder.MavenExecutionContext.execute(MavenExecutionContext.java:292)
	at org.eclipse.m2e.core.internal.embedder.MavenExecutionContext.execute(MavenExecutionContext.java:278)
	at org.eclipse.m2e.core.internal.embedder.MavenImpl.resolve(MavenImpl.java:509)
	at org.eclipse.m2e.core.internal.embedder.MavenImpl.resolve(MavenImpl.java:494)
	at org.eclipse.m2e.jdt.internal.DownloadSourcesJob.download(DownloadSourcesJob.java:308)
	at org.eclipse.m2e.jdt.internal.DownloadSourcesJob.downloadAttachments(DownloadSourcesJob.java:282)
	at org.eclipse.m2e.jdt.internal.DownloadSourcesJob.downloadMaven(DownloadSourcesJob.java:252)
	at org.eclipse.m2e.jdt.internal.DownloadSourcesJob.downloadFilesAndPopulateToUpdate(DownloadSourcesJob.java:220)
	at org.eclipse.m2e.jdt.internal.DownloadSourcesJob.lambda$0(DownloadSourcesJob.java:149)
	at org.eclipse.m2e.core.internal.embedder.MavenExecutionContext.executeBare(MavenExecutionContext.java:458)
	at org.eclipse.m2e.core.internal.embedder.MavenExecutionContext.execute(MavenExecutionContext.java:339)
	at org.eclipse.m2e.core.internal.embedder.MavenExecutionContext.execute(MavenExecutionContext.java:278)
	at org.eclipse.m2e.core.embedder.IMaven.execute(IMaven.java:300)
	at org.eclipse.m2e.jdt.internal.DownloadSourcesJob.run(DownloadSourcesJob.java:149)
	at org.eclipse.core.internal.jobs.Worker.run(Worker.java:63)
2026-01-21 17:50:25,336 [Worker-28: Building] INFO  o.a.m.s.f.DefaultMavenResourcesFiltering - Copying 1 resource from src\main\resources to target\classes
2026-01-21 17:50:25,348 [Worker-28: Building] INFO  o.a.m.s.f.DefaultMavenResourcesFiltering - Copying 0 resource from src\main\resources to target\classes
2026-01-21 17:50:25,350 [Worker-28: Building] INFO  o.a.m.s.f.DefaultMavenResourcesFiltering - skip non existing resourceDirectory E:\Full-stack\E_commerce\06-Ecom-AdminServer\src\test\resources
2026-01-21 17:50:25,377 [Worker-29: Download sources and javadoc] INFO  o.e.m.c.i.e.AbstractTransferListenerAdapter - Downloading https://repo.maven.apache.org/maven2/de/codecentric/spring-boot-admin-server/3.3.4/spring-boot-admin-server-3.3.4-sources.jar
2026-01-21 17:50:25,463 [Worker-29: Download sources and javadoc] INFO  o.e.m.c.i.e.AbstractTransferListenerAdapter - Downloaded https://repo.maven.apache.org/maven2/de/codecentric/spring-boot-admin-server/3.3.4/spring-boot-admin-server-3.3.4-sources.jar
2026-01-21 17:50:25,468 [Worker-29: Download sources and javadoc] INFO  o.e.m.j.internal.DownloadSourcesJob - Downloaded sources for de.codecentric:spring-boot-admin-server:3.3.4
2026-01-21 17:50:25,571 [Worker-29: Download sources and javadoc] INFO  o.e.m.c.i.e.AbstractTransferListenerAdapter - Downloading https://repo.maven.apache.org/maven2/de/codecentric/spring-boot-admin-server-ui/3.3.4/spring-boot-admin-server-ui-3.3.4-sources.jar
2026-01-21 17:50:25,779 [Worker-29: Download sources and javadoc] INFO  o.e.m.c.i.e.AbstractTransferListenerAdapter - Downloaded https://repo.maven.apache.org/maven2/de/codecentric/spring-boot-admin-server-ui/3.3.4/spring-boot-admin-server-ui-3.3.4-sources.jar
2026-01-21 17:50:25,782 [Worker-29: Download sources and javadoc] INFO  o.e.m.j.internal.DownloadSourcesJob - Downloaded sources for de.codecentric:spring-boot-admin-server-ui:3.3.4
2026-01-21 17:50:25,904 [Worker-29: Download sources and javadoc] INFO  o.e.m.c.i.e.AbstractTransferListenerAdapter - Downloading https://repo.maven.apache.org/maven2/de/codecentric/spring-boot-admin-server-cloud/3.3.4/spring-boot-admin-server-cloud-3.3.4-sources.jar
2026-01-21 17:50:26,107 [Worker-29: Download sources and javadoc] INFO  o.e.m.c.i.e.AbstractTransferListenerAdapter - Downloaded https://repo.maven.apache.org/maven2/de/codecentric/spring-boot-admin-server-cloud/3.3.4/spring-boot-admin-server-cloud-3.3.4-sources.jar
2026-01-21 17:50:26,109 [Worker-29: Download sources and javadoc] INFO  o.e.m.j.internal.DownloadSourcesJob - Downloaded sources for de.codecentric:spring-boot-admin-server-cloud:3.3.4
2026-01-21 17:50:39,573 [Worker-19: Updating Maven Project] INFO  o.e.m.c.i.p.ProjectConfigurationManager - Update started
2026-01-21 17:50:39,824 [Worker-19: Updating Maven Project] INFO  o.e.m.c.i.l.LifecycleMappingFactory - Using org.eclipse.m2e.jdt.JarLifecycleMapping lifecycle mapping for MavenProject: in.ashokit:06-Ecom-AdminServer:0.0.1-SNAPSHOT @ E:\Full-stack\E_commerce\06-Ecom-AdminServer\pom.xml.
2026-01-21 17:50:40,412 [Worker-19: Updating Maven Project] INFO  o.e.m.j.i.AbstractJavaProjectConfigurator - Adding source folder /06-Ecom-AdminServer/src/main/java
2026-01-21 17:50:40,413 [Worker-19: Updating Maven Project] INFO  o.e.m.j.i.AbstractJavaProjectConfigurator - Adding resource folder /06-Ecom-AdminServer/src/main/resources
2026-01-21 17:50:40,413 [Worker-19: Updating Maven Project] INFO  o.e.m.j.i.AbstractJavaProjectConfigurator - Adding resource folder /06-Ecom-AdminServer/src/main/resources
2026-01-21 17:50:40,413 [Worker-19: Updating Maven Project] INFO  o.e.m.j.i.AbstractJavaProjectConfigurator - Adding source folder /06-Ecom-AdminServer/src/test/java
2026-01-21 17:50:40,414 [Worker-19: Updating Maven Project] INFO  o.e.m.j.i.AbstractJavaProjectConfigurator - Adding resource folder /06-Ecom-AdminServer/src/test/resources
2026-01-21 17:50:40,764 [Worker-19: Updating Maven Project] INFO  o.e.m.c.i.p.ProjectConfigurationManager - Update completed for 1 poms: local refresh takes 0.00 sec, refresh facades takes 0.00 sec, update config takes 0.00 sec 
2026-01-21 17:50:41,068 [Worker-27: Building] INFO  o.a.m.s.f.DefaultMavenResourcesFiltering - Copying 1 resource from src\main\resources to target\classes
2026-01-21 17:50:41,084 [Worker-27: Building] INFO  o.a.m.s.f.DefaultMavenResourcesFiltering - Copying 0 resource from src\main\resources to target\classes
2026-01-21 17:50:41,087 [Worker-27: Building] INFO  o.a.m.s.f.DefaultMavenResourcesFiltering - skip non existing resourceDirectory E:\Full-stack\E_commerce\06-Ecom-AdminServer\src\test\resources
2026-01-21 17:50:42,079 [Worker-27: Download sources and javadoc] INFO  o.e.m.c.i.e.AbstractTransferListenerAdapter - Downloaded https://repo.maven.apache.org/maven2/de/codecentric/spring-boot-admin-starter-server/3.3.4/spring-boot-admin-starter-server-3.3.4-javadoc.jar
2026-01-21 17:50:42,082 [Worker-27: Download sources and javadoc] ERROR o.e.m.j.internal.DownloadSourcesJob - Could not download javadoc for de.codecentric:spring-boot-admin-starter-server:3.3.4
org.eclipse.core.runtime.CoreException: Could not resolve artifact de.codecentric:spring-boot-admin-starter-server:jar:javadoc:3.3.4
	at org.eclipse.m2e.core.internal.embedder.MavenImpl.lambda$7(MavenImpl.java:540)
	at org.eclipse.m2e.core.internal.embedder.MavenExecutionContext.executeBare(MavenExecutionContext.java:458)
	at org.eclipse.m2e.core.internal.embedder.MavenExecutionContext.execute(MavenExecutionContext.java:292)
	at org.eclipse.m2e.core.internal.embedder.MavenExecutionContext.execute(MavenExecutionContext.java:278)
	at org.eclipse.m2e.core.internal.embedder.MavenImpl.resolve(MavenImpl.java:509)
	at org.eclipse.m2e.core.internal.embedder.MavenImpl.resolve(MavenImpl.java:494)
	at org.eclipse.m2e.jdt.internal.DownloadSourcesJob.download(DownloadSourcesJob.java:308)
	at org.eclipse.m2e.jdt.internal.DownloadSourcesJob.downloadAttachments(DownloadSourcesJob.java:294)
	at org.eclipse.m2e.jdt.internal.DownloadSourcesJob.downloadMaven(DownloadSourcesJob.java:252)
	at org.eclipse.m2e.jdt.internal.DownloadSourcesJob.downloadFilesAndPopulateToUpdate(DownloadSourcesJob.java:220)
	at org.eclipse.m2e.jdt.internal.DownloadSourcesJob.lambda$0(DownloadSourcesJob.java:149)
	at org.eclipse.m2e.core.internal.embedder.MavenExecutionContext.executeBare(MavenExecutionContext.java:458)
	at org.eclipse.m2e.core.internal.embedder.MavenExecutionContext.execute(MavenExecutionContext.java:339)
	at org.eclipse.m2e.core.internal.embedder.MavenExecutionContext.execute(MavenExecutionContext.java:278)
	at org.eclipse.m2e.core.embedder.IMaven.execute(IMaven.java:300)
	at org.eclipse.m2e.jdt.internal.DownloadSourcesJob.run(DownloadSourcesJob.java:149)
	at org.eclipse.core.internal.jobs.Worker.run(Worker.java:63)
2026-01-21 17:50:47,271 [Worker-14: Building] INFO  o.a.m.s.f.DefaultMavenResourcesFiltering - Copying 1 resource from src\main\resources to target\classes
2026-01-21 17:50:47,277 [Worker-14: Building] INFO  o.a.m.s.f.DefaultMavenResourcesFiltering - Copying 0 resource from src\main\resources to target\classes
2026-01-21 17:50:47,280 [Worker-14: Building] INFO  o.a.m.s.f.DefaultMavenResourcesFiltering - skip non existing resourceDirectory E:\Full-stack\E_commerce\06-Ecom-AdminServer\src\test\resources
2026-01-21 17:54:23,553 [Worker-32: Building] INFO  o.a.m.s.f.DefaultMavenResourcesFiltering - Copying 1 resource from src\main\resources to target\classes
2026-01-21 17:54:23,559 [Worker-32: Building] INFO  o.a.m.s.f.DefaultMavenResourcesFiltering - Copying 0 resource from src\main\resources to target\classes
2026-01-21 17:54:23,561 [Worker-32: Building] INFO  o.a.m.s.f.DefaultMavenResourcesFiltering - skip non existing resourceDirectory E:\Full-stack\E_commerce\06-Ecom-AdminServer\src\test\resources
2026-01-21 17:54:40,734 [Stop Help Server] INFO  org.eclipse.jetty.server.Server - Stopped oejs.Server@334871dd{STOPPING}[12.0.9,sto=0]
2026-01-21 17:54:40,738 [Stop Help Server] INFO  o.e.jetty.server.AbstractConnector - Stopped ServerConnector@4126068a{HTTP/1.1, (http/1.1)}{127.0.0.1:0}
2026-01-21 17:55:00,404 [Worker-6: Loading available Gradle versions] INFO  o.e.b.c.i.u.g.PublishedGradleVersions - Gradle version information cache is up-to-date. Trying to read.
